genus_lower,phylum,kingdom,n_samples,median_temp_range_C,median_soil_ph,ko_per_mb_tier1_z,ko_per_mb_tier2_z,genome_mb_z,mean_levins_B_std
achromobacter,Proteobacteria,Bacteria,18180,90.0,70.0,2.604987292693883,0.1491916117104496,1.067780231000702,0.0295257228958886
actinotalea,Actinobacteria,Bacteria,11590,80.0,65.0,-1.0946610468568774,-0.0625548018893579,-0.516073536240249,0.0444304413522865
anaerostipes,Firmicutes,Bacteria,269,68.0,59.0,-0.3843311372940071,-0.8308532326489966,-0.8174706783458514,0.1198311426652594
hyphomonas,Proteobacteria,Bacteria,33734,61.0,69.0,1.8751958702304448,2.112380830597646,-0.5527557717050339,0.1383124450869625
marinomonas,Proteobacteria,Bacteria,6535,63.0,65.0,0.0306673155526799,-0.5616971095160836,-0.08784918532647086,0.0549450549450549
niastella,Bacteroidetes,Bacteria,45883,99.0,66.0,-0.7994625455459399,-1.7428066517354208,2.292277206215549,0.0897796378595089
sulfurospirillum,Proteobacteria,Bacteria,1488,43.0,63.0,-0.482222517901446,-0.0999847219678229,-1.0600757590470944,0.0008671066893202
aurantimonas,Proteobacteria,Bacteria,1685,79.0,59.0,-0.1737546701961899,-0.1816286951649117,0.031318727670240784,0.0026290247266024
desulfococcus,Proteobacteria,Bacteria,363,61.0,65.0,-1.0669740764324365,-0.97556269740858,-0.025725614839742873,0.0857391434212761
pandoraea,Proteobacteria,Bacteria,801,78.0,59.0,0.7582973697032155,0.3867794005833517,0.5614266414460247,0.0661924402733774
streptacidiphilus,Actinobacteria,Bacteria,3945,90.0,53.0,-1.2304152069938397,-0.8777698661497426,2.7667294678754857,0.1581227504598586
ureibacillus,Firmicutes,Bacteria,441,80.0,57.0,-0.3243613770548872,1.0571110394733385,-0.3728667044151244,0.0046457546424716
aeromicrobium,Actinobacteria,Bacteria,37982,99.0,65.0,-0.6953555017595807,0.7545282480903981,-0.5122916935550109,0.2829512602643273
actinocatenispora,Actinobacteria,Bacteria,643,91.0,70.0,-1.3686896002950617,-1.0329992973690725,1.344309880640176,0.2296592490578241
anoxybacillus,Firmicutes,Bacteria,4463,76.0,65.0,-0.4619660583530457,2.829682742341824,-0.9279074759966005,0.1788759352705759
orientia,Proteobacteria,Bacteria,67,157.0,65.0,-1.5886653265272186,-1.4782500717743243,-1.3143510652210635,0.175829611331765
kordiimonas,Proteobacteria,Bacteria,3883,70.0,63.0,-0.010313881852371,-0.4689312882535212,-0.2187456534225667,0.1252949434007347
nevskia,Proteobacteria,Bacteria,3366,79.0,56.0,0.247689814447569,-0.3212886370385842,-0.1507645795873279,0.0688830185957415
rhodopirellula,Planctomycetes,Bacteria,16386,63.0,70.0,-0.2269607825533942,-0.5353529195831693,1.5308468995555042,0.2108654423546689
acaryochloris,Cyanobacteria,Bacteria,1155,57.0,66.0,-0.5465845467239592,-1.0217176706939066,0.8953001826165896,0.1934207777387699
parvibaculum,Proteobacteria,Bacteria,20252,99.0,66.0,0.7592505519991426,0.1730696017787437,-0.4626111541843947,0.0753056414480967
aneurinibacillus,Firmicutes,Bacteria,12339,101.0,60.0,-0.6371110668746396,0.277155669875218,0.2879924155405347,0.3379069356971824
enterococcus,Firmicutes,Bacteria,7758,79.0,59.0,-0.3185034838297204,-0.3608893233708097,-0.7896868566052871,0.02899083601767
owenweeksia,Bacteroidetes,Bacteria,2471,163.0,83.0,0.984388413326236,1.7295365654045438,-0.31198757025930296,0.1356786715317926
brachybacterium,Actinobacteria,Bacteria,1381,79.0,59.0,-0.730269586131551,0.1219489890495042,-0.47292342713033486,0.1498384911951651
chitinimonas,Proteobacteria,Bacteria,6829,78.0,62.0,-0.9602520016791452,-1.0837561679393375,0.22631783214261278,0.0730036777052429
kaistia,Proteobacteria,Bacteria,7196,80.0,57.0,-0.8457181568547093,-0.8992855676238443,0.3758588893936413,0.040767893875558
kineococcus,Actinobacteria,Bacteria,17478,99.0,66.0,-1.111852725099333,-0.0479869147846712,0.19619881447906007,0.1125934732037367
marinilactibacillus,Firmicutes,Bacteria,73,63.0,65.0,-0.235757710478199,0.3252429252856785,-1.0197617270564652,0.0139041966935141
methylovirgula,Proteobacteria,Bacteria,8566,62.0,58.0,-0.8882468087400893,0.1603255778013778,-0.6273788571954514,0.3060677978109171
novosphingobium,Proteobacteria,Bacteria,55569,79.0,63.0,1.4182593316756584,0.7390441775855546,-0.05409780739867291,0.2482309593950236
pelosinus,Firmicutes,Bacteria,8553,80.0,57.0,-0.764431544207328,0.6798488502080694,0.3524510157777705,0.1756795096588666
psychroflexus,Bacteroidetes,Bacteria,34,156.0,81.0,-0.1546806135042237,-0.4969339889527715,-0.8967189161971053,0.0004471261126547
rhodobium,Proteobacteria,Bacteria,707,101.0,65.0,-0.3934581188192834,-0.6521225305174413,0.36087118576218963,0.0488465879801063
saccharopolyspora,Actinobacteria,Bacteria,4394,90.0,63.0,-0.8160495398222803,-0.2707848238891093,1.596624333732425,0.0710998291819734
winogradskyella,Bacteroidetes,Bacteria,10577,77.0,79.0,-0.1074775059808255,0.0105705253691793,-0.5249197286774827,0.1160110061723804
acinetobacter,Proteobacteria,Bacteria,34616,91.0,62.0,2.1947681366779865,2.228562222944176,-0.30913564910547914,0.2010323575910975
arthrobacter,Actinobacteria,Bacteria,26384,91.0,63.0,-0.6964176735780293,0.574224755003773,0.017889714796409377,0.228490091445183
geobacter,Proteobacteria,Bacteria,30916,76.0,62.0,0.7420330225590838,0.959584933894916,-0.492400982761611,0.1477829816931149
geodermatophilus,Actinobacteria,Bacteria,28948,71.0,63.0,-1.095980883390416,-0.2821138512909492,0.5292002934900658,0.1251290916680086
kitasatospora,Actinobacteria,Bacteria,1775,76.0,58.0,-1.182738280252736,-0.4045536526753288,2.262826401736549,0.2438797336269874
psychromonas,Proteobacteria,Bacteria,6101,57.0,63.0,0.2707451050048049,-0.1492683758589686,-0.1784495475010919,0.0106066908898777
rickettsia,Proteobacteria,Bacteria,23284,91.0,61.0,-0.5848978820780751,-1.9611677154209088,-1.6833049587063538,0.2889927325224207
alcanivorax,Proteobacteria,Bacteria,8742,82.0,69.0,2.113488063217672,2.150653388832448,-0.5076994334129806,0.1827968564969317
blastococcus,Actinobacteria,Bacteria,21048,98.0,66.0,-0.8984581070088448,0.3127095425987208,-0.007343064867354724,0.1990024665273048
bordetella,Proteobacteria,Bacteria,2499,101.0,65.0,3.0061535023431283,1.548581012065113,-0.16382920768602732,0.1818005103658375
dietzia,Actinobacteria,Bacteria,9702,79.0,59.0,0.3454730218808644,0.9610444433545996,-0.49330390072731545,0.3938510469122714
haemophilus,Proteobacteria,Bacteria,1434,79.0,59.0,1.5481991234995496,-0.965772192880667,-1.3901609201554097,0.3415326395458846
neisseria,Proteobacteria,Bacteria,1896,79.0,59.0,1.3355091076169232,1.0837228573177995,-1.235362958789314,0.1100846056598268
saccharospirillum,Proteobacteria,Bacteria,746,61.0,69.0,0.4893948948539022,-0.7571049201065423,-0.4104672035312408,0.0576520185446859
telmatospirillum,Proteobacteria,Bacteria,7378,83.0,56.0,0.4117559444877956,-0.2835616465708412,0.8959129152510079,0.0760843635443731
aeromonas,Proteobacteria,Bacteria,5331,79.0,59.0,0.9764843431072482,0.0508594916224544,0.12474120026793223,0.0932593229614572
halorhodospira,Proteobacteria,Bacteria,646,57.0,65.0,-0.5710352709827021,-0.605877052988271,-0.9061969313570627,0.0212216074981375
lewinella,Bacteroidetes,Bacteria,5366,57.0,70.0,-0.747277181104595,-1.418313129660914,0.5403258365229661,0.0115013653890744
methylovorus,Proteobacteria,Bacteria,11565,87.0,68.0,2.844433887102394,0.4241230752979333,-0.8112173997227552,0.1596145789694177
nannocystis,Proteobacteria,Bacteria,26587,80.0,63.0,-1.064406319311536,-1.6133874978004783,3.0911056635932908,0.3317393716003435
ochrobactrum,Proteobacteria,Bacteria,2838,80.0,64.0,1.7975626884895606,0.8235645967127453,0.1894905087424812,0.0752346274167906
propionibacterium,Actinobacteria,Bacteria,622,57.0,56.0,-0.8647870719986455,-0.2304623076138037,-0.9675046559812082,0.2452281455072748
pseudofulvimonas,Proteobacteria,Bacteria,2732,107.0,70.0,0.0548725939419522,-0.1546730377580374,-0.5125022599736261,0.2333830104321907
singulisphaera,Planctomycetes,Bacteria,50898,76.0,63.0,-0.7988290254697376,-1.4598283677636157,2.807647374859144,0.0711291095270898
sulfuricurvum,Proteobacteria,Bacteria,8285,71.0,66.0,0.4475515639933685,-0.3536184066002181,-1.3096186495740476,0.0950103699957377
thalassobaculum,Proteobacteria,Bacteria,5916,57.0,55.0,0.0315444452728134,-0.1980418427842088,0.4001692793307261,0.0685817176050596
caenispirillum,Proteobacteria,Bacteria,1185,69.0,70.0,0.3732773686314324,0.1160703083483188,-0.2936898333998874,0.0070070842982597
ralstonia,Proteobacteria,Bacteria,4579,81.0,65.0,2.8029692570079705,2.189875560163662,0.5322688946461527,0.1412043132851458
alicyclobacillus,Firmicutes,Bacteria,8470,72.0,58.0,-1.0234021638071835,0.5595134319783505,-0.6426904271821289,0.2946642478522334
aquicella,Proteobacteria,Bacteria,20171,81.0,60.0,-0.6929644519281937,-0.6532572631396647,-1.0102644346607406,0.0695824719431344
knoellia,Actinobacteria,Bacteria,673,79.0,59.0,-0.9408532266058371,-0.3569256391974729,-0.4847660026310586,0.0036257240764412
magnetospirillum,Proteobacteria,Bacteria,11021,91.0,66.0,0.4301929147952598,0.1552264400351473,-0.2713692512682195,0.287096155615577
syntrophomonas,Firmicutes,Bacteria,2632,53.0,57.0,-1.0291781423690438,-0.2936483153766101,-0.9178583090406991,0.1685971685971685
azoarcus,Proteobacteria,Bacteria,3320,57.0,66.0,1.1580931772470684,0.6848997704037548,0.22874055825227624,0.0121906257661287
brevibacterium,Actinobacteria,Bacteria,977,122.0,55.0,-0.2064015643632583,1.0972626027392165,-0.46095968405837495,0.2272314973641434
dinoroseobacter,Proteobacteria,Bacteria,168,91.0,66.0,0.3169601007290411,0.1656535375375407,-0.3395091447070213,0.0367344564214655
dyadobacter,Bacteroidetes,Bacteria,5819,79.0,61.0,-0.4473003327400905,-1.0816538367417057,1.0890636223717365,0.1439812842278418
flavisolibacter,Bacteroidetes,Bacteria,53183,99.0,66.0,-0.4471682398819185,-0.5637925929496733,-0.2283873866192174,0.2948105633538823
glycomyces,Actinobacteria,Bacteria,2784,150.0,83.0,-0.9536694794853384,-0.3913291797128088,0.5221159577889946,0.073695431842697
kushneria,Proteobacteria,Bacteria,250,107.0,72.0,0.4204817191602676,0.7994535146265228,-0.44482912254015133,0.0066409266409266
paraprevotella,Bacteroidetes,Bacteria,2843,108.0,55.0,-0.6184952559126555,-1.335719595776448,-0.646091179903826,0.0600391389432485
planifilum,Firmicutes,Bacteria,1969,150.0,78.0,-0.8682780938234402,0.2246496356176447,-0.6760591416883198,0.0428223609843486
belnapia,Proteobacteria,Bacteria,4622,79.0,63.0,1.3558777301763991,-0.6525092851270502,0.8191341057444217,0.1126336935837714
clostridium,Firmicutes,Bacteria,74504,76.0,60.0,-0.7676574141402623,-0.92345934422348,0.03515681356156263,0.3859379886973925
edaphobacter,Acidobacteria,Bacteria,10930,80.0,52.0,-0.2176863869995729,-0.2557857091357812,0.3080819741288991,0.1396123536817575
rubrobacter,Actinobacteria,Bacteria,17648,99.0,74.0,-0.896022514828895,0.8790014589043255,-0.6076637336405687,0.3110598135183053
thermobispora,Actinobacteria,Bacteria,2999,80.0,70.0,-1.0237243917271486,0.0272214196309862,-0.20623216515852597,0.00168061411617
coprococcus,Firmicutes,Bacteria,3754,57.0,57.0,-0.7511913698780602,-1.0168093579714754,-0.9147836209170598,0.1374039511865457
nocardia,Actinobacteria,Bacteria,4294,113.0,70.0,-0.8695683568569618,-0.4582479033218246,1.5586015897274905,0.2116751055539666
pelomonas,Proteobacteria,Bacteria,24923,68.0,70.0,0.7056787412836467,0.3251789135440874,0.20772409533031821,0.191138223988081
ulvibacter,Bacteroidetes,Bacteria,15088,57.0,63.0,-0.7837405962544924,-0.1512489323180229,-0.34600025488481495,0.0019274887777892
agrobacterium,Proteobacteria,Bacteria,42843,79.0,63.0,1.0365771469681857,0.0182433715173734,0.5118483334365725,0.1879663052236007
lysobacter,Proteobacteria,Bacteria,49159,99.0,70.0,-0.5603746897771763,-0.4577074512317226,0.4382914689218168,0.0383551533975764
rhodovastum,Proteobacteria,Bacteria,22384,80.0,54.0,-0.6349005745266717,-0.3890546583531883,1.4855114099870514,0.0889488323053038
actinoplanes,Actinobacteria,Bacteria,2462,99.0,74.0,-1.2338970572900902,-1.0165860025893592,2.8172766393089397,0.2209232499117217
roseomonas,Proteobacteria,Bacteria,47224,91.0,65.0,1.441593940126811,1.408127872633974,0.254960018757872,0.2848388549169957
salegentibacter,Bacteroidetes,Bacteria,856,163.0,83.0,-0.094566266326277,-0.652035508125073,-0.3253603525842099,0.0617925459079031
actinopolymorpha,Actinobacteria,Bacteria,332,72.0,59.0,-1.138744367264821,-1.1900766751009886,1.2617064570916503,0.1374349380241548
azospira,Proteobacteria,Bacteria,18074,91.0,63.0,2.373309581322438,2.4085125408672763,-0.6242479615321032,0.1122359597288897
dorea,Firmicutes,Bacteria,2159,90.0,61.0,1.3867872279595297,0.6996317009045159,-0.7299468770209314,0.0053889171326893
gemmatimonas,Gemmatimonadetes,Bacteria,39856,73.0,61.0,0.0291964518408798,1.1147791783174583,-0.35609108364884057,0.0351677653204756
anaerofustis,Firmicutes,Bacteria,107,79.0,59.0,-0.5432238605232613,-1.7217118170411512,-1.2069640187348485,0.1325985587113183
geobacillus,Firmicutes,Bacteria,1116,80.0,57.0,0.4311859428146025,1.079245668534234,-0.5711007523691473,0.2045798421399292
leeuwenhoekiella,Bacteroidetes,Bacteria,618,57.0,59.0,0.0219638721731074,0.7257749846632716,-0.3106193198807807,0.0204668892741817
pseudonocardia,Actinobacteria,Bacteria,39653,91.0,66.0,-0.8054192439945902,1.3136014175994526,1.1380910547054504,0.1685202385213036
dyella,Proteobacteria,Bacteria,5719,82.0,63.0,0.5449752560473924,-0.3050469422787436,0.345245894582028,0.1620751082934902
gillisia,Bacteroidetes,Bacteria,826,61.0,69.0,0.2144148186079092,0.1858841865135939,-0.2611593688603645,0.0149019134339203
gluconacetobacter,Proteobacteria,Bacteria,298,99.0,61.0,-0.1696371217296116,0.2633509911652312,-0.14423936526986234,0.0549450549450549
nesterenkonia,Actinobacteria,Bacteria,244,122.0,55.0,-0.2882173819677401,1.674259688637511,-0.807100777208905,0.2564321250888415
opitutus,Verrucomicrobia,Bacteria,53658,99.0,70.0,0.0078572066305272,-1.1316195920527448,-0.32899179216493807,0.1692783716034876
pontibacter,Bacteroidetes,Bacteria,7574,99.0,75.0,-0.2951207952934293,-0.1141117154028714,0.21563008404756795,0.1725246159861946
propionispora,Firmicutes,Bacteria,14,71.0,55.0,-1.1803869017235444,-0.1231465311471497,-0.37502594178943194,0.0169969874742349
pseudoxanthomonas,Proteobacteria,Bacteria,6407,80.0,66.0,1.2047471555635705,1.098489404338462,-0.7526570457352658,0.1315034435991542
robinsoniella,Firmicutes,Bacteria,49,157.0,65.0,-0.9834776952313874,-1.1211639545974497,1.3427429108789735,0.0945069244353564
rummeliibacillus,Firmicutes,Bacteria,637,122.0,55.0,-0.3638363484668256,0.805189261518348,-0.48660134583512227,0.2221206653797528
sorangium,Proteobacteria,Bacteria,6052,91.0,59.0,-1.3267792974474673,-1.5897328578122012,5.444661517379394,0.182511250198808
stappia,Proteobacteria,Bacteria,84,70.0,61.0,0.3827691706101273,0.3623535374158233,0.19540179417643852,0.1369303086041284
alteromonas,Proteobacteria,Bacteria,8624,69.0,65.0,2.010413648611556,1.279240406688248,-0.08709729097422682,0.0051463343958273
desulfotomaculum,Firmicutes,Bacteria,115,71.0,66.0,-0.4897055119692351,0.6395745219995815,-0.7419251593770689,0.1888440815567262
gracilibacillus,Firmicutes,Bacteria,820,163.0,83.0,-0.1389845427553846,0.688010899178901,0.06767696446747867,0.1785151365620194
henriciella,Proteobacteria,Bacteria,825,57.0,55.0,1.0024505434764612,1.930981740243982,-0.5796133765447087,0.2059160742948865
rahnella,Proteobacteria,Bacteria,974,91.0,66.0,0.2298892803687731,-0.0253903706947068,0.5224338073423774,0.2964542539613361
variovorax,Proteobacteria,Bacteria,57829,79.0,60.0,0.6490534318405816,-0.2642915805510507,1.3421460540353658,0.0319303437198908
faecalibacterium,Firmicutes,Bacteria,5500,122.0,55.0,-0.2632464052250045,-1.2091505658172368,-1.0125692312689976,0.0197298277624506
serratia,Proteobacteria,Bacteria,5143,79.0,59.0,2.205808993008621,1.0773660431909808,0.4259286868102902,0.1895287197734369
verrucomicrobium,Verrucomicrobia,Bacteria,13466,78.0,64.0,-0.9242315047243193,-0.7199833818486673,1.9361222136303922,0.2402058366179663
vogesella,Proteobacteria,Bacteria,778,79.0,59.0,0.155814368790014,0.889409578293854,-0.5032488477017014,0.0652486898498296
dialister,Firmicutes,Bacteria,4429,116.0,63.0,-0.0520517914733282,0.2773017468849782,-1.3013997706384082,0.0253084466940841
desulfosarcina,Proteobacteria,Bacteria,3189,65.0,62.0,-1.002374884604741,-0.8940660841479365,0.1807126042434976,0.1280932503741041
devosia,Proteobacteria,Bacteria,42277,91.0,63.0,-0.0441355232839468,-0.6259156414478135,-0.2977536669773418,0.2754781874346493
albimonas,Proteobacteria,Bacteria,1136,79.0,59.0,0.0688446421551403,-0.3970426007538168,0.3375249482737468,0.1949968659182859
caulobacter,Proteobacteria,Bacteria,78039,91.0,63.0,1.0375383389351371,0.1936429605974134,0.047555782155850775,0.2472813497966958
holophaga,Acidobacteria,Bacteria,10354,71.0,62.0,0.1372681100161499,-0.98396201893442,-0.6018259042445067,0.0598011066532296
hymenobacter,Bacteroidetes,Bacteria,17740,79.0,59.0,-0.3721642059316428,-0.8432104462701931,0.3577719054598546,0.0220744223268879
nitrobacter,Proteobacteria,Bacteria,254,75.0,63.0,2.090163523962869,-0.1208256118459445,-0.37738618804946195,0.1731048570494844
sphingomonas,Proteobacteria,Bacteria,93701,79.0,59.0,1.4369301582696057,0.7372984624928415,-0.2282779453124996,0.2045610345708508
bacteriovorax,Proteobacteria,Bacteria,13440,80.0,60.0,0.6207953786509092,0.8156929119348869,-0.3422355664042061,0.038265655141207
cellvibrio,Proteobacteria,Bacteria,18169,163.0,83.0,1.02310599318803,0.8359623956121067,0.20676567211877622,0.1442656873983629
flavobacterium,Bacteroidetes,Bacteria,83255,91.0,67.0,-0.0942411370627719,-0.7605869305444118,-0.5200597943770838,0.1982943979198404
formosa,Bacteroidetes,Bacteria,336,64.0,65.0,-0.1816207022130027,-0.3962302080086804,-0.05231609742734274,0.0069644980465432
granulicatella,Firmicutes,Bacteria,943,57.0,56.0,0.2332484913016558,-1.9561578569726168,-1.4383519704152397,0.0728667305848513
loktanella,Proteobacteria,Bacteria,833,57.0,60.0,-0.4506227504725065,0.7368570392469209,-0.40198817599327313,0.0047370225237218
luteolibacter,Verrucomicrobia,Bacteria,49126,75.0,70.0,-0.743937850312439,-1.1770884520204274,0.10809797856000257,0.0662852866944564
nostoc,Cyanobacteria,Bacteria,1454,80.0,57.0,-1.0032108057398033,-0.8349765984586838,2.2494945748968607,0.0099022521110123
paracraurococcus,Proteobacteria,Bacteria,16895,101.0,67.0,0.1440500598196815,-0.3516745589432066,1.4025938553395165,0.271582592271976
rhodomicrobium,Proteobacteria,Bacteria,41968,80.0,59.0,-0.5519663125329991,0.9096205330120272,-0.40603055692365875,0.0468155259686322
roseivivax,Proteobacteria,Bacteria,15,58.0,61.0,-0.1905525839845767,0.7433715717892266,-0.13517855003670964,0.0717180153966078
sediminibacterium,Bacteroidetes,Bacteria,37177,91.0,61.0,0.0819201363122646,-0.8641583596461626,-1.0029863249638706,0.2276971505689494
stenotrophomonas,Proteobacteria,Bacteria,21301,80.0,63.0,2.2975932850177743,1.0446423315688729,0.022963524868974135,0.2620142513713986
acidovorax,Proteobacteria,Bacteria,11749,79.0,59.0,2.026738223301996,1.48228736838564,0.17113445266939542,0.2153122608183204
modestobacter,Actinobacteria,Bacteria,1857,79.0,64.0,-1.0776302917601446,-0.5130385309936705,0.2240237070596289,0.2261480742808303
nonomuraea,Actinobacteria,Bacteria,2623,99.0,72.0,-1.2386201194680362,-0.9572568442334192,3.0471775973516637,0.1724407376980598
pullulanibacillus,Firmicutes,Bacteria,65,101.0,61.0,-0.913931839864694,-0.4657820325742179,0.04715093506031827,0.1693700310626777
thiobacillus,Proteobacteria,Bacteria,6617,65.0,63.0,1.6491963349716614,1.7455863747469222,-0.7639886565268798,0.0930999905105914
archangium,Proteobacteria,Bacteria,2633,99.0,64.0,-1.100016495315608,-1.4564315283647933,4.329160536490134,0.1613798870032335
finegoldia,Firmicutes,Bacteria,1226,79.0,59.0,-0.080460191800885,-0.1084081504565715,-1.3867395776040967,0.1333547171324325
janthinobacterium,Proteobacteria,Bacteria,9457,91.0,70.0,1.2105681258200212,0.087057750380437,0.9609748345934843,0.1444675236357699
jiangella,Actinobacteria,Bacteria,17028,101.0,70.0,-1.3868023051805831,-1.2017985971976264,1.6788029628162242,0.1812893594299417
shewanella,Proteobacteria,Bacteria,3687,57.0,55.0,0.4777504403323017,-0.345785286360765,0.17607228896206314,0.2584769316286827
tatlockia,Proteobacteria,Bacteria,211,72.0,59.0,0.2501306425596591,-0.5225401047858481,-0.59969447060225,0.2535941547859903
thermincola,Firmicutes,Bacteria,69,69.0,61.0,-0.8600395708723164,-0.5311719873940924,-0.695365726070049,0.3434566519055443
georgenia,Actinobacteria,Bacteria,2752,163.0,83.0,-0.8888712426773939,-0.405237351464992,-0.03989615131202411,0.0937281621816166
glaciecola,Proteobacteria,Bacteria,2551,63.0,63.0,1.304539733438773,0.4929173512881012,-0.853000350342909,0.0215170855951746
herbaspirillum,Proteobacteria,Bacteria,3771,101.0,58.0,1.063967928293068,0.4940062113120914,0.5275293405178483,0.2870058271993066
pigmentiphaga,Proteobacteria,Bacteria,8846,79.0,66.0,2.344177335225233,-0.4956429089649678,0.91786402106742,0.1971142881150443
rhodanobacter,Proteobacteria,Bacteria,9259,80.0,64.0,1.6189515045623106,1.0261613568691736,-0.29320996780848363,0.2188930541968094
bdellovibrio,Proteobacteria,Bacteria,48724,91.0,63.0,-0.5780150414407366,-0.4681173440961958,-0.3550612984939027,0.2402595962940711
kribbella,Actinobacteria,Bacteria,12677,97.0,69.0,-1.2586515556685944,-0.9619673752137874,2.275568466726015,0.2693837142897949
afipia,Proteobacteria,Bacteria,4525,80.0,57.0,2.8621291156987394,0.4429669846925401,0.07305319810221238,0.0433393051744633
acidiphilium,Proteobacteria,Bacteria,3897,79.0,59.0,1.6896038642592357,0.7091341237425668,-0.38240371752944424,0.0343306328707789
amaricoccus,Proteobacteria,Bacteria,25052,80.0,59.0,0.5974440417335228,-0.0838955736002896,-0.4142093335444624,0.0373658132706976
denitratisoma,Proteobacteria,Bacteria,34904,82.0,66.0,0.4174476010543618,0.5477251335244493,-0.1353187347983301,0.0135746606334841
donghicola,Proteobacteria,Bacteria,45,79.0,68.0,-0.2229339851477875,-0.3361514648803293,-0.13190632254170273,0.0672268907563024
erythrobacter,Proteobacteria,Bacteria,13275,91.0,69.0,0.2093918223268641,0.1717217473347899,-0.7721100643437934,0.0207143126716459
filimonas,Bacteroidetes,Bacteria,1503,84.0,63.0,-0.9959507843410454,-1.459466175216252,1.7670426816104383,0.1343073991643227
hahella,Proteobacteria,Bacteria,4360,57.0,55.0,-0.370678002126856,-1.2042027817601428,1.3194546237841138,0.0860392705089915
methylocella,Proteobacteria,Bacteria,3288,75.0,63.0,0.6488576593052423,0.4568007415428891,-0.18458975805429167,0.2814691448720215
pseudomonas,Proteobacteria,Bacteria,60443,79.0,63.0,3.882418042457276,4.1109404393024205,1.165535430275876,0.1248172148765136
ruminococcus,Firmicutes,Bacteria,11318,99.0,61.0,-0.9856504292078886,-1.3828380368749895,-0.9699773597182877,0.1034869753041163
saccharibacillus,Firmicutes,Bacteria,2286,79.0,59.0,-0.6839708084548881,0.0514427610090098,0.4867971689862677,0.0605042016806722
sphingopyxis,Proteobacteria,Bacteria,3647,80.0,59.0,1.3921429884792378,0.686642000513215,-0.20235490529005687,0.0011769685571888
staphylococcus,Firmicutes,Bacteria,4533,122.0,55.0,-0.4347028616000363,1.9467353689947096,-0.9107202882796891,0.271483531749508
sulfobacillus,Firmicutes,Bacteria,250,72.0,63.0,-0.5336541271587917,-0.6005754960910742,-0.4403551808735788,0.0305347592391703
thalassobacillus,Firmicutes,Bacteria,49,95.0,79.0,0.6884006983651771,0.6547257580945932,-0.2227765806654195,0.0933297551957539
xanthobacter,Proteobacteria,Bacteria,2380,57.0,57.0,0.6858182404609012,0.0206992851563843,0.32048566038512644,0.084694095726809
geothrix,Acidobacteria,Bacteria,27566,68.0,61.0,0.7441065468280645,-1.0632080411942648,-0.5050673008105888,0.1954450679306886
rhizobium,Proteobacteria,Bacteria,31865,90.0,68.0,-0.2986621563244731,-1.0480573317086317,1.3763962200435496,0.0765876787150272
viridibacillus,Firmicutes,Bacteria,1187,99.0,70.0,-0.565998280039348,0.5120622848009724,0.022035367700666462,0.1555058565789865
frondihabitans,Actinobacteria,Bacteria,525,118.0,78.0,-1.376255555807908,-0.0432221283591055,-0.45323179639041583,0.0447686950754435
anabaena,Cyanobacteria,Bacteria,6056,91.0,62.0,-1.0663082571596538,-0.6002132118233763,1.148682851458667,0.0189650906446683
arenimonas,Proteobacteria,Bacteria,38485,63.0,70.0,0.490685451799447,1.0139364159798612,-1.2004385823852244,0.2580415367520302
cellulomonas,Actinobacteria,Bacteria,4716,91.0,66.0,-1.054396058737202,-0.622423920567756,-0.3827296262457676,0.1913922159508244
coxiella,Proteobacteria,Bacteria,5878,61.0,69.0,-1.0000980943636186,-0.0419813403418215,-1.338596632869234,0.1343128282852252
thalassospira,Proteobacteria,Bacteria,9443,163.0,83.0,1.121310555445186,0.9419698348424989,-0.01949074765172204,0.1405152224824356
aminobacter,Proteobacteria,Bacteria,3077,91.0,66.0,0.4456635330786828,-0.7720402624240188,0.9420269816507149,0.2059612518628912
cupriavidus,Proteobacteria,Bacteria,7071,91.0,60.0,1.5841659925792055,1.3759427304307412,1.2440704991939409,0.1855009199382944
fluviicola,Bacteroidetes,Bacteria,32739,91.0,70.0,-0.4960498645238664,-0.976025887668735,-0.31960143045714257,0.2752230783946946
planococcus,Firmicutes,Bacteria,4103,80.0,57.0,-0.0392414604306706,1.4140875090170046,-0.4689002950287821,0.0881098634531867
smithella,Proteobacteria,Bacteria,66,153.0,70.0,-0.2250051019486195,-1.154603376329135,-0.8801772668072219,0.1944057861243607
burkholderia,Proteobacteria,Bacteria,57256,80.0,63.0,1.5205580339499634,2.031325578168497,1.5462345329914469,0.0872429128480546
comamonas,Proteobacteria,Bacteria,13673,80.0,59.0,3.663414844335296,1.087506182590287,0.47460381702172766,0.1791959693502677
hydrogenophaga,Proteobacteria,Bacteria,30247,63.0,59.0,1.445919295672362,1.2065172130163389,0.11608340537008295,0.0800282146754361
sterolibacterium,Proteobacteria,Bacteria,4541,91.0,61.0,0.9302420673565528,0.1579997785017711,-0.918565330486273,0.0185704154321953
dysgonomonas,Bacteroidetes,Bacteria,5216,99.0,63.0,-0.5605078329386476,-1.1610689274548096,-0.1358257386331868,0.2046536445758559
desulfobulbus,Proteobacteria,Bacteria,11587,65.0,62.0,-1.29318010986626,0.2836814961685701,-0.9959417617528917,0.1744852240972883
rhodoplanes,Proteobacteria,Bacteria,94922,92.0,63.0,0.4851548724415309,-0.5874423238234326,0.6809859626525494,0.1609156819205129
thioalkalivibrio,Proteobacteria,Bacteria,1275,61.0,69.0,-0.0387740517017969,-0.3524530830916785,-0.8684214269158865,0.3396727537196464
cohnella,Firmicutes,Bacteria,7088,80.0,59.0,-0.7490336035801771,-0.0535999533240685,1.0347758065075985,0.1625682808895635
desulfatibacillum,Proteobacteria,Bacteria,627,78.0,59.0,-1.3516762733533068,-1.3324927532715138,1.0766880356697073,0.0022947458154296
fusobacterium,Fusobacteria,Bacteria,7033,79.0,59.0,0.1409773532954271,0.4017207481356286,-1.1336328093149264,0.006255203294107
longispora,Actinobacteria,Bacteria,14218,92.0,70.0,-1.143771719016122,-0.6627819266473975,2.2245126803452973,0.2103156831123104
mesorhizobium,Proteobacteria,Bacteria,52127,99.0,67.0,-0.1170983178700209,-0.7510969242916915,1.1766925380119355,0.1843153859447488
microbulbifer,Proteobacteria,Bacteria,765,74.0,65.0,0.4980713635616353,0.2309139795194901,-0.14849910132725752,0.0326360887320204
parapedobacter,Bacteroidetes,Bacteria,1337,99.0,66.0,-0.4779263536977352,-0.577969894898927,0.6618619997218631,0.0622250693999572
pseudochrobactrum,Proteobacteria,Bacteria,336,72.0,59.0,0.3914484533105197,-0.1975509655289592,-0.20933358648525455,0.0095351401290817
ramlibacter,Proteobacteria,Bacteria,40743,87.0,64.0,0.4465670729306968,0.3625990457104497,0.03397531835018563,0.1840689594438107
thermobacillus,Firmicutes,Bacteria,2653,80.0,57.0,-0.4277340921078086,0.085564966953667,-0.2644652500869493,0.0553831357060481
dermacoccus,Actinobacteria,Bacteria,6517,79.0,59.0,-0.4384704135815075,3.667528434601216,-0.7794033530297887,0.0060670533886216
lactococcus,Firmicutes,Bacteria,3511,69.0,58.0,-0.1694284364256131,-1.6725857537504276,-1.0834999701158037,0.0444382651068253
streptomyces,Actinobacteria,Bacteria,37186,91.0,66.0,-1.105126330986265,-0.2398031769840419,2.0952171515034315,0.2118378359250235
bacillus,Firmicutes,Bacteria,61634,85.0,61.0,-0.2324215709624603,1.5073383851462807,-0.22700577050222703,0.2617423642902581
chelativorans,Proteobacteria,Bacteria,3518,61.0,69.0,-0.308847484955741,-0.2922531262314163,0.17943289969002618,0.1915956045188516
labrys,Proteobacteria,Bacteria,21043,91.0,64.0,-0.2873341921753922,-0.3810227172172854,1.0822949693826465,0.0487303403234809
lysinibacillus,Firmicutes,Bacteria,11149,80.0,57.0,-0.5531267307012291,1.4052359685096405,0.13801017452393263,0.2735599441239652
macellibacteroides,Bacteroidetes,Bacteria,2998,116.0,63.0,1.1675857108907202,-0.3884781534950083,-0.4496768572500759,0.1169450663979063
mucilaginibacter,Bacteroidetes,Bacteria,27673,90.0,63.0,-0.3229937293345577,-1.1921157343312854,0.3565583713166475,0.1882982303453892
sanguibacter,Actinobacteria,Bacteria,895,122.0,55.0,-0.8772121153710585,-0.3770697008899422,-0.07830354067022217,0.0092541890717562
xenorhabdus,Proteobacteria,Bacteria,23,118.0,62.0,-0.4253680150505599,-1.476509657984851,-0.014218100475017701,0.0933264569365653
sinomonas,Actinobacteria,Bacteria,469,122.0,61.0,-0.5506535752158749,0.4118732971328422,-0.013526013439336172,0.0951913515495157
rivularia,Cyanobacteria,Bacteria,28,57.0,66.0,-1.2211956028340163,-0.8382011716588057,2.0796149816421803,0.0434201943478058
acholeplasma,Tenericutes,Bacteria,91,139.0,67.0,1.00870029230644,-0.9803261114711894,-1.594258419006269,0.1212698412698412
actinomyces,Actinobacteria,Bacteria,5301,79.0,59.0,-1.084956377779981,-0.4838596527014661,-0.8166040806498874,0.0028987153048304
amycolatopsis,Actinobacteria,Bacteria,12722,88.0,63.0,-1.1038378594197469,-0.3097027051898631,2.4865271432061724,0.2528017311322285
brevibacillus,Firmicutes,Bacteria,6410,78.0,59.0,-0.472488294786089,0.4108133413642933,0.6848393539461648,0.3691666667188595
gramella,Bacteroidetes,Bacteria,994,69.0,65.0,0.3984461218143553,0.7616824699455014,-0.4577200210686088,0.0269428692318752
leptospira,Spirochaetes,Bacteria,17,91.0,74.0,-0.1716239426607359,-0.782328373769746,-0.01770055791960576,0.0606009405536312
methylobacillus,Proteobacteria,Bacteria,32567,91.0,66.0,1.0279400189376062,0.0112878022040185,-0.8165654439379243,0.0143435066185981
methylobacter,Proteobacteria,Bacteria,15671,84.0,62.0,0.9141873669044712,-0.8361584150148598,0.23758028020495164,0.0088012726164458
rhodocyclus,Proteobacteria,Bacteria,7560,76.0,70.0,0.6976250938312716,0.8499858637700702,-0.590171951316278,0.0101085179128883
spirosoma,Bacteroidetes,Bacteria,7823,79.0,59.0,-0.2614512501398859,-1.0270724388796475,1.4472111822302283,0.065981409771749
thermomonas,Proteobacteria,Bacteria,22699,82.0,65.0,1.0729208015255989,1.7146025778087497,-0.9970987294661999,0.0134643526620262
yeosuana,Bacteroidetes,Bacteria,802,57.0,83.0,0.1804743752362777,-0.467655599468642,-0.7612209893283901,0.1338680635128498
ancylobacter,Proteobacteria,Bacteria,23397,80.0,65.0,0.914212730359482,-0.4420712180114035,0.1720259068550276,0.0881488269514718
nakamurella,Actinobacteria,Bacteria,27472,92.0,64.0,-0.9026358075385864,-0.4384915945263061,0.007127329207979679,0.0016991752431466
asticcacaulis,Proteobacteria,Bacteria,20781,79.0,59.0,-0.3377162736965919,-0.5128309875720561,-0.08918702424302917,0.0697829861500663
aureimonas,Proteobacteria,Bacteria,2695,79.0,59.0,0.1294470157306998,-0.3499029458523139,0.12222221576129895,0.007812688951068
gemmata,Planctomycetes,Bacteria,5910,91.0,66.0,-1.0589995229753404,-1.3281100656964258,1.4869979470125954,0.3108543372310777
methylomonas,Proteobacteria,Bacteria,14195,91.0,62.0,1.024663979908165,-0.5627821848709064,-0.22980776944913506,0.1600118308192842
prevotella,Bacteroidetes,Bacteria,6180,99.0,61.0,-0.2530997827924604,-1.9752035784840745,-0.8245411730648797,0.0021101981301461
rubellimicrobium,Proteobacteria,Bacteria,20397,92.0,65.0,-0.4060922383058789,-1.0075049863015255,0.043472750308981734,0.2537656666773228
aequorivita,Bacteroidetes,Bacteria,3568,163.0,83.0,-0.0246074373442634,0.2243358373335769,-0.7232651707059424,0.0287504906899158
flectobacillus,Bacteroidetes,Bacteria,6895,91.0,66.0,-0.4488886116659988,-1.3615925175644576,1.2138151860801505,0.004293002272676
limnobacter,Proteobacteria,Bacteria,1916,78.0,62.0,2.769116181636325,2.370575198687823,-0.6585895364585306,0.1282051282051282
luteibacter,Proteobacteria,Bacteria,225,75.0,63.0,-0.054884872159498,0.0600402652890135,0.06693503068517316,0.0867091046711091
methylocaldum,Proteobacteria,Bacteria,2596,64.0,62.0,1.40233359073385,-1.0010360390755404,0.6323055005339536,0.0210331866037658
methylomicrobium,Proteobacteria,Bacteria,4221,76.0,66.0,0.2881335477078042,-0.1722845090752896,0.01958812924061368,0.0558615166635865
nonlabens,Bacteroidetes,Bacteria,4190,63.0,55.0,-0.3658962558602728,0.6612925497021415,-0.7069531023381156,0.0859947609345646
peptoniphilus,Firmicutes,Bacteria,2057,99.0,57.0,-0.7373785837404712,-1.2732316668606298,-1.1794394849156353,0.0996287869716201
pusillimonas,Proteobacteria,Bacteria,3784,163.0,83.0,1.5744973683900012,0.0019076815708163,-0.1799587889008707,0.1224889750028722
syntrophus,Proteobacteria,Bacteria,16171,53.0,57.0,-1.0417508965702131,0.1062877004594435,-0.8841640229722989,0.083094812781483
chelatococcus,Proteobacteria,Bacteria,28325,72.0,68.0,0.0859338333269753,-0.8699170773251452,1.2075281678632064,0.1348894353031373
corynebacterium,Actinobacteria,Bacteria,10397,122.0,55.0,-0.3885429523013413,0.3887605613840754,-1.0333628982630676,0.1913467656067215
flavihumibacter,Bacteroidetes,Bacteria,888,72.0,65.0,-0.0918512236524742,-1.0626917700089584,-0.46605801695086285,0.1862390339152553
nocardiopsis,Actinobacteria,Bacteria,482,122.0,55.0,-0.8042644797230627,-0.5300218003084715,0.9903472130175792,0.1331381235211117
actinoalloteichus,Actinobacteria,Bacteria,2408,75.0,63.0,-1.1181252661800791,-0.5328021500418817,1.1019706600260337,0.0151609232141075
anaeromyxobacter,Proteobacteria,Bacteria,44206,78.0,64.0,-0.4025027887315579,-0.5436445477303669,0.3817978817165116,0.1321451753185052
pseudoclavibacter,Actinobacteria,Bacteria,6906,63.0,65.0,-0.9057029063431687,-0.1578079523906004,-0.28231419141201164,0.1249690874618745
blautia,Firmicutes,Bacteria,5051,122.0,55.0,-0.9156590755665948,-1.1609780833848011,-0.16815149858979475,0.0363498516722949
chitinophaga,Bacteroidetes,Bacteria,18575,96.0,66.0,-0.4211312364694758,-1.420856736731291,1.3517712037792042,0.084892691854181
lacibacter,Bacteroidetes,Bacteria,5621,79.0,59.0,-0.3090086263370809,-1.0653708900927974,-0.46107295090975386,0.3112864916038825
lentzea,Actinobacteria,Bacteria,3105,99.0,74.0,-1.1711973154239,-0.5830307299379792,2.6675488679749595,0.2790671796030345
leucobacter,Actinobacteria,Bacteria,6823,72.0,57.0,-0.5124657839491885,-0.114920993806408,-0.6056095704668085,0.185439079309482
marinobacter,Proteobacteria,Bacteria,3253,69.0,59.0,1.0663913807421754,0.7603776416431668,-0.24185901896133805,0.0634765167473373
nodularia,Cyanobacteria,Bacteria,2235,42.0,62.0,-0.9563956275941776,-0.3137849339317817,0.21039952956243635,0.0002900476460588
ornithinimicrobium,Actinobacteria,Bacteria,1649,79.0,59.0,-0.4741060044032945,1.2699816569471252,-0.42155016079598373,0.1713539611915488
proteiniclasticum,Firmicutes,Bacteria,1957,63.0,57.0,-0.2490597918751155,1.3562628204092158,-0.853181726510727,0.0006743751204787
rhodopila,Proteobacteria,Bacteria,16492,89.0,63.0,-0.2143389577881817,-0.6955023832595384,1.271139905725906,0.3442315581302814
sphaerisporangium,Actinobacteria,Bacteria,5571,118.0,78.0,-1.4087870740394,-0.5024556141005132,2.175305913196244,0.276366891505741
sporosarcina,Firmicutes,Bacteria,7939,91.0,63.0,-0.4415943837570249,1.9268826271502704,-0.5367346633350706,0.307133550099268
thermoactinomyces,Firmicutes,Bacteria,1481,150.0,80.0,-0.707702705341854,1.6878329645173482,-0.9872896125684124,0.2185136948981354
emticicia,Bacteroidetes,Bacteria,4475,91.0,70.0,-0.1063407771258445,-0.6634140717921546,0.3825042231093005,0.093240255046147
fimbriimonas,Armatimonadetes,Bacteria,19085,84.0,65.0,-0.7528747010353419,-0.7497499604274145,0.16744567826691154,0.2748672199911935
prosthecobacter,Verrucomicrobia,Bacteria,19523,91.0,70.0,-0.8516396848739716,-1.1134899519819843,0.8430830838434061,0.2266406482441077
xanthomonas,Proteobacteria,Bacteria,13550,76.0,63.0,0.365704708290705,1.029742042636837,0.2512404760410141,0.1731012350481377
bosea,Proteobacteria,Bacteria,77372,79.0,64.0,0.1772734883477612,-0.605391245596172,0.4572639237277673,0.1264496391310109
nocardioides,Actinobacteria,Bacteria,73699,91.0,65.0,-0.8156609530932925,0.1701432954782341,0.00835461196863487,0.1282728284784769
echinicola,Bacteroidetes,Bacteria,43,94.0,73.0,0.0173574127254326,-0.2636503858061795,0.6800614207411304,0.0195522308868089
agromyces,Actinobacteria,Bacteria,22214,80.0,64.0,-1.12524774251323,-0.0806386992239926,-0.41739202244776846,0.0567613541114971
trichococcus,Firmicutes,Bacteria,17109,75.0,60.0,0.8197108462525154,-0.6412739375686316,-1.0215778066527896,0.1445243730398386
belliella,Bacteroidetes,Bacteria,322,113.0,67.0,-0.9272200331572432,-1.0305541901992374,0.09598300073729954,0.0319821749935727
ferruginibacter,Bacteroidetes,Bacteria,68901,80.0,63.0,-0.3338502623864123,-0.6217277559713926,-0.7497709604239587,0.1219845364950634
marinoscillum,Bacteroidetes,Bacteria,2709,163.0,83.0,0.7855210247323628,0.028504927961737,0.7250285282143528,0.1633037199007444
nitratireductor,Proteobacteria,Bacteria,455,163.0,83.0,0.3681916499743204,0.1841009643191003,0.07841912774276476,0.0546836118264442
oceanicella,Proteobacteria,Bacteria,3334,90.0,63.0,0.7246055202284932,0.5121698245439953,-0.6110888017302777,0.145927530554198
palleronia,Proteobacteria,Bacteria,502,72.0,65.0,-0.7307885850568058,-0.5414633286747291,-0.4717675295214093,0.0031742112966653
phycicoccus,Actinobacteria,Bacteria,2732,57.0,56.0,-0.8766788542620619,1.3443290239189898,-0.36797119980331033,0.2480447066680972
sulfuritalea,Proteobacteria,Bacteria,10479,72.0,62.0,0.2937153869309988,1.1979174235874972,-0.423178087360688,0.0307053106595776
bacteroides,Bacteroidetes,Bacteria,17560,81.0,59.0,-0.2635690779158345,-1.334219950780924,0.5114175049285374,0.0178591108112694
carnobacterium,Firmicutes,Bacteria,2139,80.0,57.0,-0.8412438810775306,-0.624565300010203,-0.7378193543503943,0.0031180877537595
desemzia,Firmicutes,Bacteria,239,107.0,65.0,2.0227533917499105,0.8124213901223635,-1.021145786724818,0.0541004333353737
oceanicaulis,Proteobacteria,Bacteria,2985,79.0,66.0,0.6707598708769166,0.77126008414711,-0.8864224296112052,0.0002251490215066
octadecabacter,Proteobacteria,Bacteria,35,57.0,65.0,0.1242446036183132,-0.6245059280955265,-0.5882791271580537,0.0006553045475279
rheinheimera,Proteobacteria,Bacteria,257,163.0,83.0,1.2062604719966017,1.3725277768388775,-0.14635815599727248,0.0196222146815971
rhodococcus,Actinobacteria,Bacteria,59444,80.0,61.0,-0.6346524202350001,0.4650300405828873,0.8524684426248508,0.0216839228948378
solibacillus,Firmicutes,Bacteria,833,80.0,57.0,-0.6566593938611514,1.6568787242312228,-0.33053738466984034,0.2480858281467887
acidocella,Proteobacteria,Bacteria,3008,70.0,51.0,1.2825297445782076,1.4274656978157927,-0.7175032861274306,0.046616726054141
agrococcus,Actinobacteria,Bacteria,17736,79.0,59.0,0.09413089911357,1.7437660634292107,-0.9216337705216782,0.2098007871629843
promicromonospora,Actinobacteria,Bacteria,1414,150.0,83.0,-1.2802434313486626,-0.6056395617514276,0.2752687294312635,0.2151214701070224
symbiobacterium,Firmicutes,Bacteria,2220,80.0,66.0,-0.3939396238133378,0.1490667220349696,-0.3244067392620638,0.3212205543156917
wolbachia,Proteobacteria,Bacteria,388,63.0,65.0,-0.1213444997028549,-0.8184336512816541,-1.737366077845803,0.1440752498530277
azospirillum,Proteobacteria,Bacteria,5975,68.0,70.0,-0.2929751652154468,-0.785299852663274,1.4696774085771258,0.1887178625308063
filomicrobium,Proteobacteria,Bacteria,1722,63.0,59.0,0.7868653461469642,-0.1828521469032469,-0.3123400019057956,0.2096320615259282
methylosinus,Proteobacteria,Bacteria,3992,71.0,61.0,0.2119776620722235,-0.6897569113232702,0.12122614373874979,0.1159692272895379
bradyrhizobium,Proteobacteria,Bacteria,43102,80.0,58.0,-0.0466814307191338,-0.8386582735981505,2.193795584873403,0.1129185743398133
micromonospora,Actinobacteria,Bacteria,24628,92.0,66.0,-1.3137372499467437,-0.9962596210612568,1.1957364006838473,0.2439102136478358
anaerococcus,Firmicutes,Bacteria,5481,122.0,55.0,0.6494148099207839,0.8124445626301744,-1.3759488550961483,0.1280034286148288
microbispora,Actinobacteria,Bacteria,46,125.0,59.0,-1.2807744560357164,-0.5936202394749509,2.1442436918182803,0.2396645430659035
pedobacter,Bacteroidetes,Bacteria,17506,91.0,70.0,-0.4584372675416896,-1.0692883928751111,0.5877544450771531,0.1056249893950802
propionicimonas,Actinobacteria,Bacteria,7154,61.0,60.0,-1.0670278298762592,-0.1355178961388127,-0.8115080108585917,0.0270565472747383
virgibacillus,Firmicutes,Bacteria,4976,122.0,55.0,-0.3162877430610221,0.4834221085975839,-0.04726545788851402,0.0617385917819533
jannaschia,Proteobacteria,Bacteria,496,65.0,66.0,-0.4004220160271899,-0.2884050600513557,-0.3131731553804374,0.0146127495230328
methylobacterium,Proteobacteria,Bacteria,52548,79.0,59.0,0.7470352065128321,0.4874980586066221,0.7726668113216307,0.1870029164452174
nitrosomonas,Proteobacteria,Bacteria,9076,71.0,63.0,1.3132843992173562,-0.0494636560770792,-0.8459767426671558,0.0641186809226923
saccharomonospora,Actinobacteria,Bacteria,2295,122.0,70.0,-0.7166674058529502,0.4455084923855034,0.0850326895214847,0.2046760343042362
actinophytocola,Actinobacteria,Bacteria,471,126.0,70.0,-1.3517146429553208,-0.3149157773588718,2.8076519043151937,0.1549290224078046
orenia,Firmicutes,Bacteria,304,125.0,71.0,-0.5722459153333705,-0.4588254692101923,-0.3665749093348668,0.0011514365108768
paracoccus,Proteobacteria,Bacteria,6865,85.0,65.0,1.2345796329384626,0.2314806560392772,-0.20510641259562393,0.1480952747086525
synechococcus,Cyanobacteria,Bacteria,3351,78.0,60.0,-0.1884527051218119,0.8358833826932499,-0.9194228752028536,0.0341305753070458
uliginosibacterium,Proteobacteria,Bacteria,1185,60.0,60.0,0.9171693691280184,-0.8540611206489235,-0.2564176500658738,0.1245999093821246
streptococcus,Firmicutes,Bacteria,17877,79.0,59.0,0.5097274981546212,-0.912004865028142,-1.2887859873741552,0.1351674772844807
treponema,Spirochaetes,Bacteria,10347,99.0,61.0,-0.2026381925972797,0.2480906523166728,-1.5383468734081034,0.0432033152590718
algibacter,Bacteroidetes,Bacteria,517,74.0,64.0,-0.3643747324861954,-0.3869395349263183,0.1282242398423128,0.1025641025641025
azovibrio,Proteobacteria,Bacteria,3218,79.0,59.0,1.3367108303697572,1.709689351453248,-0.5614806004371689,0.1688311688311688
chthoniobacter,Verrucomicrobia,Bacteria,33191,78.0,60.0,-0.5410602013534042,-0.5383890055383674,0.16046467963155261,0.1355539619592135
erwinia,Proteobacteria,Bacteria,966,113.0,72.0,-0.0406828243211343,0.4478592363560698,-0.2057059242549268,0.1947589197341754
frankia,Actinobacteria,Bacteria,24290,76.0,64.0,-1.2609136107380172,-0.6152422322849055,1.2801100931302698,0.221379041743386
herminiimonas,Proteobacteria,Bacteria,797,101.0,62.0,4.175684477883858,2.189115329232729,-0.5341692593598263,0.038513399765691
hylemonella,Proteobacteria,Bacteria,1491,99.0,65.0,2.14638606072382,1.4427856888101054,-0.8906003977821761,0.3014448669201521
leuconostoc,Firmicutes,Bacteria,1221,63.0,57.0,-0.2072366002669269,-1.336150048706616,-1.3694617571787016,0.0463320463320463
sphingobium,Proteobacteria,Bacteria,24992,99.0,65.0,2.855677495499521,2.1598250268349406,0.009162837690902073,0.1377798484003709
turicibacter,Firmicutes,Bacteria,4950,53.0,57.0,-0.1847048860363695,-1.1437873685657327,-0.9963427008124722,0.184075314220232
citricoccus,Actinobacteria,Bacteria,1108,72.0,66.0,-0.4253072978092602,0.3399555488048221,-0.6213312340526886,0.3302970636075678
cytophaga,Bacteroidetes,Bacteria,5521,116.0,63.0,0.3329851946950478,-0.6890506784407003,-0.03650172366030141,0.2032955957173948
marinimicrobium,Proteobacteria,Bacteria,1690,152.0,69.0,1.6579929597800875,1.82595990376547,-0.36291958501465404,0.087313230555998
micrococcus,Actinobacteria,Bacteria,17293,91.0,65.0,1.1879077150153623,2.943988533099016,-1.0545165445087592,0.2093769469742557
mycobacterium,Actinobacteria,Bacteria,9992,80.0,59.0,-0.6469779781611085,0.8363973839110093,0.10951595546857898,0.1628260864284161
nitrosospira,Proteobacteria,Bacteria,15999,79.0,59.0,0.6491821104835034,-0.1988792673204782,-0.6429606908390825,0.1202623906705539
rhodobacter,Proteobacteria,Bacteria,10845,57.0,60.0,-0.22634640710569,0.5371233517153234,-0.3770765197968548,0.0257685908233202
sulfitobacter,Proteobacteria,Bacteria,4833,57.0,60.0,0.4018791642737251,0.5464262059642926,-0.3008316943096043,0.023318800731409
aerococcus,Firmicutes,Bacteria,10221,99.0,59.0,0.5822939400842723,-0.5467686132301722,-1.3178151153261906,0.0930553162157504
ethanoligenens,Firmicutes,Bacteria,2192,72.0,59.0,-1.0791778243440582,-1.2753005794068717,-0.7740185580516084,0.1165673563493726
methylotenera,Proteobacteria,Bacteria,52919,75.0,63.0,2.854835984212968,1.846411060582259,-1.5459933848334424,0.1102933904197208
polaromonas,Proteobacteria,Bacteria,14829,91.0,59.0,0.787403923263565,0.7469829192879197,-0.3703302922009759,0.0010134798579522
rathayibacter,Actinobacteria,Bacteria,10618,79.0,59.0,-1.0756624243493131,-0.7632253644078135,-0.6137790823386395,0.0571598806186371
roseivirga,Bacteroidetes,Bacteria,4800,57.0,55.0,-0.0415421183004944,-0.8998138991414114,-0.17504952463895418,0.1142857142857142
halobacillus,Firmicutes,Bacteria,928,91.0,74.0,-0.5153971435537026,0.2677426006891606,-0.30361935580016497,0.1170574874724762
rhodoblastus,Proteobacteria,Bacteria,714,80.0,57.0,0.0918916158136197,-0.2622936642665455,0.137555756684111,0.2155573001578228
runella,Bacteroidetes,Bacteria,2953,82.0,63.0,-0.3317803437319104,-1.259740946400026,1.3679647132257895,0.1026634382566585
turneriella,Spirochaetes,Bacteria,2539,80.0,57.0,-0.2590950375066715,-1.178134502696504,-0.22485968638418313,0.1949510733593329
veillonella,Firmicutes,Bacteria,6503,79.0,65.0,-0.8661652482542451,1.3713808806621288,-1.3536475422462149,0.00474922485322
afifella,Proteobacteria,Bacteria,54,152.0,55.0,-0.048505778148919,0.2296830049196644,-0.2538037859859132,0.2338262549334415
chroococcidiopsis,Cyanobacteria,Bacteria,495,74.0,65.0,-0.2953112576519908,0.6815789523197958,1.4206923627423718,0.0349477871414879
coraliomargarita,Verrucomicrobia,Bacteria,11812,61.0,69.0,-0.7990735175611724,2.355173869180639,-1.3449960326636194,0.0207945900253592
desulfosporosinus,Firmicutes,Bacteria,1881,80.0,57.0,-0.4585299716383947,0.6098400324230023,-0.14625280364080623,0.2701057225308317
haloferula,Verrucomicrobia,Bacteria,5186,61.0,69.0,-0.8396425789768999,-0.0852390043422324,-0.7413377066899332,0.1788974203826863
laceyella,Firmicutes,Bacteria,208,67.0,55.0,-0.2202910245354843,0.1080404217321864,-0.5857159879108348,0.2619457336268821
microbacterium,Actinobacteria,Bacteria,3378,80.0,60.0,-0.6895521638603088,0.7553315107735291,-0.5681350856429259,0.0554264305298473
nitrosococcus,Proteobacteria,Bacteria,896,163.0,83.0,1.2473084929044596,-0.3390923164982316,-0.5040407031947091,0.1629660324366633
pleomorphomonas,Proteobacteria,Bacteria,2944,116.0,63.0,-0.1559832903091434,-0.0447739309790817,0.19215774036652628,0.3347296766592484
rothia,Actinobacteria,Bacteria,2822,79.0,59.0,-0.142064441262213,0.7384506650583524,-1.1338589707944842,0.1743119266055046
streptosporangium,Actinobacteria,Bacteria,838,117.0,66.0,-1.077078579544288,-0.7948829033520777,2.6924039805101176,0.1232103505878616
zoogloea,Proteobacteria,Bacteria,6665,75.0,63.0,1.3318963155785557,1.4560459383866815,-0.09050722746236098,0.0455216633631755
rhodoferax,Proteobacteria,Bacteria,11783,63.0,60.0,0.5832605070194962,0.4536066909022111,-0.4180059302231517,0.0876584720525982
leadbetterella,Bacteroidetes,Bacteria,1247,63.0,65.0,-0.4252016547014022,-0.8466258703232049,0.2595425024314731,0.1326824181745039
algoriphagus,Bacteroidetes,Bacteria,12758,91.0,70.0,-0.543809021936466,-0.2576828123360362,-0.06472576989977964,0.2329696260946945
arenibacter,Bacteroidetes,Bacteria,6318,163.0,83.0,-0.3291267290090567,-0.5502619554221281,0.3509112925344049,0.1310080032153256
croceitalea,Bacteroidetes,Bacteria,536,65.0,68.0,0.128559160848018,0.2089395442446997,-0.950943587539937,0.0008415664414536
dokdonella,Proteobacteria,Bacteria,56628,90.0,63.0,0.5841514322968815,-0.1711205761545484,-0.4965137241808124,0.0392853757332836
aquimonas,Proteobacteria,Bacteria,5044,63.0,70.0,0.1021795130850233,0.9478076075879658,-0.32235684955433497,0.1386121458892835
chryseobacterium,Bacteroidetes,Bacteria,3147,79.0,59.0,0.3024631443761996,-0.6791983044724401,0.12111110902266768,0.0206070758527264
collimonas,Proteobacteria,Bacteria,6340,79.0,59.0,0.2311982046677518,-0.1872618990717333,0.03844609024335941,0.0060978410795285
deinococcus,Deinococcus-Thermus,Bacteria,11835,79.0,59.0,-0.2341421043464824,0.675359520024959,-0.4070762776438597,0.0343433345790758
desulfovibrio,Proteobacteria,Bacteria,17506,91.0,62.0,-0.9278658755446249,-0.6829452544333732,-0.8840381235956696,0.1802846640644886
salinibacter,Bacteroidetes,Bacteria,718,136.0,77.0,0.0279078468782348,-0.2516138549883753,-0.35447494592784895,0.0004252843442959
sutterella,Proteobacteria,Bacteria,1161,65.0,70.0,-0.7813821239600348,-0.6426967081884304,-1.0202443404903037,0.0637002341920374
terribacillus,Firmicutes,Bacteria,3387,79.0,59.0,-0.6709558900785756,0.9739707657485202,-0.44748335714169707,0.0692080752150029
acidobacterium,Acidobacteria,Bacteria,25373,78.0,57.0,-0.261909340745647,0.3462806467494225,-0.22028067275604307,0.3321646274483403
alistipes,Bacteroidetes,Bacteria,14681,99.0,57.0,-0.4560830526862906,-0.9522173972835786,-1.0087350735099403,0.0730388406582879
brevundimonas,Proteobacteria,Bacteria,69642,91.0,66.0,3.388348415345765,2.7137575279536943,-0.7359028372815393,0.2149225737197764
ensifer,Proteobacteria,Bacteria,2642,79.0,60.0,0.1600059343509624,-0.9056078775125048,1.5556271172843754,0.1254396603069557
cloacibacterium,Bacteroidetes,Bacteria,2187,81.0,61.0,-0.2053405607863891,0.6272336687981337,-1.0497494919949786,0.1863342080234676
desulfuromonas,Proteobacteria,Bacteria,20133,67.0,64.0,-0.8273429799612222,-0.5193467937390235,-0.49858706048456614,0.0037714384637261
kutzneria,Actinobacteria,Bacteria,9618,91.0,66.0,-1.3592603037057338,-0.3716307043965294,2.9784028056176646,0.1928277795758452
oribacterium,Firmicutes,Bacteria,361,99.0,61.0,-0.2206785917674055,-0.9294346158576038,-1.0248038180611172,0.0272208553630319
ornithinicoccus,Actinobacteria,Bacteria,1662,99.0,74.0,-0.7581515918807978,-0.0379798576578769,-0.24421465157342837,0.0019501772964086
paenibacillus,Firmicutes,Bacteria,62002,80.0,60.0,-0.8175520468529955,-0.0902762271247056,1.0882935343454363,0.2271775592062484
sphingobacterium,Bacteroidetes,Bacteria,9629,79.0,61.0,0.2719391291603423,-0.2923896075816644,0.4049618534584936,0.0400182957399281
curtobacterium,Actinobacteria,Bacteria,2315,79.0,59.0,-1.090925169352401,-0.2921327447745396,-0.40652571536903265,0.0644462771527871
gallionella,Proteobacteria,Bacteria,7165,68.0,57.0,1.3342876252456228,0.9758440291972555,-1.064963840925656,0.2620849640560258
halomonas,Proteobacteria,Bacteria,14002,72.0,69.0,1.3699950127320608,0.3711725106707856,-0.14863138491026667,0.0630642193984512
hellea,Proteobacteria,Bacteria,4087,63.0,63.0,0.4296194098150804,3.1052146339010407,-1.367794472408582,0.0069644980465432
methylophaga,Proteobacteria,Bacteria,4808,78.0,66.0,2.94225783680346,4.419821958203719,-0.7999178235155321,0.2269113149847094
panacagrimonas,Proteobacteria,Bacteria,10870,100.0,70.0,-0.4475039655847173,-0.717408056900458,0.4908484565781301,0.0918931349921734
pontibacillus,Firmicutes,Bacteria,737,99.0,65.0,-0.4373394133868865,-0.0988999700073778,-0.06872160961536412,0.1081007711125806
rudaea,Proteobacteria,Bacteria,43317,80.0,63.0,0.9569716270336528,-0.5087733319324386,0.11299313313901496,0.0693460350249328
sporomusa,Firmicutes,Bacteria,6613,75.0,60.0,-0.9431785096947384,0.105687235685174,0.31608785943105805,0.2108875219763744
ahrensia,Proteobacteria,Bacteria,2755,57.0,56.0,0.6841966300640964,-0.6316042243364568,-0.5795763102348169,0.1491098567086408
balneola,Balneolaeota,Bacteria,1039,65.0,79.0,-0.1186950978584416,0.0224556019182079,-0.6169955778212081,0.0249251048532055
citrobacter,Proteobacteria,Bacteria,6977,88.0,65.0,3.697111389844672,2.243798903011524,0.4012219435158254,0.2820061084911104
curvibacter,Proteobacteria,Bacteria,27891,79.0,62.0,0.9727855382153808,0.3190503901214017,-0.7428057712165284,0.1136613322211584
kibdelosporangium,Actinobacteria,Bacteria,2190,91.0,66.0,-1.1960263818675396,-0.9365055734622552,3.882049536961331,0.2621745030501024
lactobacillus,Firmicutes,Bacteria,8671,122.0,55.0,-0.8329112721335535,-1.3312196117806332,-1.3994320187213458,0.2333057495310466
mariprofundus,Proteobacteria,Bacteria,1153,57.0,61.0,0.1483999871820924,-0.6233898657484087,-0.8886263187349258,0.0111747748887507
oceanobacillus,Firmicutes,Bacteria,10484,99.0,57.0,0.3156309386846102,2.412744188872071,-0.2304257900076482,0.2516367709693502
paludibacter,Bacteroidetes,Bacteria,11685,77.0,57.0,-0.5970424567882666,-1.3543678418207172,-0.45396620899191886,0.2459321527278515
perlucidibaca,Proteobacteria,Bacteria,1827,62.0,70.0,1.121150131610933,2.268593538075698,-1.3243935797872204,0.362576156209526
phyllobacterium,Proteobacteria,Bacteria,28449,65.0,69.0,0.0022787113373901,-0.5793647966421371,0.42274080366480965,0.1192107645703445
psychrobacter,Proteobacteria,Bacteria,3216,79.0,59.0,0.1087430723038895,0.9615258622387352,-0.7173107587375902,0.0030822022322049
reichenbachiella,Bacteroidetes,Bacteria,2587,65.0,63.0,-0.5263864654002193,-0.6293816392588346,0.3183138377205264,0.0713285124749177
skermanella,Proteobacteria,Bacteria,6321,80.0,59.0,-0.5064096063692014,-0.2075294991791155,2.1627269032419867,0.2082419259708618
thiohalocapsa,Proteobacteria,Bacteria,4014,61.0,69.0,-0.1005761015480056,-1.0908040965442505,0.4636337527778113,0.0637002341920374
legionella,Proteobacteria,Bacteria,36555,91.0,63.0,0.6191253774977046,0.2001452590124973,-0.514025674935627,0.2588273210613446
gelidibacter,Bacteroidetes,Bacteria,240,116.0,63.0,0.4499765199052232,-0.727775491385746,0.02993220788556232,0.0010175792193786
sulfurimonas,Proteobacteria,Bacteria,10735,57.0,66.0,0.1203836889913956,-0.7340643050924385,-1.2439796971630959,0.0050227308503233
brochothrix,Firmicutes,Bacteria,4357,79.0,61.0,-0.0724146651327617,-0.6306288094690682,-1.0314725912677716,0.0900422850509908
halochromatium,Proteobacteria,Bacteria,161,61.0,69.0,0.3839579908448821,0.728240019010227,-0.5128606198787725,0.0046070964146386
methylococcus,Proteobacteria,Bacteria,245,42.0,62.0,1.6879093827696556,-0.5880861826706495,-0.6316425597822496,0.1632399845193608
brasilonema,Cyanobacteria,Bacteria,3051,101.0,55.0,-0.5502377763082954,-0.2713320576412625,1.9597614447562774,0.1300777292179301
castellaniella,Proteobacteria,Bacteria,2383,90.0,67.0,0.8081875875011574,0.7574631041574994,-0.41629847853795965,0.2121163426000321
corallococcus,Proteobacteria,Bacteria,54048,99.0,65.0,-1.1070666901869837,-1.1224984477896165,3.043947149945747,0.0617874368941936
desulfobacca,Proteobacteria,Bacteria,5861,71.0,64.0,-0.8519227563632813,0.2773341311789832,-0.7139648271793132,0.0480113795890218
propionivibrio,Proteobacteria,Bacteria,16679,71.0,62.0,0.4338905072389221,2.3062306891491224,-0.5083631364595359,0.2923398969208404
salinisphaera,Proteobacteria,Bacteria,113,69.0,66.0,-0.1607676284016692,2.503711872389824,-0.9478105627900281,0.0155712960372274
phenylobacterium,Proteobacteria,Bacteria,31221,83.0,58.0,0.8844947559162178,0.5804035160601008,-0.6151532352407512,0.1857445386901675
sebaldella,Fusobacteria,Bacteria,187,79.0,59.0,-0.7311750640387332,-0.991018414098498,0.0072573512404791275,0.0269662921348314
kocuria,Actinobacteria,Bacteria,1611,79.0,59.0,0.0053870639425268,2.3970827909523185,-0.7759410029146656,0.1827242524916943
maribacter,Bacteroidetes,Bacteria,6156,57.0,55.0,-0.235421034205161,-0.0310421556337809,-0.08083016064086228,0.0030768220399951
salinimicrobium,Bacteroidetes,Bacteria,1507,163.0,83.0,-0.6452297041270105,-0.9562539570531476,-0.6451452488943922,0.0929019180979232
