response,ko,gene,predictor,n,lambda,beta,SE,t,p,ko_metals,resp_metal,metal_match,fdr_q
As_ICP_MS_mg_kg_0_4_sd,K03325,ACR3,ko_freq_K03325_z,1478,0.304559673216212,0.223443606830452,0.22086065747565,1.01169492740049,0.311849868392868,"As,Tl",As,True,0.6738591412165176
As_ICP_MS_mg_kg_0_4_sd,K03446,emrB,ko_freq_K03446_z,1478,0.243329743223574,1.0232491940865,0.209509448821597,4.88402408503219,1.15254724053271e-06,"Cu,Tl",As,False,1.037292516479439e-05
As_ICP_MS_mg_kg_0_4_sd,K07665,cusR,ko_freq_K07665_z,1478,0.304683645073647,-0.0659630463112447,0.192316977760114,-0.342991279706586,0.73165389560281,"Cu,Ni",As,False,0.8231106325531613
As_ICP_MS_mg_kg_0_4_sd,K07785,nrsD,ko_freq_K07785_z,1478,0.304577963518139,0.145837742458469,0.164121903831324,0.888594020992799,0.374366189564732,Ni,As,False,0.6738591412165176
As_ICP_MS_mg_kg_0_4_sd,K07787,cusA,ko_freq_K07787_z,1478,0.303805016911052,-0.163428484327838,0.260046381607843,-0.628458982268374,0.529800608338339,"Cu,Ag",As,False,0.7947009125075085
As_ICP_MS_mg_kg_0_4_sd,K15726,czcA,ko_freq_K15726_z,1478,0.301247221630296,0.11613795513327,0.244924665483843,0.474178273975968,0.635442969482609,"Co,Ni,Zn,Cd",As,False,0.8169981036204973
As_ICP_MS_mg_kg_0_4_sd,K17686,copA,ko_freq_K17686_z,1478,0.304227288032414,-0.0010982701870525,0.215169698599426,-0.0051042047007609,0.995928141773601,Cu,As,False,0.995928141773601
As_ICP_MS_mg_kg_0_4_sd,K19594,gesB,ko_freq_K19594_z,1478,0.305126583537402,-0.327537043068156,0.193089227754932,-1.69629889184633,0.0900402968593308,"Cu,Au",As,False,0.394522528945299
As_ICP_MS_mg_kg_0_4_sd,K19595,gesA,ko_freq_K19595_z,1478,0.304875769528107,-0.313899636791751,0.208015381777117,-1.5090212757828,0.131507509648433,"Cu,Au",As,False,0.394522528945299
As_MMI_ME_mg_kg_0_01_sd,K03325,ACR3,ko_freq_K03325_z,1431,0.188150975313455,-0.0001607563211358,0.003588335406598,-0.0447996920355464,0.964273234163885,"As,Tl",As,True,0.964273234163885
As_MMI_ME_mg_kg_0_01_sd,K03446,emrB,ko_freq_K03446_z,1431,0.18027033240841,-0.009475110734423,0.0033524061806928,-2.82636119363816,0.0047736106032151,"Cu,Tl",As,False,0.02148124771446795
As_MMI_ME_mg_kg_0_01_sd,K07665,cusR,ko_freq_K07665_z,1431,0.188173753339054,0.0023393833016249,0.003088461976946,0.757458993857566,0.448899891461743,"Cu,Ni",As,False,0.7799765847849944
As_MMI_ME_mg_kg_0_01_sd,K07785,nrsD,ko_freq_K07785_z,1431,0.188114855314394,-0.0002123610772813,0.0026264215762024,-0.0808556703940783,0.935568064503001,Ni,As,False,0.964273234163885
As_MMI_ME_mg_kg_0_01_sd,K07787,cusA,ko_freq_K07787_z,1431,0.173817366402873,0.0118082704300273,0.0040808721897171,2.89356536570328,0.0038667582905351,"Cu,Ag",As,False,0.02148124771446795
As_MMI_ME_mg_kg_0_01_sd,K15726,czcA,ko_freq_K15726_z,1431,0.187028538759314,-0.0024744346708939,0.0038451034768631,-0.643528759572582,0.519984389856663,"Co,Ni,Zn,Cd",As,False,0.7799765847849944
As_MMI_ME_mg_kg_0_01_sd,K17686,copA,ko_freq_K17686_z,1431,0.188977543099354,-0.0007965843012657,0.0034683291331554,-0.229673791235891,0.818378154399375,Cu,As,False,0.964273234163885
As_MMI_ME_mg_kg_0_01_sd,K19594,gesB,ko_freq_K19594_z,1431,0.189234315440902,-0.0056295423004082,0.0031129075306288,-1.80845150233901,0.0707465342452455,"Cu,Au",As,False,0.21223960273573653
As_MMI_ME_mg_kg_0_01_sd,K19595,gesA,ko_freq_K19595_z,1431,0.18875225307018,-0.0048636872456003,0.0033525384831515,-1.45074762602822,0.147069766578672,"Cu,Au",As,False,0.330906974802012
Cr_ICP_MS_mg_kg_0_5_sd,K03325,ACR3,ko_freq_K03325_z,1481,0.233293115599371,-0.632663736839291,0.359883656022892,-1.75796740488556,0.0789600289207962,"As,Tl",Cr,False,0.335622253093242
Cr_ICP_MS_mg_kg_0_5_sd,K03446,emrB,ko_freq_K03446_z,1481,0.206496320290479,1.11266720120327,0.342045323884888,3.25298176442176,0.001167789340246,"Cu,Tl",Cr,False,0.010510104062214
Cr_ICP_MS_mg_kg_0_5_sd,K07665,cusR,ko_freq_K07665_z,1481,0.228439841026206,0.313144318131848,0.314263681701645,0.996438138941999,0.319200413180623,"Cu,Ni",Cr,False,0.49939691074860154
Cr_ICP_MS_mg_kg_0_5_sd,K07785,nrsD,ko_freq_K07785_z,1481,0.230902087814878,-0.151727608170659,0.269622404078074,-0.562741099685187,0.57369653861917,Ni,Cr,False,0.7106599238800669
Cr_ICP_MS_mg_kg_0_5_sd,K07787,cusA,ko_freq_K07787_z,1481,0.234078333677532,-0.0971944688727484,0.420157452187088,-0.231328680157432,0.817091486967459,"Cu,Ag",Cr,False,0.817091486967459
Cr_ICP_MS_mg_kg_0_5_sd,K15726,czcA,ko_freq_K15726_z,1481,0.238049507058116,-0.188992443593075,0.39419546401321,-0.479438402636569,0.631697710115615,"Co,Ni,Zn,Cd",Cr,False,0.7106599238800669
Cr_ICP_MS_mg_kg_0_5_sd,K17686,copA,ko_freq_K17686_z,1481,0.235473022952229,-0.340084315169719,0.351129484310237,-0.968543885848222,0.332931273832401,Cu,Cr,False,0.49939691074860154
Cr_ICP_MS_mg_kg_0_5_sd,K19594,gesB,ko_freq_K19594_z,1481,0.231094845089082,-0.506857866649949,0.318623239205563,-1.59077494759554,0.111874084364414,"Cu,Au",Cr,False,0.335622253093242
Cr_ICP_MS_mg_kg_0_5_sd,K19595,gesA,ko_freq_K19595_z,1481,0.23066353006301,-0.480224345561344,0.343146184749099,-1.39947452982021,0.161880570125654,"Cu,Au",Cr,False,0.3642312827827215
Cr_MMI_ME_mg_kg_0_001_sd,K03325,ACR3,ko_freq_K03325_z,1481,0.233460275584462,-0.0019821767133038,0.0010614314646524,-1.86745614701822,0.0620357176122106,"As,Tl",Cr,False,0.13958036462747386
Cr_MMI_ME_mg_kg_0_001_sd,K03446,emrB,ko_freq_K03446_z,1481,0.221036503612683,0.0022240329627037,0.0010136287921786,2.19412962601768,0.0283812851078795,"Cu,Tl",Cr,False,0.08514385532363851
Cr_MMI_ME_mg_kg_0_001_sd,K07665,cusR,ko_freq_K07665_z,1481,0.232076584946006,0.0004163034474513,0.0009273636352017,0.448910687942544,0.653561895967969,"Cu,Ni",Cr,False,0.8402938662445315
Cr_MMI_ME_mg_kg_0_001_sd,K07785,nrsD,ko_freq_K07785_z,1481,0.229997381349431,0.0034419031062296,0.0007903668291839,4.35481725591055,1.42346113198325e-05,Ni,Cr,False,0.0001281115018784925
Cr_MMI_ME_mg_kg_0_001_sd,K07787,cusA,ko_freq_K07787_z,1481,0.233994990043733,-0.0012024129645265,0.0012389606762528,-0.970501314184669,0.331955461025619,"Cu,Ag",Cr,False,0.5975198298461142
Cr_MMI_ME_mg_kg_0_001_sd,K15726,czcA,ko_freq_K15726_z,1481,0.229208176665051,0.0006181745766077,0.0011600509096468,0.532885730675297,0.594192792969536,"Co,Ni,Zn,Cd",Cr,False,0.8402938662445315
Cr_MMI_ME_mg_kg_0_001_sd,K17686,copA,ko_freq_K17686_z,1481,0.240573699165918,-0.0022915422673819,0.0010345816909481,-2.21494569972708,0.0269158001295046,Cu,Cr,False,0.08514385532363851
Cr_MMI_ME_mg_kg_0_001_sd,K19594,gesB,ko_freq_K19594_z,1481,0.232829119784204,-0.0001007161517973,0.0009404950281724,-0.107088446807719,0.914733346167699,"Cu,Au",Cr,False,0.914733346167699
Cr_MMI_ME_mg_kg_0_001_sd,K19595,gesA,ko_freq_K19595_z,1481,0.232819518970983,0.0002822805414398,0.0010126300291266,0.27875979708333,0.780468165476274,"Cu,Au",Cr,False,0.8780266861608083
Cu_MMI_ME_mg_kg_0_01_sd,K03325,ACR3,ko_freq_K03325_z,1481,0.58131310307953,-0.0108671308849929,0.0139730647283361,-0.777719927322412,0.436858610855725,"As,Tl",Cu,False,0.750651694984463
Cu_MMI_ME_mg_kg_0_01_sd,K03446,emrB,ko_freq_K03446_z,1481,0.532251809205967,0.0603216532314714,0.0136315184812106,4.42516021341403,1.0343648564863e-05,"Cu,Tl",Cu,True,9.3092837083767e-05
Cu_MMI_ME_mg_kg_0_01_sd,K07665,cusR,ko_freq_K07665_z,1481,0.58470826450951,-0.0169001482808856,0.012024534723605,-1.40547211757886,0.160091096617759,"Cu,Ni",Cu,True,0.480273289853277
Cu_MMI_ME_mg_kg_0_01_sd,K07785,nrsD,ko_freq_K07785_z,1481,0.583117053083556,0.0099340729054047,0.0100401122632153,0.989438429070259,0.322610630029695,Ni,Cu,False,0.7258739175668137
Cu_MMI_ME_mg_kg_0_01_sd,K07787,cusA,ko_freq_K07787_z,1481,0.582857930292359,-0.0110140276097767,0.0169802288257361,-0.648638350095921,0.516672925587884,"Cu,Ag",Cu,True,0.750651694984463
Cu_MMI_ME_mg_kg_0_01_sd,K15726,czcA,ko_freq_K15726_z,1481,0.587662405410562,-0.0088030296430416,0.0160667224057441,-0.54790450850725,0.583840207210138,"Co,Ni,Zn,Cd",Cu,False,0.750651694984463
Cu_MMI_ME_mg_kg_0_01_sd,K17686,copA,ko_freq_K17686_z,1481,0.584346238754222,-0.0351983062312962,0.013515337697666,-2.60432310451072,0.0092978763605407,Cu,Cu,True,0.04184044362243315
Cu_MMI_ME_mg_kg_0_01_sd,K19594,gesB,ko_freq_K19594_z,1481,0.584279015533716,-0.0046907288744214,0.0116856834472338,-0.401408175705105,0.688177659576543,"Cu,Au",Cu,True,0.760849799034558
Cu_MMI_ME_mg_kg_0_01_sd,K19595,gesA,ko_freq_K19595_z,1481,0.584168062959464,-0.0038356857028758,0.0125999255683945,-0.304421298527132,0.760849799034558,"Cu,Au",Cu,True,0.760849799034558
Hg_AR_mg_kg_0_01_sd,K03325,ACR3,ko_freq_K03325_z,1466,0.755598714517362,-0.0052956898951328,0.0028518330861439,-1.85694244199032,0.0635202070069182,"As,Tl",Hg,False,0.32914050053771704
Hg_AR_mg_kg_0_01_sd,K03446,emrB,ko_freq_K03446_z,1466,0.755230855528665,0.0011715742809228,0.0028376134571899,0.412873105727031,0.679760085833348,"Cu,Tl",Hg,False,0.7647300965625166
Hg_AR_mg_kg_0_01_sd,K07665,cusR,ko_freq_K07665_z,1466,0.756297520739963,0.0004848138888032,0.0024339931022421,0.199184577949982,0.842146040772057,"Cu,Ni",Hg,False,0.842146040772057
Hg_AR_mg_kg_0_01_sd,K07785,nrsD,ko_freq_K07785_z,1466,0.756749813546033,0.0035599570715331,0.0019852184425685,1.79323191604405,0.073142333452826,Ni,Hg,False,0.32914050053771704
Hg_AR_mg_kg_0_01_sd,K07787,cusA,ko_freq_K07787_z,1466,0.75386977531165,0.0047741891622702,0.0035403895664321,1.34849260870508,0.1777087085584,"Cu,Ag",Hg,False,0.5331261256752001
Hg_AR_mg_kg_0_01_sd,K15726,czcA,ko_freq_K15726_z,1466,0.752166621713971,0.0027490392349688,0.0033495989569967,0.820706977241712,0.411946898114553,"Co,Ni,Zn,Cd",Hg,False,0.6494757955262895
Hg_AR_mg_kg_0_01_sd,K17686,copA,ko_freq_K17686_z,1466,0.755343932695821,0.002166342809642,0.0027620921668572,0.784312281695835,0.432983863684193,Cu,Hg,False,0.6494757955262895
Hg_AR_mg_kg_0_01_sd,K19594,gesB,ko_freq_K19594_z,1466,0.75616536905726,-0.0014105532885821,0.0022917651060737,-0.6154877237828,0.538328404986504,"Cu,Au",Hg,False,0.6921365206969338
Hg_AR_mg_kg_0_01_sd,K19595,gesA,ko_freq_K19595_z,1466,0.756376559881204,-0.0022603591733654,0.0024718747200344,-0.914431121870919,0.360641035832361,"Cu,Au",Hg,False,0.6494757955262895
Hg_MMI_ME_mg_kg_0_001_sd,K03325,ACR3,ko_freq_K03325_z,1055,0.305135315139846,-0.0016691541275856,0.0006828656212013,-2.44433762040792,0.0146751539937119,"As,Tl",Hg,False,0.06603819297170356
Hg_MMI_ME_mg_kg_0_001_sd,K03446,emrB,ko_freq_K03446_z,1055,0.284396629168145,-0.0009374957522743,0.0006417265766301,-1.46089594293779,0.144342595727837,"Cu,Tl",Hg,False,0.31442697440323203
Hg_MMI_ME_mg_kg_0_001_sd,K07665,cusR,ko_freq_K07665_z,1055,0.293826758459339,0.000191641704659,0.0005756229272254,0.332929241687412,0.739254030779063,"Cu,Ni",Hg,False,0.831660784626446
Hg_MMI_ME_mg_kg_0_001_sd,K07785,nrsD,ko_freq_K07785_z,1055,0.29383350124049,-7.86628701728965e-05,0.0004363880732274,-0.180258982769912,0.856983971965876,Ni,Hg,False,0.856983971965876
Hg_MMI_ME_mg_kg_0_001_sd,K07787,cusA,ko_freq_K07787_z,1055,0.272523448681179,0.0024665286463255,0.0007847400652755,3.14311547921213,0.0017183705136495,"Cu,Ag",Hg,False,0.0154653346228455
Hg_MMI_ME_mg_kg_0_001_sd,K15726,czcA,ko_freq_K15726_z,1055,0.294684665582555,-0.0008157051927307,0.0007107953257771,-1.14759504339583,0.2513966843421,"Co,Ni,Zn,Cd",Hg,False,0.37709502651315
Hg_MMI_ME_mg_kg_0_001_sd,K17686,copA,ko_freq_K17686_z,1055,0.299342481006877,-0.0008975165784334,0.0006607982678451,-1.35823082793525,0.17468165244624,Cu,Hg,False,0.31442697440323203
Hg_MMI_ME_mg_kg_0_001_sd,K19594,gesB,ko_freq_K19594_z,1055,0.292952236453229,-0.0011433858251534,0.0007194532919085,-1.58924260686918,0.112306095328423,"Cu,Au",Hg,False,0.31442697440323203
Hg_MMI_ME_mg_kg_0_001_sd,K19595,gesA,ko_freq_K19595_z,1055,0.292579884150083,-0.000776248928294,0.0007762166388962,-1.00004159843553,0.317520342164071,"Cu,Au",Hg,False,0.4082404399252341
Ni_ICP_MS_mg_kg_0_5_sd,K03325,ACR3,ko_freq_K03325_z,1481,0.274465903643365,-0.143883674156267,0.081819123079019,-1.75855800871036,0.0788595436957677,"As,Tl",Ni,False,0.6189763299018174
Ni_ICP_MS_mg_kg_0_5_sd,K03446,emrB,ko_freq_K03446_z,1481,0.272521320697261,0.0781801910783139,0.0787071052654434,0.993305379668678,0.320723744614023,"Cu,Tl",Ni,False,0.6189763299018174
Ni_ICP_MS_mg_kg_0_5_sd,K07665,cusR,ko_freq_K07665_z,1481,0.275578096847272,0.0359044628856423,0.0713854758469201,0.502965938934641,0.6150631587932,"Cu,Ni",Ni,True,0.69194605364235
Ni_ICP_MS_mg_kg_0_5_sd,K07785,nrsD,ko_freq_K07785_z,1481,0.276560272457418,0.0144146675396015,0.0610507500190538,0.236109589728263,0.813380346908218,Ni,Ni,True,0.813380346908218
Ni_ICP_MS_mg_kg_0_5_sd,K07787,cusA,ko_freq_K07787_z,1481,0.266993246985589,0.09322100816651,0.0958849397032817,0.972217414486411,0.331101478147536,"Cu,Ag",Ni,False,0.6189763299018174
Ni_ICP_MS_mg_kg_0_5_sd,K15726,czcA,ko_freq_K15726_z,1481,0.264473158145305,0.0851913028181617,0.0899744601435322,0.946838721591214,0.343875738834343,"Co,Ni,Zn,Cd",Ni,True,0.6189763299018174
Ni_ICP_MS_mg_kg_0_5_sd,K17686,copA,ko_freq_K17686_z,1481,0.279521955573367,-0.0879475283849773,0.0797615036625847,-1.10263127381628,0.270366830319264,Cu,Ni,False,0.6189763299018174
Ni_ICP_MS_mg_kg_0_5_sd,K19594,gesB,ko_freq_K19594_z,1481,0.276599152471047,-0.0528024512332364,0.0719808772684064,-0.733562207589436,0.463331939753261,"Cu,Au",Ni,False,0.6762144791669169
Ni_ICP_MS_mg_kg_0_5_sd,K19595,gesA,ko_freq_K19595_z,1481,0.276165565620266,-0.0491788194300084,0.0775251919766562,-0.634359208614623,0.525944594907602,"Cu,Au",Ni,False,0.6762144791669169
Ni_MMI_ME_mg_kg_0_005_sd,K03325,ACR3,ko_freq_K03325_z,1481,0.38300589634636,-0.0142085156229738,0.008643724786848,-1.64379546704136,0.100431136557191,"As,Tl",Ni,False,0.45194011450735955
Ni_MMI_ME_mg_kg_0_005_sd,K03446,emrB,ko_freq_K03446_z,1481,0.366008866716201,-0.0258664368416082,0.0083547590064751,-3.09601232322334,0.0019982806941863,"Cu,Tl",Ni,False,0.0179845262476767
Ni_MMI_ME_mg_kg_0_005_sd,K07665,cusR,ko_freq_K07665_z,1481,0.378954316316691,0.0084929509396004,0.0075077295064943,1.13122761445439,0.258142817310125,"Cu,Ni",Ni,True,0.46952378270812356
Ni_MMI_ME_mg_kg_0_005_sd,K07785,nrsD,ko_freq_K07785_z,1481,0.384427438784534,-0.0029445711250083,0.0063745423297518,-0.461926672173017,0.644201888465142,Ni,Ni,True,0.828259570883754
Ni_MMI_ME_mg_kg_0_005_sd,K07787,cusA,ko_freq_K07787_z,1481,0.370647208324885,0.0106873850354007,0.0102583168800184,1.04182636980323,0.297662567855428,"Cu,Ag",Ni,False,0.46952378270812356
Ni_MMI_ME_mg_kg_0_005_sd,K15726,czcA,ko_freq_K15726_z,1481,0.377882704308702,0.0097704006448127,0.0096807708699971,1.00925853695116,0.313015855138749,"Co,Ni,Zn,Cd",Ni,True,0.46952378270812356
Ni_MMI_ME_mg_kg_0_005_sd,K17686,copA,ko_freq_K17686_z,1481,0.389499260851183,-0.0108932386802257,0.0084064532830755,-1.29581861855543,0.195240305790979,Cu,Ni,False,0.46952378270812356
Ni_MMI_ME_mg_kg_0_005_sd,K19594,gesB,ko_freq_K19594_z,1481,0.383623514392214,-0.0024155738682424,0.0074786556265669,-0.322995734642658,0.746744160732522,"Cu,Au",Ni,False,0.8400871808240873
Ni_MMI_ME_mg_kg_0_005_sd,K19595,gesA,ko_freq_K19595_z,1481,0.383655562860133,-0.0010413395005852,0.0080575830361798,-0.129237203750742,0.89718754291973,"Cu,Au",Ni,False,0.89718754291973
PF1_As_sd,K03325,ACR3,ko_freq_K03325_z,1521,0.473605507318202,0.0003803559907692,0.0002054198246564,1.85160313229429,0.0642769129909106,"As,Tl",As,True,0.19283073897273179
PF1_As_sd,K03446,emrB,ko_freq_K03446_z,1521,0.421615154666016,-0.0008350149923378,0.0001974963040891,-4.22800313245842,2.49843390766695e-05,"Cu,Tl",As,False,0.00022485905169002552
PF1_As_sd,K07665,cusR,ko_freq_K07665_z,1521,0.484345660014497,7.23051290751649e-05,0.0001784441342946,0.405197567076025,0.685389388964707,"Cu,Ni",As,False,0.685389388964707
PF1_As_sd,K07785,nrsD,ko_freq_K07785_z,1521,0.479902047231079,7.94537659519188e-05,0.0001506432674102,0.527429916502853,0.597972148046976,Ni,As,False,0.672718666552848
PF1_As_sd,K07787,cusA,ko_freq_K07787_z,1521,0.480927090137703,-0.0003262790594812,0.000247105361259,-1.32040461533837,0.186899008654275,"Cu,Ag",As,False,0.42052276947211875
PF1_As_sd,K15726,czcA,ko_freq_K15726_z,1521,0.456653961708931,-0.0006983458413846,0.0002326993185134,-3.00106526244208,0.0027342544395304,"Co,Ni,Zn,Cd",As,False,0.0123041449778868
PF1_As_sd,K17686,copA,ko_freq_K17686_z,1521,0.478140959006859,0.0002251010299957,0.0001986488222241,1.13316065746263,0.257325729850984,Cu,As,False,0.4631863137317712
PF1_As_sd,K19594,gesB,ko_freq_K19594_z,1521,0.480529860156615,0.0001176409204819,0.0001760579094455,0.668194464267232,0.504111051268259,"Cu,Au",As,False,0.672718666552848
PF1_As_sd,K19595,gesA,ko_freq_K19595_z,1521,0.480584322279219,0.0001110238772412,0.000189758032171,0.585081305761023,0.558580004001436,"Cu,Au",As,False,0.672718666552848
PF1_Cd_sd,K03325,ACR3,ko_freq_K03325_z,1521,0.372145941770852,-0.0002015397543392,0.0001330508955555,-1.51475684171672,0.130042175511746,"As,Tl",Cd,False,0.585189789802857
PF1_Cd_sd,K03446,emrB,ko_freq_K03446_z,1521,0.362423182150416,0.0001095385129801,0.0001280232568821,0.855614172360798,0.392346255365085,"Cu,Tl",Cd,False,0.7062232596571529
PF1_Cd_sd,K07665,cusR,ko_freq_K07665_z,1521,0.36608951876309,3.88226755491169e-05,0.0001160573835652,0.334512758744874,0.738038876144003,"Cu,Ni",Cd,False,0.814049889665363
PF1_Cd_sd,K07785,nrsD,ko_freq_K07785_z,1521,0.36911880811468,2.32445639230756e-05,9.88097953889386e-05,0.235245542525208,0.814049889665363,Ni,Cd,False,0.814049889665363
PF1_Cd_sd,K07787,cusA,ko_freq_K07787_z,1521,0.365095886127093,9.71137734872354e-05,0.0001579296065022,0.614918099513384,0.538700971993459,"Cu,Ag",Cd,False,0.8080514579901885
PF1_Cd_sd,K15726,czcA,ko_freq_K15726_z,1521,0.37375692006891,-6.51787886415608e-05,0.0001494229218223,-0.436203414085741,0.662751178678122,"Co,Ni,Zn,Cd",Cd,True,0.814049889665363
PF1_Cd_sd,K17686,copA,ko_freq_K17686_z,1521,0.374897929728745,-0.0004997669196165,0.0001282714474448,-3.89616652475415,0.0001019770930966,Cu,Cd,False,0.0009177938378694
PF1_Cd_sd,K19594,gesB,ko_freq_K19594_z,1521,0.36797074640852,0.0001243368992501,0.0001159827380722,1.07202934951065,0.283877250347458,"Cu,Au",Cd,False,0.6387238132817805
PF1_Cd_sd,K19595,gesA,ko_freq_K19595_z,1521,0.36785414193025,0.000148523669126,0.0001249426723961,1.18873453142728,0.23473007407192,"Cu,Au",Cd,False,0.6387238132817805
PF1_Hg_sd,K03325,ACR3,ko_freq_K03325_z,1521,0.309130116303444,-0.0001439468102441,8.22057359955814e-05,-1.75105554984493,0.0801383120691825,"As,Tl",Hg,False,0.36062240431132125
PF1_Hg_sd,K03446,emrB,ko_freq_K03446_z,1521,0.316136730337301,-5.60857180412996e-05,7.88609051617361e-05,-0.711198000153222,0.477070811991719,"Cu,Tl",Hg,False,0.8587274615850942
PF1_Hg_sd,K07665,cusR,ko_freq_K07665_z,1521,0.320784538728281,-1.88503384781766e-05,7.18968762958838e-05,-0.262185778427981,0.793213790559836,"Cu,Ni",Hg,False,0.9598395537454455
PF1_Hg_sd,K07785,nrsD,ko_freq_K07785_z,1521,0.319212982532483,-1.13692344651413e-05,6.14286315497393e-05,-0.185080379919184,0.853190714440396,Ni,Hg,False,0.9598395537454455
PF1_Hg_sd,K07787,cusA,ko_freq_K07787_z,1521,0.31868118412558,-3.09071859183188e-05,9.71271432921982e-05,-0.318213682300296,0.750366626159733,"Cu,Ag",Hg,False,0.9598395537454455
PF1_Hg_sd,K15726,czcA,ko_freq_K15726_z,1521,0.319047529260448,6.47175102275963e-07,9.16187876350733e-05,0.007063781555959,0.994364892781068,"Co,Ni,Zn,Cd",Hg,False,0.994364892781068
PF1_Hg_sd,K17686,copA,ko_freq_K17686_z,1521,0.307464243576261,-0.0003248245709094,7.93238177679757e-05,-4.09491852572683,4.44570001749205e-05,Cu,Hg,False,0.00040011300157428455
PF1_Hg_sd,K19594,gesB,ko_freq_K19594_z,1521,0.318466806471836,5.35428705142587e-05,7.22798473407901e-05,0.740771770889485,0.458946400474933,"Cu,Au",Hg,False,0.8587274615850942
PF1_Hg_sd,K19595,gesA,ko_freq_K19595_z,1521,0.31837477674613,5.88499605329415e-05,7.78544029283176e-05,0.755897654075212,0.44982783991896,"Cu,Au",Hg,False,0.8587274615850942
Zn_ICP_MS_mg_kg_0_9_sd,K03325,ACR3,ko_freq_K03325_z,1479,0.358575749463224,-0.16719430282475,0.183110346848327,-0.913079493881579,0.361349851093831,"As,Tl",Zn,False,0.6579502216174485
Zn_ICP_MS_mg_kg_0_9_sd,K03446,emrB,ko_freq_K03446_z,1479,0.36307819343254,-0.0659990858056301,0.177464470942126,-0.3719002764624,0.710020482652882,"Cu,Tl",Zn,False,0.710020482652882
Zn_ICP_MS_mg_kg_0_9_sd,K07665,cusR,ko_freq_K07665_z,1479,0.359374964773084,-0.10145935309085,0.159097068272441,-0.637719815912062,0.523754997904245,"Cu,Ni",Zn,False,0.6583117337073607
Zn_ICP_MS_mg_kg_0_9_sd,K07785,nrsD,ko_freq_K07785_z,1479,0.362684201236232,0.322950693540025,0.135010011731754,2.39204996279596,0.0168790440898999,Ni,Zn,False,0.1519113968090991
Zn_ICP_MS_mg_kg_0_9_sd,K07787,cusA,ko_freq_K07787_z,1479,0.345023058957875,0.429296427997729,0.216247145795308,1.98521199629653,0.047305714353447,"Cu,Ag",Zn,False,0.21287571459051152
Zn_ICP_MS_mg_kg_0_9_sd,K15726,czcA,ko_freq_K15726_z,1479,0.354808138571471,0.111526983785228,0.204271421812671,0.545974482360556,0.585165985517654,"Co,Ni,Zn,Cd",Zn,True,0.6583117337073607
Zn_ICP_MS_mg_kg_0_9_sd,K17686,copA,ko_freq_K17686_z,1479,0.366081578479128,-0.264196251590792,0.1779839022862,-1.4843828469721,0.137920897653648,Cu,Zn,False,0.41376269296094403
Zn_ICP_MS_mg_kg_0_9_sd,K19594,gesB,ko_freq_K19594_z,1479,0.362445663623763,-0.123025631266467,0.158801602782703,-0.774712780668908,0.438633481078299,"Cu,Au",Zn,False,0.6579502216174485
Zn_ICP_MS_mg_kg_0_9_sd,K19595,gesA,ko_freq_K19595_z,1479,0.362186727121183,-0.153631208320347,0.171069820003643,-0.898061436652448,0.369299264113479,"Cu,Au",Zn,False,0.6579502216174485
Zn_MMI_ME_mg_kg_0_02_sd,K03325,ACR3,ko_freq_K03325_z,1481,0.421295272212786,-0.0010065850918738,0.0201920291067197,-0.0498506161294528,0.960248166576412,"As,Tl",Zn,False,0.960248166576412
Zn_MMI_ME_mg_kg_0_02_sd,K03446,emrB,ko_freq_K03446_z,1481,0.416635255828258,-0.05092746889354,0.0196002490622341,-2.59830723231306,0.0094616069316813,"Cu,Tl",Zn,False,0.0484320286477062
Zn_MMI_ME_mg_kg_0_02_sd,K07665,cusR,ko_freq_K07665_z,1481,0.420377248009022,-0.0175549532853965,0.0174968344533573,-1.00332167696929,0.31586991050759,"Cu,Ni",Zn,False,0.5790728448964955
Zn_MMI_ME_mg_kg_0_02_sd,K07785,nrsD,ko_freq_K07785_z,1481,0.422313707841729,0.0121386224932898,0.0148106372852939,0.819588128415158,0.412583085253534,Ni,Zn,False,0.5790728448964955
Zn_MMI_ME_mg_kg_0_02_sd,K07787,cusA,ko_freq_K07787_z,1481,0.405128116017646,0.0612681595571305,0.0239933041219961,2.55355240968927,0.0107626730328236,"Cu,Ag",Zn,False,0.0484320286477062
Zn_MMI_ME_mg_kg_0_02_sd,K15726,czcA,ko_freq_K15726_z,1481,0.423254202104132,-0.0140033945513656,0.0227448502215825,-0.615673192610335,0.538205026392864,"Co,Ni,Zn,Cd",Zn,True,0.6054806546919721
Zn_MMI_ME_mg_kg_0_02_sd,K17686,copA,ko_freq_K17686_z,1481,0.42564953513943,-0.0367971398967217,0.0195942972105307,-1.87795150299882,0.0605845534067053,Cu,Zn,False,0.1817536602201159
Zn_MMI_ME_mg_kg_0_02_sd,K19594,gesB,ko_freq_K19594_z,1481,0.420415882903576,0.0147671189149359,0.0173506059128939,0.851101050249887,0.394851088135396,"Cu,Au",Zn,False,0.5790728448964955
Zn_MMI_ME_mg_kg_0_02_sd,K19595,gesA,ko_freq_K19595_z,1481,0.420732648370084,0.0141148395142446,0.0186960070818286,0.754965456124765,0.450389990475052,"Cu,Au",Zn,False,0.5790728448964955
georoc_Cd_sd,K03325,ACR3,ko_freq_K03325_z,1466,0.145705296985138,0.0050626072468942,0.0060254293335414,0.840206890936799,0.400929681996062,"As,Tl",Cd,False,0.601394522994093
georoc_Cd_sd,K03446,emrB,ko_freq_K03446_z,1466,0.112672289352221,-0.0189939866868035,0.0057009464882771,-3.33172513123231,0.0008846188868167,"Cu,Tl",Cd,False,0.007961569981350301
georoc_Cd_sd,K07665,cusR,ko_freq_K07665_z,1466,0.147309018509922,-0.0047863040424148,0.0052285079715879,-0.915424451568964,0.360119703531469,"Cu,Ni",Cd,False,0.601394522994093
georoc_Cd_sd,K07785,nrsD,ko_freq_K07785_z,1466,0.150897860103929,-0.0038009504161519,0.0045079669617585,-0.843162882158571,0.399275182332236,Ni,Cd,False,0.601394522994093
georoc_Cd_sd,K07787,cusA,ko_freq_K07787_z,1466,0.14494951950543,0.0071812833402302,0.0069391987135271,1.03488653902232,0.300892930108448,"Cu,Ag",Cd,False,0.601394522994093
georoc_Cd_sd,K15726,czcA,ko_freq_K15726_z,1466,0.140732771531048,-0.0062974934869694,0.0064330344133461,-0.978930483242008,0.327776174914481,"Co,Ni,Zn,Cd",Cd,True,0.601394522994093
georoc_Cd_sd,K17686,copA,ko_freq_K17686_z,1466,0.145756779853578,0.0040459773563811,0.0058804978607454,0.688033131240396,0.491540989501484,Cu,Cd,False,0.6319812722161937
georoc_Cd_sd,K19594,gesB,ko_freq_K19594_z,1466,0.150119382486868,0.0011404578609563,0.0053704935006205,0.212356250095939,0.831858696615596,"Cu,Au",Cd,False,0.846494931440976
georoc_Cd_sd,K19595,gesA,ko_freq_K19595_z,1466,0.150054075138411,0.0011191935577817,0.0057801560608733,0.193626875467546,0.846494931440976,"Cu,Au",Cd,False,0.846494931440976
georoc_Co_sd,K03325,ACR3,ko_freq_K03325_z,1517,0.0989183329106458,-0.432133595024225,0.461703478439889,-0.93595481776403,0.349445714395649,"As,Tl",Co,False,0.8339176300163194
georoc_Co_sd,K03446,emrB,ko_freq_K03446_z,1517,0.0923795239425533,0.0982756853940707,0.430159743728865,0.228463232152228,0.819316989656192,"Cu,Tl",Co,False,0.9217316133632161
georoc_Co_sd,K07665,cusR,ko_freq_K07665_z,1517,0.0896681773890583,0.614972654594702,0.403150001385088,1.52541895691892,0.127363490843669,"Cu,Ni",Co,False,0.8339176300163194
georoc_Co_sd,K07785,nrsD,ko_freq_K07785_z,1517,0.0912874106712978,0.207070372076812,0.35034486527656,0.591047258287493,0.554576981711832,Ni,Co,False,0.8339176300163194
georoc_Co_sd,K07787,cusA,ko_freq_K07787_z,1517,0.0884775160697453,0.665552021613066,0.522865598484016,1.27289311735703,0.20325139659138,"Cu,Ag",Co,False,0.8339176300163194
georoc_Co_sd,K15726,czcA,ko_freq_K15726_z,1517,0.0923917059507943,0.433057025733576,0.485379942875371,0.892202144093889,0.372426371312507,"Co,Ni,Zn,Cd",Co,True,0.8339176300163194
georoc_Co_sd,K17686,copA,ko_freq_K17686_z,1517,0.0927215709947198,0.0323188140712163,0.449459666743397,0.0719059271889407,0.942686270341127,Cu,Co,False,0.942686270341127
georoc_Co_sd,K19594,gesB,ko_freq_K19594_z,1517,0.0931750939788711,-0.19192581617515,0.421079038177943,-0.455795227911689,0.648602601123804,"Cu,Au",Co,False,0.8339176300163194
georoc_Co_sd,K19595,gesA,ko_freq_K19595_z,1517,0.09303908949576,-0.234493869367579,0.453019500988549,-0.517624227778015,0.604796094911122,"Cu,Au",Co,False,0.8339176300163194
georoc_Cr_sd,K03325,ACR3,ko_freq_K03325_z,1520,0.349630406682352,-4.63039991349717,3.86599111744346,-1.19772647500525,0.23121062390098,"As,Tl",Cr,False,0.41617912302176396
georoc_Cr_sd,K03446,emrB,ko_freq_K03446_z,1520,0.332293135241451,14.0480456326686,3.6944565763049,3.80246603053028,0.0001489416644715,"Cu,Tl",Cr,False,0.0013404749802435
georoc_Cr_sd,K07665,cusR,ko_freq_K07665_z,1520,0.357811240056083,1.05417890026938,3.37363812972668,0.312475392953538,0.754722207742666,"Cu,Ni",Cr,False,0.754722207742666
georoc_Cr_sd,K07785,nrsD,ko_freq_K07785_z,1520,0.361839510508817,5.32270548508693,2.87045928406307,1.85430447128752,0.0638895711176831,Ni,Cr,False,0.19166871335304933
georoc_Cr_sd,K07787,cusA,ko_freq_K07787_z,1520,0.347999692625339,-7.20401264067255,4.57578064286036,-1.57437893180326,0.115608386430589,"Cu,Ag",Cr,False,0.2601188694688253
georoc_Cr_sd,K15726,czcA,ko_freq_K15726_z,1520,0.360156214026734,-4.66069807036457,4.33144703561021,-1.07601409691668,0.28209204624088,"Co,Ni,Zn,Cd",Cr,False,0.42313806936132004
georoc_Cr_sd,K17686,copA,ko_freq_K17686_z,1520,0.351702306771326,-8.44997826053051,3.74013641484306,-2.2592700702028,0.0240080005600274,Cu,Cr,False,0.10803600252012331
georoc_Cr_sd,K19594,gesB,ko_freq_K19594_z,1520,0.358518130003229,-1.48082174040169,3.37612116552579,-0.438616290055773,0.661002047930872,"Cu,Au",Cr,False,0.7436273039222311
georoc_Cr_sd,K19595,gesA,ko_freq_K19595_z,1520,0.358487218299914,-1.94503708289317,3.636967439609,-0.53479639705058,0.592869029263429,"Cu,Au",Cr,False,0.7436273039222311
georoc_Hg_sd,K03325,ACR3,ko_freq_K03325_z,1145,0.198590891568324,0.0401826464871087,0.0316780964940745,1.26846783532669,0.204889439161677,"As,Tl",Hg,False,0.3073341587425155
georoc_Hg_sd,K03446,emrB,ko_freq_K03446_z,1145,0.193704373966285,0.0443010401566194,0.0296955407421639,1.49184150378907,0.136016877760341,"Cu,Tl",Hg,False,0.2448303799686138
georoc_Hg_sd,K07665,cusR,ko_freq_K07665_z,1145,0.200326623469931,-0.056481611528533,0.0247540188580821,-2.28171481375808,0.022689543762522,"Cu,Ni",Hg,False,0.068068631287566
georoc_Hg_sd,K07785,nrsD,ko_freq_K07785_z,1145,0.196932033294813,-0.0349040507690682,0.0209137473813886,-1.66895249007979,0.0954008904371002,Ni,Hg,False,0.21465200348347546
georoc_Hg_sd,K07787,cusA,ko_freq_K07787_z,1145,0.178080912027689,0.0840834706007937,0.0345507793084167,2.43362008857238,0.0151012431811037,"Cu,Ag",Hg,False,0.06795559431496666
georoc_Hg_sd,K15726,czcA,ko_freq_K15726_z,1145,0.204791721566656,-0.0230798021172869,0.0321876612296216,-0.71703880417528,0.473496777745668,"Co,Ni,Zn,Cd",Hg,False,0.6087815713872874
georoc_Hg_sd,K17686,copA,ko_freq_K17686_z,1145,0.206434360073701,-0.100211534804731,0.0298111291927804,-3.36154776817378,0.0008007277850422,Cu,Hg,False,0.0072065500653798005
georoc_Hg_sd,K19594,gesB,ko_freq_K19594_z,1145,0.201397387764563,-0.0080784594792036,0.0259821335294189,-0.310923637970553,0.755915415579764,"Cu,Au",Hg,False,0.772341053416177
georoc_Hg_sd,K19595,gesA,ko_freq_K19595_z,1145,0.201303530225697,-0.0080878903533565,0.0279487687411387,-0.289382706918737,0.772341053416177,"Cu,Au",Hg,False,0.772341053416177
georoc_Ni_sd,K03325,ACR3,ko_freq_K03325_z,1520,0.475152939050351,-2.64396507684712,1.75572074962112,-1.50591435307562,0.13229734651173,"As,Tl",Ni,False,0.2976690296513925
georoc_Ni_sd,K03446,emrB,ko_freq_K03446_z,1520,0.436119895591816,8.45410155589599,1.68691704444111,5.01156923143004,6.03203394437554e-07,"Cu,Tl",Ni,False,5.428830549937986e-06
georoc_Ni_sd,K07665,cusR,ko_freq_K07665_z,1520,0.481155232976329,0.111651393775648,1.52471267020513,0.0732278257782349,0.941634477734312,"Cu,Ni",Ni,True,0.941634477734312
georoc_Ni_sd,K07785,nrsD,ko_freq_K07785_z,1520,0.484670327322196,2.05421236953194,1.28523727794902,1.59831371590003,0.110181425837434,Ni,Ni,True,0.2976690296513925
georoc_Ni_sd,K07787,cusA,ko_freq_K07787_z,1520,0.47325054337434,-3.51683111899555,2.10845896848892,-1.66796279726325,0.0955294923920295,"Cu,Ag",Ni,False,0.2976690296513925
georoc_Ni_sd,K15726,czcA,ko_freq_K15726_z,1520,0.482179550289803,-0.540962248502102,2.00073377713797,-0.270381924213796,0.786903223986923,"Co,Ni,Zn,Cd",Ni,True,0.8852661269852885
georoc_Ni_sd,K17686,copA,ko_freq_K17686_z,1520,0.480900323264317,-1.40163878110297,1.69764860812906,-0.825635396154025,0.409140769087679,Cu,Ni,False,0.5364549827470015
georoc_Ni_sd,K19594,gesB,ko_freq_K19594_z,1520,0.482632375172142,-1.3509867657704,1.50337134813813,-0.898638095932551,0.368988068765024,"Cu,Au",Ni,False,0.5364549827470015
georoc_Ni_sd,K19595,gesA,ko_freq_K19595_z,1520,0.482178356803748,-1.31494830118853,1.62052052199297,-0.811435759894826,0.417242764358779,"Cu,Au",Ni,False,0.5364549827470015
georoc_Pb_sd,K03325,ACR3,ko_freq_K03325_z,1517,0.12826187142904,-0.20079908507107,0.146895652705073,-1.36695049426834,0.171843753617432,"As,Tl",Pb,False,0.3284100450951195
georoc_Pb_sd,K03446,emrB,ko_freq_K03446_z,1517,0.124962799585365,-0.0201247910703809,0.137985393479514,-0.145847256458843,0.884061384508518,"Cu,Tl",Pb,False,0.944121956024456
georoc_Pb_sd,K07665,cusR,ko_freq_K07665_z,1517,0.12509638609097,-0.119052312643526,0.128785100458199,-0.924426134855316,0.355411803518426,"Cu,Ni",Pb,False,0.4569580330951191
georoc_Pb_sd,K07785,nrsD,ko_freq_K07785_z,1517,0.106641171853219,0.241551116610458,0.111122520410412,2.17373684216602,0.0298794208607603,Ni,Pb,False,0.0983241845296995
georoc_Pb_sd,K07787,cusA,ko_freq_K07787_z,1517,0.122921237060432,-0.430551781881244,0.167788858683646,-2.56603319945706,0.0103823855911296,"Cu,Ag",Pb,False,0.09344147032016639
georoc_Pb_sd,K15726,czcA,ko_freq_K15726_z,1517,0.124881989835627,-0.0109804286746002,0.156635654185933,-0.0701017193797144,0.944121956024456,"Co,Ni,Zn,Cd",Pb,False,0.944121956024456
georoc_Pb_sd,K17686,copA,ko_freq_K17686_z,1517,0.131702847777928,-0.305422497150966,0.142934999204361,-2.13679293980538,0.0327747281765665,Cu,Pb,False,0.0983241845296995
georoc_Pb_sd,K19594,gesB,ko_freq_K19594_z,1517,0.125768709884109,-0.163762558113223,0.133155279615641,-1.22986154650369,0.218940030063413,"Cu,Au",Pb,False,0.3284100450951195
georoc_Pb_sd,K19595,gesA,ko_freq_K19595_z,1517,0.125201952598443,-0.179904699657075,0.143292304229622,-1.25550845611905,0.209487973635087,"Cu,Au",Pb,False,0.3284100450951195
pH_sd,K03325,ACR3,ko_freq_K03325_z,1520,0.354223895501648,-0.0099974783852044,0.0060716757799905,-1.64657645557285,0.0998522584990571,"As,Tl",,False,0.37096763200736704
pH_sd,K03446,emrB,ko_freq_K03446_z,1520,0.355525943520725,-0.008993477900971,0.0058381621755163,-1.54046387040894,0.123655877335789,"Cu,Tl",,False,0.37096763200736704
pH_sd,K07665,cusR,ko_freq_K07665_z,1520,0.347321744437667,-0.003895168364515,0.0052994358483538,-0.735015665058953,0.462443562657539,"Cu,Ni",,False,0.5945702948454072
pH_sd,K07785,nrsD,ko_freq_K07785_z,1520,0.343969255366652,-0.0059244129201606,0.0045181777413139,-1.31123945523173,0.189975309651003,Ni,,False,0.4274444467147568
pH_sd,K07787,cusA,ko_freq_K07787_z,1520,0.338140443315929,0.0118288504185237,0.0071768421987332,1.64819708877138,0.0995193081767315,"Cu,Ag",,False,0.37096763200736704
pH_sd,K15726,czcA,ko_freq_K15726_z,1520,0.337869871920871,0.0053600190706622,0.0067777977769784,0.790820152361025,0.429172562640189,"Co,Ni,Zn,Cd",,False,0.5945702948454072
pH_sd,K17686,copA,ko_freq_K17686_z,1520,0.348562760640721,-0.0045138374014487,0.0058881556138195,-0.766596146143748,0.443440943291397,Cu,,False,0.5945702948454072
pH_sd,K19594,gesB,ko_freq_K19594_z,1520,0.34516907190429,0.0001838708563967,0.0053127567348889,0.0346093121842452,0.972395829044623,"Cu,Au",,False,0.972395829044623
pH_sd,K19595,gesA,ko_freq_K19595_z,1520,0.345366920131234,-0.0003030406164997,0.0057229556966614,-0.052951766982314,0.957777309951731,"Cu,Au",,False,0.972395829044623
temp_sd,K03325,ACR3,ko_freq_K03325_z,1520,0.392280495965151,-0.0566559980621524,0.0445961581163532,-1.27042329328761,0.204128694391196,"As,Tl",,False,0.46133694439037554
temp_sd,K03446,emrB,ko_freq_K03446_z,1520,0.389770143241464,-0.0321586917347321,0.0430043420542577,-0.747801040512564,0.454696078011734,"Cu,Tl",,False,0.664798161798639
temp_sd,K07665,cusR,ko_freq_K07665_z,1520,0.391857756563791,-0.0778782723664723,0.0388067932096568,-2.0068206085911,0.0449459242646267,"Cu,Ni",,False,0.20225665919082017
temp_sd,K07785,nrsD,ko_freq_K07785_z,1520,0.385101526812198,-0.0221058502181469,0.0330425388821599,-0.66901185459699,0.503589711138452,Ni,,False,0.664798161798639
temp_sd,K07787,cusA,ko_freq_K07787_z,1520,0.377338843316089,0.0671552165070506,0.0529669228282773,1.2678708318543,0.205038641951278,"Cu,Ag",,False,0.46133694439037554
temp_sd,K15726,czcA,ko_freq_K15726_z,1520,0.387759665455199,-0.0257109264384517,0.0501608878186478,-0.512569205940039,0.608327319563869,"Co,Ni,Zn,Cd",,False,0.664798161798639
temp_sd,K17686,copA,ko_freq_K17686_z,1520,0.401945643813246,-0.115018444508571,0.0431184206773546,-2.66750133009805,0.0077230794464774,Cu,,False,0.0695077150182966
temp_sd,K19594,gesB,ko_freq_K19594_z,1520,0.386079972874803,0.0168004103439287,0.0387657342588635,0.43338300344685,0.664798161798639,"Cu,Au",,False,0.664798161798639
temp_sd,K19595,gesA,ko_freq_K19595_z,1520,0.38594140408013,0.0227159475718822,0.0417656492424869,0.543890684902222,0.586596621709875,"Cu,Au",,False,0.664798161798639
