ko_id,gene_name,subcategory,evidence_tier,lambda_original,lambda_asin,delta_lambda,n_genera_original,n_genera_asin
K00013,hisD,Metal-dependent Metabolism,Tier 2-Fitness,0.5095541270509686,0.7622402319673334,0.2526861049163648,1351,1574
K00108,betA,Metal-dependent Metabolism,Tier 2-Fitness,0.4550318732753353,0.5650236863338136,0.10999181305847833,438,1574
K00425,cydA,Unknown,Tier 2-Fitness,0.5496631729209888,0.6890895452184399,0.13942637229745114,1139,1574
K00523,ascD,Unknown,Tier 2-Fitness,0.6291594731859016,0.739479304899924,0.11031983171402238,213,1574
K00817,hisC,Unknown,Tier 2-Fitness,0.5084372907344797,0.6568605769916025,0.14842328625712276,1416,1574
K00826,E2.6.1.42,Unknown,Tier 2-Fitness,0.5026910991267858,0.6582276794211479,0.15553658029436213,1422,1574
K01002,mdoB,Unknown,Tier 2-Fitness,0.1971437220468155,0.36123330122012587,0.16408957917331038,165,1574
K01262,pepP,Unknown,Tier 2-Fitness,0.5605873258642452,0.762112309874765,0.20152498401051977,1349,1574
K01414,prlC,Unknown,Tier 2-Fitness,0.3831641000797611,0.6481533831193302,0.26498928303956915,390,1574
K01626,E2.5.1.54,Unknown,Tier 2-Fitness,0.6225834503004058,0.8031970505308397,0.18061360023043382,979,1574
K02007,cbiM,Transport/Homeostasis,Tier 2,0.5554474595698389,0.8212152842527619,0.26576782468292304,539,1574
K02009,cbiN,Transport/Homeostasis,Tier 2,0.5686107849885613,0.82608338686957,0.2574726018810086,235,1574
K02012,afuA,Transport/Homeostasis,Tier 1,0.5256319286864727,0.7462322089230403,0.22060028023656764,926,1574
K02069,STAR2,Transport/Homeostasis,Tier 1,0.5138841377981769,0.7806414835410647,0.2667573457428878,562,1574
K02167,betI,Sensing/Regulation,Tier 2-Fitness,0.6270702479749174,0.646337412730189,0.01926716475527157,340,1574
K02190,cbiK,Transport/Homeostasis,Tier 2,0.7861808686665489,0.9653766650536723,0.17919579638712335,242,1574
K02225,cobC1,Cofactor Biosynthesis,Tier 2,0.8286025046403807,0.664217512331706,-0.16438499230867465,308,1574
K02230,cobN,Transport/Homeostasis,Tier 2,0.8493536953288198,0.8182862020998444,-0.031067493228975396,504,1574
K02297,cyoA,Unknown,Tier 2-Fitness,0.5940048008199803,0.4722075505165422,-0.12179725030343813,262,1574
K02298,cyoB,Unknown,Tier 2-Fitness,0.4111357753868623,0.43222749577548175,0.02109172038861945,256,1574
K02493,hemK,Unknown,Tier 2-Fitness,0.502302122956015,0.666629513467821,0.164327390511806,1479,1574
K02826,qoxA,Unknown,Tier 2-Fitness,0.9849380104101708,0.6524548956820898,-0.332483114728081,58,1574
K02827,qoxB,Unknown,Tier 2-Fitness,0.941150246826185,0.6599092891592185,-0.28124095766696644,59,1574
K03306,TC.PIT,Unknown,Tier 2-Fitness,0.4235369537018262,0.8386014514264436,0.4150644977246174,696,1574
K03325,ACR3,Resistance/Detoxification,Tier 1,0.5419485256329538,0.642655093669938,0.10070656803698419,1069,1574
K03446,emrB,Resistance/Detoxification,Tier 2,0.6930795793230609,0.810540986566475,0.11746140724341414,706,1574
K03453,TC.BASS,Unknown,Tier 2-Fitness,0.4859029121321077,0.6829005875790347,0.19699767544692703,620,1574
K03501,gidB,Unknown,Tier 2-Fitness,0.4578819616867641,0.5961679266392168,0.1382859649524527,1518,1574
K03523,bioY,Transport/Homeostasis,Tier 2,0.3913104502221118,0.7898450297280442,0.39853457950593235,834,1574
K03568,tldD,Unknown,Tier 2-Fitness,0.6505415134519655,0.8621823123613954,0.21164079890942988,807,1574
K03635,MOCS2B,Cofactor Biosynthesis,Tier 2,0.5305892439358237,0.8309509439291658,0.30036169999334206,1035,1574
K03673,dsbA,Unknown,Tier 2,0.6413594922712997,0.7199543601185858,0.07859486784728609,490,1574
K03701,uvrA,Unknown,Tier 2-Fitness,0.5469154747276513,0.5382353184832823,-0.00868015624436902,1540,1574
K03760,eptA,Unknown,Tier 2-Fitness,0.2391202276283753,0.40880196962955145,0.16968174200117617,270,1574
K03781,katE,Unknown,Tier 2-Fitness,0.5106238795839142,0.6272500533806246,0.11662617379671036,933,1574
K03802,cphA,Unknown,Tier 2-Fitness,0.3854170734373203,0.7202521232223337,0.3348350497850134,344,1574
K03814,mtgA,Unknown,Tier 2-Fitness,0.5478824364692876,0.7922596655939987,0.24437722912471116,632,1574
K03837,sdaC,Unknown,Tier 2-Fitness,0.0001059596688143,0.27586693798387923,0.2757609783150649,98,1574
K04773,sppA,Unknown,Tier 2-Fitness,0.6694469638454599,0.8522364263573807,0.18278946251192085,1082,1574
K04774,sohB,Unknown,Tier 2-Fitness,0.5203696045802791,0.8314280945703135,0.3110584899900344,205,1574
K05368,fre,Unknown,Tier 2-Fitness,0.9379865631585788,0.8377007039255123,-0.10028585923306643,65,1574
K05539,dusA,Unknown,Tier 2-Fitness,0.4839579362306489,0.8271432209062887,0.34318528467563975,545,1574
K05540,dusB,Unknown,Tier 2-Fitness,0.5416252547006304,0.7376601896994885,0.19603493499885816,1418,1574
K05802,mscK,Transport/Homeostasis,Tier 2-Fitness,0.4265257308913912,0.6059238244650043,0.17939809357361308,318,1574
K05810,LACC1,Unknown,Tier 2-Fitness,0.4798021619240378,0.8608085969630901,0.3810064350390523,1243,1574
K05836,hutC,Sensing/Regulation,Tier 2-Fitness,0.5505290168106605,0.46779216336353824,-0.08273685344712223,308,1574
K06168,CDK5RAP1,Unknown,Tier 2-Fitness,0.4580018283525746,0.5026909136026647,0.04468908525009013,1451,1574
K06179,rluC,Unknown,Tier 2-Fitness,0.5513667630776469,0.6079438826775668,0.056577119599919956,601,1574
K06941,rlmN,Unknown,Tier 2-Fitness,0.5646158162240252,0.6478316292232411,0.08321581299921588,1444,1574
K07084,yuiF,Unknown,Tier 2-Fitness,0.325509230247851,0.8026955115813929,0.47718628133354185,214,1574
K07165,fecR,Unknown,Tier 2-Fitness,0.672325251218534,0.732415857735662,0.06009060651712794,555,1574
K07233,pcoB,Resistance/Detoxification,Tier 2-Fitness,0.6870217318107015,0.81378487206376,0.12676314025305857,287,1574
K07243,FTR,Transport/Homeostasis,Tier 2-Fitness,0.3169310018580765,0.5720779820086163,0.25514698015053977,625,1574
K07263,pqqL,Transport/Homeostasis,Tier 2-Fitness,0.6352343615662023,0.793740282277131,0.15850592071092873,1179,1574
K07277,SAM50,Unknown,Tier 2-Fitness,0.7049821893637634,0.8167595589039611,0.11177736954019768,998,1574
K07338,K07338,Unknown,Tier 2-Fitness,0.8176384610681908,0.7481755231220081,-0.06946293794618275,203,1574
K07644,cusS,Sensing/Regulation,Tier 1,0.5829791855461725,0.631158193562036,0.0481790080158635,232,1574
K07665,cusR,Resistance/Detoxification,Tier 1,0.4088795708368367,0.44188432282217177,0.03300475198533509,218,1574
K07785,nrsD,Resistance/Detoxification,Tier 1,0.0888993673574643,0.27756883186585063,0.18866946450838634,48,1574
K07787,cusA,Resistance/Detoxification,Tier 1,0.7903100387029138,0.8677890786994269,0.07747903999651307,568,1574
K08151,tetA,Resistance/Detoxification,Tier 2-Fitness,0.7165888679170402,0.7211840319432022,0.004595164026162002,471,1574
K08225,entS,Transport/Homeostasis,Tier 2,0.4171390725213793,0.603440490007432,0.18630141748605278,483,1574
K08300,rne,Unknown,Tier 2-Fitness,0.4637362423907866,0.638464292378276,0.17472804998748936,799,1574
K09771,TC.SMR3,Resistance/Detoxification,Tier 2-Fitness,0.4911916577549345,0.48843351816337954,-0.0027581395915549645,588,1574
K09883,cobT,Transport/Homeostasis,Tier 2,0.846628805205085,0.6402889573733884,-0.20633984783169657,396,1574
K11601,mntC,Transport/Homeostasis,Tier 2,0.0001059596688143,0.32495109643834347,0.32484513676952914,77,1574
K11602,mntB,Transport/Homeostasis,Tier 2,0.0001059596688143,0.45839469489624257,0.45828873522742825,83,1574
K11604,sitA,Transport/Homeostasis,Tier 1,0.3168208363272951,0.4095285608165087,0.0927077244892136,179,1574
K11605,sitC,Transport/Homeostasis,Tier 1,0.1810812746006144,0.4168747909644291,0.23579351636381468,177,1574
K11606,sitD,Transport/Homeostasis,Tier 1,0.3064857252891996,0.4029342430063076,0.096448517717108,180,1574
K11645,fbaB,Unknown,Tier 2-Fitness,0.5762058360624382,0.8383466675768819,0.2621408315144437,276,1574
K11707,troA,Transport/Homeostasis,Tier 1,0.1427548455398582,0.6825432168385458,0.5397883712986876,280,1574
K11708,troC,Transport/Homeostasis,Tier 1,0.1610462487044206,0.6999480952200092,0.5389018465155886,272,1574
K11709,troD,Transport/Homeostasis,Tier 1,0.2209258229638139,0.7104221907708391,0.4894963678070252,277,1574
K12573,rnr,Unknown,Tier 2-Fitness,0.5118585211899723,0.7808791103267961,0.2690205891368238,1267,1574
K13638,zntR,Sensing/Regulation,Tier 2,0.9113917988122212,0.7149854860863998,-0.19640631272582143,64,1574
K15726,czcA,Resistance/Detoxification,Tier 1,0.6546049730743905,0.8957735123042521,0.2411685392298616,590,1574
K16090,fiu,Transport/Homeostasis,Tier 2-Fitness,0.5478342609502955,0.7296359496692945,0.18180168871899893,297,1574
K17686,copA,Resistance/Detoxification,Tier 2,0.5113467748694513,0.6395974419294568,0.12825066706000543,1435,1574
K18367,CoADR,Sensing/Regulation,Tier 2,0.7128730592412164,0.9840106853674426,0.27113762612622627,272,1574
K18707,,Unknown,Tier 2-Fitness,0.5611484054395307,0.9122523312354209,0.3511039257958902,859,1574
K19353,eptC,Unknown,Tier 2-Fitness,0.3218643200012734,0.5652806524430432,0.24341633244176974,159,1574
K19594,gesB,Resistance/Detoxification,Tier 1,0.1559578884302989,0.07464963756030682,-0.08130825086999208,63,1574
K19595,gesA,Resistance/Detoxification,Tier 1,0.1610584292276534,0.07619616766910821,-0.08486226155854519,60,1574
K19976,mntB,Transport/Homeostasis,Tier 2,0.3065316853443602,0.37795091606371506,0.07141923071935485,65,1574
K21572,susD,Unknown,Tier 2-Fitness,0.83014158186063,0.8894904260596678,0.05934884419903774,307,1574
K25119,shp,Transport/Homeostasis,Tier 2,0.0001055442208782,0.5517578669293121,0.5516523227084339,41,1574
K25287,desE,Transport/Homeostasis,Tier 2,0.4857973225457566,0.5933990952664197,0.10760177272066307,57,1574
