genus,genus_for_tree,count_breadth_std,shannon_breadth_std,count_breadth_ses,shannon_breadth_ses,mean_levins_B_std
acaryochloris,acaryochloris,0.9342560553633218,0.9779814439339556,,,0.0641151121326881
acetobacter,acetobacter,1.0,0.9861742293388294,,,0.2654755705218656
acetobacterium,acetobacterium,0.9919261822376008,0.988245658493502,,,0.2306819880934687
acholeplasma,acholeplasma,0.9919261822376008,0.988245658493502,,,0.1590991255640901
achromobacter,achromobacter,1.0,0.9861742293388294,,,0.3824708127696951
acidaminococcus,acidaminococcus,0.9919261822376008,0.988245658493502,,,0.1323136374070082
acidiphilium,acidiphilium,1.0,0.9861742293388294,,,0.1820723284815553
acidisoma,acidisoma,1.0,0.9861742293388294,0.0,1.0,0.3242780853835226
acidobacterium,acidobacterium,0.9077277970011534,0.980275105936958,,,0.4013811468140469
acidocella,acidocella,1.0,0.9861742293388294,,,0.2324933956398548
acinetobacter,acinetobacter,1.0,0.9861742293388294,,,0.2569934734607408
actinoallomurus,actinoallomurus,0.9538638985005768,0.9813914120752876,,,0.6691342654168633
actinoalloteichus,actinoalloteichus,1.0,0.9861742293388294,,,0.4298603188883119
actinobacillus,actinobacillus,0.9077277970011534,0.980275105936958,,,0.1494761206643097
actinobaculum,actinobaculum,0.9077277970011534,0.980275105936958,0.6849260902350721,0.8621155742383375,0.084068289012504
actinocatenispora,actinocatenispora,0.9261822376009228,0.9793386826591984,,,0.3472025737891058
actinomyces,actinomyces,1.0,0.9861742293388294,,,0.2403403045841251
actinoplanes,actinoplanes,1.0,0.9861742293388294,0.0,1.0,0.4139140624490732
actinopolymorpha,actinopolymorpha,0.8638985005767013,0.9718890883941396,-0.3597664335445692,-0.2905304161233982,0.4860407248971539
adlercreutzia,adlercreutzia,0.9261822376009228,0.9793386826591984,,,0.3782809259750745
aequorivita,aequorivita,1.0,0.9861742293388294,,,0.3162774529269461
aeriscardovia,aeriscardovia,0.9077277970011534,0.980275105936958,,,0.2563011942332186
aeromicrobium,aeromicrobium,1.0,0.9861742293388294,,,0.3082644197935794
afifella,afifella,1.0,0.9861742293388294,,,0.3485948735089769
aggregatibacter,aggregatibacter,1.0,0.9861742293388294,,,0.1315136868962124
agrobacterium,agrobacterium,1.0,0.9861742293388294,,,0.3274516103789065
agromyces,agromyces,1.0,0.9861742293388294,0.0,1.0,0.3398384380913924
akkermansia,akkermansia,1.0,0.9861742293388294,,,0.1720260721796463
alcaligenes,alcaligenes,1.0,0.9861742293388294,,,0.1823858647093429
alcanivorax,alcanivorax,1.0,0.9861742293388294,,,0.1729655386880221
algoriphagus,algoriphagus,1.0,0.9861742293388294,,,0.2224078543907995
alicyclobacillus,alicyclobacillus,1.0,0.9861742293388294,,,0.3367781751044016
aliivibrio,aliivibrio,0.9342560553633218,0.9779814439339556,,,0.1904029111948505
alishewanella,alishewanella,0.9919261822376008,0.988245658493502,,,0.2755045998204007
alistipes,alistipes,0.9261822376009228,0.9793386826591984,,,0.2009096287669859
alkalibacterium,alkalibacterium,0.9919261822376008,0.988245658493502,,,0.1716860037954161
allobaculum,allobaculum,1.0,0.9861742293388294,,,0.4120347353542858
alloiococcus,alloiococcus,1.0,0.9861742293388294,,,0.1376655000968269
alteromonas,alteromonas,1.0,0.9861742293388294,,,0.0423166373642454
amaricoccus,amaricoccus,0.9919261822376008,0.988245658493502,,,0.3804202892607659
aminobacter,aminobacter,1.0,0.9861742293388294,,,0.614039667581298
amycolatopsis,amycolatopsis,1.0,0.9861742293388294,0.0,1.0,0.4040973705765786
anabaena,anabaena,1.0,0.9861742293388294,,,0.1251106309504119
anaerobiospirillum,anaerobiospirillum,0.9077277970011534,0.980275105936958,,,0.2362772172412973
anaerococcus,anaerococcus,1.0,0.9861742293388294,,,0.1590942410596186
anaerofilum,anaerofilum,0.9077277970011534,0.980275105936958,0.7042872697765479,0.8669412185597518,0.1420979685866183
anaerofustis,anaerofustis,0.9077277970011534,0.980275105936958,,,0.2541426233112153
anaeromyxobacter,anaeromyxobacter,1.0,0.9861742293388294,,,0.1752071643827183
anaeroplasma,anaeroplasma,0.9077277970011534,0.980275105936958,0.8385172234881939,1.0214593171070754,0.1215087706387245
anaerospora,anaerospora,1.0,0.9861742293388294,,,0.5661244700610545
anaerostipes,anaerostipes,1.0,0.9861742293388294,,,0.1165947155912339
anaerotruncus,anaerotruncus,0.9077277970011534,0.980275105936958,,,0.223749071303812
anaerovibrio,anaerovibrio,0.9077277970011534,0.980275105936958,,,0.0782265219736035
aneurinibacillus,aneurinibacillus,0.9054209919261822,0.977745196654314,,,0.3761038924954203
aquicella,aquicella,1.0,0.9861742293388294,0.0,1.0,0.4087249757380805
aquimarina,aquimarina,1.0,0.9861742293388294,,,0.0325590330622679
aquitalea,aquitalea,0.8269896193771626,0.9652768922293548,,,0.3514062754198505
arcanobacterium,arcanobacterium,0.9077277970011534,0.980275105936958,,,0.1175324174571517
arenibacter,arenibacter,1.0,0.9861742293388294,,,0.1106855583178714
arenimonas,arenimonas,1.0,0.9861742293388294,,,0.4315760179143287
arsenicicoccus,arsenicicoccus,1.0,0.9861742293388294,,,0.3273165012955201
arthrobacter,arthrobacter,1.0,0.9861742293388294,,,0.3488958137948422
asticcacaulis,asticcacaulis,1.0,0.9861742293388294,,,0.6676675192226199
atopobium,atopobium,1.0,0.9861742293388294,,,0.2452157488847923
azoarcus,azoarcus,1.0,0.9861742293388294,,,0.3046582148263519
azorhizobium,azorhizobium,0.8269896193771626,0.9652768922293548,-0.9289263584670778,-0.8880585422732964,0.3408479150124246
azospira,azospira,1.0,0.9861742293388294,,,0.2407722308689873
azospirillum,azospirillum,1.0,0.9861742293388294,,,0.3232598734354993
bacillus,bacillus,1.0,0.9861742293388294,,,0.2386321330968183
bacteriovorax,bacteriovorax,1.0,0.9861742293388294,,,0.335008304355437
bacteroides,bacteroides,1.0,0.9861742293388294,,,0.1954701746990912
balneola,balneola,1.0,0.9861742293388294,0.0,1.0,0.0654904500090408
bdellovibrio,bdellovibrio,1.0,0.9861742293388294,,,0.4319680544367266
belnapia,belnapia,0.9077277970011534,0.980275105936958,,,0.4511508040502647
bifidobacterium,bifidobacterium,1.0,0.9861742293388294,,,0.2320278387287608
bilophila,bilophila,0.9261822376009228,0.9793386826591984,,,0.3302116863742891
blastomonas,blastomonas,1.0,0.9861742293388294,,,0.3751100688324422
blautia,blautia,1.0,0.9861742293388294,,,0.1020787283372555
bosea,bosea,1.0,0.9861742293388294,0.0,1.0,0.4653771471694413
brachybacterium,brachybacterium,1.0,0.9861742293388294,,,0.239784231640659
bradyrhizobium,bradyrhizobium,1.0,0.9861742293388294,,,0.3932810723201643
brevibacillus,brevibacillus,1.0,0.9861742293388294,,,0.3189882444859792
brevibacterium,brevibacterium,1.0,0.9861742293388294,,,0.1404499860368636
brevundimonas,brevundimonas,1.0,0.9861742293388294,,,0.3779455716750405
brumimicrobium,brumimicrobium,0.9538638985005768,0.9813914120752876,0.1190020090496229,-0.0683083643492259,0.1907807116721445
buchnera,buchnera,1.0,0.9861742293388294,,,0.1533994200300694
bulleidia,bulleidia,0.9919261822376008,0.988245658493502,,,0.345119966149381
burkholderia,burkholderia,1.0,0.9861742293388294,,,0.4346008483552928
butyricicoccus,butyricicoccus,0.9919261822376008,0.988245658493502,,,0.0884340104570959
butyricimonas,butyricimonas,1.0,0.9861742293388294,,,0.2421676192648114
butyrivibrio,butyrivibrio,0.9919261822376008,0.988245658493502,1.582063989554876,1.645974946067451,0.0911218689051827
caldicellulosiruptor,caldicellulosiruptor,0.8269896193771626,0.9652768922293548,,,0.1002029204028817
caldicoprobacter,caldicoprobacter,1.0,0.9861742293388294,,,0.378439165086481
caldilinea,caldilinea,1.0,0.9861742293388294,,,0.1938718476351453
calothrix,calothrix,1.0,0.9861742293388294,0.0,1.0,0.2836548860838593
campylobacter,campylobacter,1.0,0.9861742293388294,,,0.1730175381992376
capnocytophaga,capnocytophaga,1.0,0.9861742293388294,,,0.1639363362128944
cardiobacterium,cardiobacterium,1.0,0.9861742293388294,,,0.2856660466454954
carnobacterium,carnobacterium,0.9261822376009228,0.9793386826591984,,,0.2737205588419377
catellatospora,catellatospora,1.0,0.9861742293388294,0.0,1.0,0.6690573938955718
catenibacterium,catenibacterium,0.9261822376009228,0.9793386826591984,,,0.173909732265225
catonella,catonella,0.9261822376009228,0.9793386826591984,,,0.3036275797414783
caulobacter,caulobacter,1.0,0.9861742293388294,,,0.4873606274954304
celeribacter,celeribacter,0.9342560553633218,0.9779814439339556,,,0.0356710746338891
cellulomonas,cellulomonas,1.0,0.9861742293388294,,,0.2990458512818353
cellulophaga,cellulophaga,0.81199538638985,0.9618559291207516,,,0.0620912475969461
cellulosimicrobium,cellulosimicrobium,1.0,0.9861742293388294,0.0,1.0,0.2954056204897443
cellvibrio,cellvibrio,1.0,0.9861742293388294,,,0.3789459246631995
cetobacterium,cetobacterium,1.0,0.9861742293388294,0.0,1.0,0.2167886086346793
chelativorans,chelativorans,0.9919261822376008,0.988245658493502,,,0.4077297724526669
chelatococcus,chelatococcus,0.9077277970011534,0.980275105936958,,,0.4902855983690348
chitinibacter,chitinibacter,1.0,0.9861742293388294,,,0.1856192556080785
chitinimonas,chitinimonas,0.8269896193771626,0.9652768922293548,,,0.3554628821976143
chitinophaga,chitinophaga,1.0,0.9861742293388294,,,0.400578205283389
chromobacterium,chromobacterium,0.8638985005767013,0.9718890883941396,-0.1631451626332955,-0.0931284011500605,0.3468293530874908
chromohalobacter,chromohalobacter,1.0,0.9861742293388294,,,0.2141548712021378
chroococcidiopsis,chroococcidiopsis,1.0,0.9861742293388294,,,0.2490858263623661
chryseobacterium,chryseobacterium,1.0,0.9861742293388294,,,0.3325231485430568
chthoniobacter,chthoniobacter,1.0,0.9861742293388294,,,0.4510245177702734
chthonomonas,chthonomonas,0.9538638985005768,0.9813914120752876,,,0.3829604918420683
clavibacter,clavibacter,0.9919261822376008,0.988245658493502,,,0.3810299166521557
cloacibacterium,cloacibacterium,1.0,0.9861742293388294,,,0.1737004033876566
clostridium,clostridium,1.0,0.9861742293388294,0.0,1.0,0.237434472104235
cobetia,cobetia,1.0,0.9861742293388294,,,0.1287588304551903
cocleimonas,cocleimonas,1.0,0.9861742293388294,,,0.0473166534328528
cohnella,cohnella,1.0,0.9861742293388294,,,0.2895718120484886
collinsella,collinsella,0.9261822376009228,0.9793386826591984,-0.988710777983643,-0.5546874833074671,0.1503454422525124
colwellia,colwellia,0.9538638985005768,0.9813914120752876,,,0.0344070596270671
comamonas,comamonas,1.0,0.9861742293388294,0.0,1.0,0.2351354241730011
commensalibacter,commensalibacter,0.9077277970011534,0.980275105936958,,,0.1602229566998221
conchiformibius,conchiformibius,0.9077277970011534,0.980275105936958,0.8422347660750765,1.0189059191662928,0.0877762962405517
coprobacillus,coprobacillus,0.9919261822376008,0.988245658493502,,,0.2898327633171542
coprococcus,coprococcus,1.0,0.9861742293388294,,,0.0910467856019756
coraliomargarita,coraliomargarita,1.0,0.9861742293388294,,,0.0845390396146673
corallococcus,corallococcus,1.0,0.9861742293388294,,,0.6443550029257237
corynebacterium,corynebacterium,1.0,0.9861742293388294,,,0.1360036418950682
coxiella,coxiella,1.0,0.9861742293388294,0.0,1.0,0.1864366538252503
cupriavidus,cupriavidus,0.9261822376009228,0.9793386826591984,,,0.430233832196798
cyanobacterium,cyanobacterium,0.9538638985005768,0.9813914120752876,,,0.1265131744686696
cytophaga,cytophaga,1.0,0.9861742293388294,,,0.5437912605697192
deefgea,deefgea,0.9919261822376008,0.988245658493502,,,0.2348048639135684
deinococcus,deinococcus,1.0,0.9861742293388294,,,0.2463872207437447
demequina,demequina,1.0,0.9861742293388294,,,0.4745632972094531
dendrosporobacter,dendrosporobacter,0.9919261822376008,0.988245658493502,,,0.2053124903431059
dermabacter,dermabacter,0.9919261822376008,0.988245658493502,,,0.2757668496585916
dermacoccus,dermacoccus,1.0,0.9861742293388294,,,0.3919903802055006
dermatophilus,dermatophilus,0.8269896193771626,0.9652768922293548,,,0.1790547106562237
desemzia,desemzia,1.0,0.9861742293388294,,,0.2435117640343575
desulfobacca,desulfobacca,1.0,0.9861742293388294,,,0.0865608864139256
desulfobacter,desulfobacter,0.9331026528258364,0.9825446275838124,,,0.0551473842493284
desulfobulbus,desulfobulbus,1.0,0.9861742293388294,,,0.1200072080591014
desulfocapsa,desulfocapsa,0.9919261822376008,0.988245658493502,,,0.0564499466749194
desulfococcus,desulfococcus,1.0,0.9861742293388294,,,0.1843376816836647
desulfomicrobium,desulfomicrobium,0.9919261822376008,0.988245658493502,,,0.2429391791280294
desulfonatronovibrio,desulfonatronovibrio,0.9331026528258364,0.9825446275838124,,,0.0530401294159764
desulforhopalus,desulforhopalus,0.9919261822376008,0.988245658493502,,,0.0946481432694044
desulfosalsimonas,desulfosalsimonas,0.9331026528258364,0.9825446275838124,,,0.0694736498402955
desulfosarcina,desulfosarcina,0.9919261822376008,0.988245658493502,,,0.0515474939641244
desulfosporosinus,desulfosporosinus,1.0,0.9861742293388294,,,0.1519436066279177
desulfotignum,desulfotignum,0.9331026528258364,0.9825446275838124,,,0.0825924173301895
desulfotomaculum,desulfotomaculum,0.9261822376009228,0.9793386826591984,,,0.2592524515059032
desulfovibrio,desulfovibrio,1.0,0.9861742293388294,,,0.1616850662643563
desulfuromonas,desulfuromonas,0.9331026528258364,0.9825446275838124,,,0.1939071326647002
devosia,devosia,1.0,0.9861742293388294,,,0.4051508745165019
dialister,dialister,1.0,0.9861742293388294,,,0.2076729638277942
dietzia,dietzia,1.0,0.9861742293388294,,,0.1762396739684411
dokdonella,dokdonella,1.0,0.9861742293388294,,,0.5239057813979295
dorea,dorea,1.0,0.9861742293388294,,,0.1019597754853187
dyadobacter,dyadobacter,1.0,0.9861742293388294,,,0.3684019229765555
dyella,dyella,1.0,0.9861742293388294,,,0.5015963234970512
dysgonomonas,dysgonomonas,1.0,0.9861742293388294,,,0.1451514158571757
edaphobacter,edaphobacter,1.0,0.9861742293388294,0.0,1.0,0.3870713410422929
eggerthella,eggerthella,0.9261822376009228,0.9793386826591984,,,0.2405084951195732
elizabethkingia,elizabethkingia,0.9261822376009228,0.9793386826591984,,,0.5557888232446487
emticicia,emticicia,1.0,0.9861742293388294,0.0,1.0,0.2279346218022907
enterococcus,enterococcus,0.9077277970011534,0.980275105936958,,,0.1974481463991197
enterovibrio,enterovibrio,0.81199538638985,0.9618559291207516,,,0.0705242777632624
erysipelothrix,erysipelothrix,0.9261822376009228,0.9793386826591984,,,0.1430459773705398
erythrobacter,erythrobacter,1.0,0.9861742293388294,0.0,1.0,0.4127499753033588
ethanoligenens,ethanoligenens,0.9077277970011534,0.980275105936958,,,0.272793268175793
facklamia,facklamia,0.9919261822376008,0.988245658493502,,,0.0922561326319369
faecalibacterium,faecalibacterium,1.0,0.9861742293388294,,,0.1314615833553869
ferrimonas,ferrimonas,0.81199538638985,0.9618559291207516,,,0.0876479553000594
ferruginibacter,ferruginibacter,0.9538638985005768,0.9813914120752876,,,0.3924858164496324
fervidobacterium,fervidobacterium,0.9077277970011534,0.980275105936958,,,0.1151007116499567
fibrobacter,fibrobacter,0.9077277970011534,0.980275105936958,,,0.1184295603764403
filifactor,filifactor,0.9077277970011534,0.980275105936958,0.7686944394491,0.9357864929341616,0.1144553872612212
fimbriimonas,fimbriimonas,1.0,0.9861742293388294,,,0.4410007835078773
finegoldia,finegoldia,1.0,0.9861742293388294,,,0.183557296043944
flavihumibacter,flavihumibacter,1.0,0.9861742293388294,,,0.4021921590028121
flavisolibacter,flavisolibacter,1.0,0.9861742293388294,,,0.3411065564374938
flavobacterium,flavobacterium,1.0,0.9861742293388294,,,0.3253050067581969
flectobacillus,flectobacillus,1.0,0.9861742293388294,0.0,1.0,0.2813904634939416
fluviicola,fluviicola,1.0,0.9861742293388294,,,0.2717919781590914
francisella,francisella,0.9538638985005768,0.9813914120752876,,,0.1277272707866227
frankia,frankia,0.9538638985005768,0.9813914120752876,,,0.5942395363385558
fusobacterium,fusobacterium,1.0,0.9861742293388294,,,0.150516485448025
gallionella,gallionella,1.0,0.9861742293388294,,,0.1934457832424694
garciella,garciella,0.9077277970011534,0.980275105936958,,,0.307935346991488
gelidibacter,gelidibacter,0.9919261822376008,0.988245658493502,,,0.1595548420826611
gemmata,gemmata,1.0,0.9861742293388294,,,0.3315550453812717
gemmatimonas,gemmatimonas,1.0,0.9861742293388294,,,0.449854667449856
geobacillus,geobacillus,1.0,0.9861742293388294,,,0.1686315621910978
geobacter,geobacter,1.0,0.9861742293388294,,,0.1870235955227984
geodermatophilus,geodermatophilus,1.0,0.9861742293388294,,,0.4031428440500597
georgenia,georgenia,0.9261822376009228,0.9793386826591984,,,0.3387743406102823
geothrix,geothrix,1.0,0.9861742293388294,,,0.2753563020226816
giesbergeria,giesbergeria,0.9919261822376008,0.988245658493502,,,0.2929068712900755
gillisia,gillisia,1.0,0.9861742293388294,0.0,1.0,0.2611498726837526
glaciecola,glaciecola,1.0,0.9861742293388294,,,0.0285397287064528
gluconacetobacter,gluconacetobacter,0.9261822376009228,0.9793386826591984,,,0.5471138474390468
gluconobacter,gluconobacter,0.8269896193771626,0.9652768922293548,,,0.1645444616045156
glycomyces,glycomyces,0.9261822376009228,0.9793386826591984,,,0.2391735157679187
gordonia,gordonia,1.0,0.9861742293388294,,,0.3411914262045533
gracilibacillus,gracilibacillus,0.9919261822376008,0.988245658493502,,,0.234818014647061
gramella,gramella,1.0,0.9861742293388294,,,0.1018730333029849
granulicatella,granulicatella,0.9919261822376008,0.988245658493502,,,0.1137367798993118
haemophilus,haemophilus,1.0,0.9861742293388294,0.0,1.0,0.1146422288794734
hahella,hahella,0.9919261822376008,0.988245658493502,,,0.2659837061057272
halanaerobium,halanaerobium,0.9331026528258364,0.9825446275838124,,,0.1947567225044838
halobacterium,halobacterium,0.9077277970011534,0.980275105936958,,,0.0579456561078271
halococcus,halococcus,0.9261822376009228,0.9793386826591984,,,0.0941667583536023
halomonas,halomonas,1.0,0.9861742293388294,,,0.2238599560778277
halorhodospira,halorhodospira,1.0,0.9861742293388294,,,0.1770635903633798
halorubrum,halorubrum,0.9331026528258364,0.9825446275838124,,,0.0446715731514739
haloterrigena,haloterrigena,0.9054209919261822,0.977745196654314,0.7509507059099985,0.6236828837585687,0.0714408055386708
halothiobacillus,halothiobacillus,0.9331026528258364,0.9825446275838124,,,0.1610268002108115
helcococcus,helcococcus,0.9261822376009228,0.9793386826591984,,,0.055982554943914
helicobacter,helicobacter,1.0,0.9861742293388294,,,0.1731828093262166
hellea,hellea,1.0,0.9861742293388294,,,0.067787744417017
herminiimonas,herminiimonas,1.0,0.9861742293388294,,,0.3037951735348898
hirschia,hirschia,0.81199538638985,0.9618559291207516,,,0.101188601002398
holdemania,holdemania,0.9077277970011534,0.980275105936958,,,0.2433484377296966
hydrogenophaga,hydrogenophaga,1.0,0.9861742293388294,,,0.2364599048893557
hydrogenophilus,hydrogenophilus,0.9261822376009228,0.9793386826591984,,,0.3136468339911857
hylemonella,hylemonella,1.0,0.9861742293388294,,,0.6396194838178585
hymenobacter,hymenobacter,1.0,0.9861742293388294,,,0.2769005284162079
hyphomonas,hyphomonas,1.0,0.9861742293388294,,,0.1262994839946554
idiomarina,idiomarina,0.9054209919261822,0.977745196654314,,,0.1786640407306956
ignavibacterium,ignavibacterium,0.9331026528258364,0.9825446275838124,1.329765863661187,1.2342976756099044,0.3864807868484544
janibacter,janibacter,0.9077277970011534,0.980275105936958,,,0.3017182672878343
jannaschia,jannaschia,1.0,0.9861742293388294,,,0.1446297019864807
janthinobacterium,janthinobacterium,1.0,0.9861742293388294,,,0.4981256527621662
jeotgalicoccus,jeotgalicoccus,1.0,0.9861742293388294,,,0.0705972615046082
kaistia,kaistia,1.0,0.9861742293388294,,,0.3519557071958934
kibdelosporangium,kibdelosporangium,0.8638985005767013,0.9718890883941396,,,0.5077722231308878
kineococcus,kineococcus,1.0,0.9861742293388294,,,0.410547249247016
kingella,kingella,0.9919261822376008,0.988245658493502,,,0.1927350544362803
kribbella,kribbella,0.9261822376009228,0.9793386826591984,,,0.4448471906863653
kushneria,kushneria,0.9261822376009228,0.9793386826591984,-1.010674406774253,-0.6209399283300255,0.1732490129716987
kytococcus,kytococcus,0.9261822376009228,0.9793386826591984,,,0.2201942134350551
labrys,labrys,1.0,0.9861742293388294,,,0.5436890268034305
laceyella,laceyella,0.9077277970011534,0.980275105936958,,,0.2958470878148797
lachnobacterium,lachnobacterium,0.9261822376009228,0.9793386826591984,-0.9138082111239164,-0.5926414266445705,0.1105897457147205
lachnospira,lachnospira,0.9261822376009228,0.9793386826591984,,,0.1553245395870672
lacibacter,lacibacter,0.9919261822376008,0.988245658493502,,,0.3887696847044024
lactobacillus,lactobacillus,1.0,0.9861742293388294,,,0.1837507558571185
lactococcus,lactococcus,1.0,0.9861742293388294,,,0.1586256583836592
lampropedia,lampropedia,0.9077277970011534,0.980275105936958,,,0.4071221667733063
lautropia,lautropia,0.9919261822376008,0.988245658493502,,,0.3135512945171012
leadbetterella,leadbetterella,1.0,0.9861742293388294,,,0.2058741160493059
leeuwenhoekiella,leeuwenhoekiella,0.81199538638985,0.9618559291207516,,,0.0943870186546941
legionella,legionella,1.0,0.9861742293388294,,,0.3536276545030659
lentibacillus,lentibacillus,0.9077277970011534,0.980275105936958,0.7066074642287623,0.8626710029587904,0.1850545775068779
leptolyngbya,leptolyngbya,1.0,0.9861742293388294,,,0.0732189487146811
leptonema,leptonema,0.9538638985005768,0.9813914120752876,,,0.1944582871581282
leptospira,leptospira,0.9331026528258364,0.9825446275838124,,,0.3841556389459667
leptotrichia,leptotrichia,1.0,0.9861742293388294,,,0.2226605825055097
leucobacter,leucobacter,1.0,0.9861742293388294,,,0.3407597598745197
leuconostoc,leuconostoc,0.9261822376009228,0.9793386826591984,,,0.1366239588258045
lewinella,lewinella,1.0,0.9861742293388294,,,0.071698489429352
loktanella,loktanella,1.0,0.9861742293388294,,,0.1395954801283343
luteibacter,luteibacter,0.9261822376009228,0.9793386826591984,,,0.6710911864717002
luteolibacter,luteolibacter,1.0,0.9861742293388294,,,0.3374561911461971
lysobacter,lysobacter,1.0,0.9861742293388294,,,0.40467431747409
magnetospirillum,magnetospirillum,1.0,0.9861742293388294,,,0.2884017549600718
maribacter,maribacter,1.0,0.9861742293388294,,,0.0395035678572158
maricaulis,maricaulis,0.9331026528258364,0.9825446275838124,,,0.0853602869010483
marinicella,marinicella,1.0,0.9861742293388294,,,0.0942762386962488
marinimicrobium,marinimicrobium,0.9054209919261822,0.977745196654314,0.7130722616422216,0.6100624419229448,0.3017373960898321
marinobacter,marinobacter,1.0,0.9861742293388294,,,0.1025147739995352
marinococcus,marinococcus,0.9919261822376008,0.988245658493502,1.7744056511363688,1.8330599761190052,0.2105606842466973
marinomonas,marinomonas,1.0,0.9861742293388294,,,0.1199407273308305
mariprofundus,mariprofundus,0.9331026528258364,0.9825446275838124,,,0.0374075806604566
marivita,marivita,0.9919261822376008,0.988245658493502,1.4719439467475823,1.529349592863311,0.0214638367606668
megamonas,megamonas,0.9919261822376008,0.988245658493502,,,0.1017220092526961
megasphaera,megasphaera,0.9919261822376008,0.988245658493502,,,0.128204256427651
meiothermus,meiothermus,0.9261822376009228,0.9793386826591984,,,0.1951987873547681
mesorhizobium,mesorhizobium,1.0,0.9861742293388294,,,0.4080621840626654
methanobacterium,methanobacterium,1.0,0.9861742293388294,,,0.1436750551990653
methanobrevibacter,methanobrevibacter,0.9919261822376008,0.988245658493502,1.8425913465843156,1.924161534234964,0.1376920274769136
methanocalculus,methanocalculus,0.9331026528258364,0.9825446275838124,,,0.0771728789976025
methanocella,methanocella,1.0,0.9861742293388294,0.0,1.0,0.145396635508563
methanocorpusculum,methanocorpusculum,0.9054209919261822,0.977745196654314,,,0.1269516910711692
methanolobus,methanolobus,0.9331026528258364,0.9825446275838124,,,0.0766900157290014
methanosarcina,methanosarcina,1.0,0.9861742293388294,,,0.1346504413110096
methanosphaera,methanosphaera,0.9261822376009228,0.9793386826591984,,,0.1326520048605711
methanospirillum,methanospirillum,0.8638985005767013,0.9718890883941396,,,0.0967158621507981
methylobacillus,methylobacillus,0.9919261822376008,0.988245658493502,,,0.3456417341122065
methylobacterium,methylobacterium,1.0,0.9861742293388294,,,0.3934353509514121
methylocaldum,methylocaldum,0.9538638985005768,0.9813914120752876,,,0.2911146873267851
methylocella,methylocella,0.8638985005767013,0.9718890883941396,,,0.4950405592109281
methylomonas,methylomonas,0.9538638985005768,0.9813914120752876,,,0.0646533198866627
methylophaga,methylophaga,1.0,0.9861742293388294,,,0.1800616389472372
methylosinus,methylosinus,1.0,0.9861742293388294,,,0.727500666371657
methylotenera,methylotenera,1.0,0.9861742293388294,,,0.2497309122842347
methylovirgula,methylovirgula,0.9077277970011534,0.980275105936958,,,0.4369321780645275
microbacterium,microbacterium,1.0,0.9861742293388294,,,0.3231795495852764
microbulbifer,microbulbifer,1.0,0.9861742293388294,,,0.1617960429925835
micrococcus,micrococcus,1.0,0.9861742293388294,,,0.2772391363815261
microcoleus,microcoleus,0.9054209919261822,0.977745196654314,,,0.2260312237025557
microcystis,microcystis,1.0,0.9861742293388294,,,0.0626134462759173
mitsuokella,mitsuokella,0.9077277970011534,0.980275105936958,,,0.1274172934499785
mobiluncus,mobiluncus,0.9077277970011534,0.980275105936958,,,0.3556323531253256
modestobacter,modestobacter,1.0,0.9861742293388294,,,0.6657653356434647
mogibacterium,mogibacterium,0.9919261822376008,0.988245658493502,,,0.205699154278129
moraxella,moraxella,1.0,0.9861742293388294,,,0.1169747872078199
morganella,morganella,1.0,0.9861742293388294,,,0.3109495119825685
moritella,moritella,0.9919261822376008,0.988245658493502,,,0.0310589513209675
mucilaginibacter,mucilaginibacter,1.0,0.9861742293388294,0.0,1.0,0.3753880365366784
mucispirillum,mucispirillum,1.0,0.9861742293388294,,,0.3789234300831258
muricauda,muricauda,1.0,0.9861742293388294,,,0.0913079740441699
mycobacterium,mycobacterium,1.0,0.9861742293388294,,,0.4555625266464975
mycoplasma,mycoplasma,1.0,0.9861742293388294,,,0.1204306205530421
nannocystis,nannocystis,1.0,0.9861742293388294,,,0.4388854312861249
natronomonas,natronomonas,1.0,0.9861742293388294,,,0.0491845427093923
neisseria,neisseria,1.0,0.9861742293388294,,,0.1195360804717098
neorickettsia,neorickettsia,0.8638985005767013,0.9718890883941396,,,0.1547319346108911
neptunomonas,neptunomonas,0.9054209919261822,0.977745196654314,,,0.0647475382747681
nesterenkonia,nesterenkonia,0.9919261822376008,0.988245658493502,,,0.2316000953812377
nevskia,nevskia,1.0,0.9861742293388294,0.0,1.0,0.3892325766727226
niastella,niastella,0.9261822376009228,0.9793386826591984,,,0.4595472315453532
nitratireductor,nitratireductor,0.9342560553633218,0.9779814439339556,,,0.2721164641637604
nitrosopumilus,nitrosopumilus,1.0,0.9861742293388294,,,0.0271676662816425
nitrospina,nitrospina,0.9538638985005768,0.9813914120752876,,,0.3258089764810475
nocardia,nocardia,1.0,0.9861742293388294,,,0.4622578458033106
nocardioides,nocardioides,1.0,0.9861742293388294,,,0.3916372147727358
nocardiopsis,nocardiopsis,0.9261822376009228,0.9793386826591984,,,0.2105163313963832
nodularia,nodularia,1.0,0.9861742293388294,,,0.2922952748567264
nonomuraea,nonomuraea,1.0,0.9861742293388294,,,0.3606127261635745
nostoc,nostoc,1.0,0.9861742293388294,,,0.2245883990106711
novosphingobium,novosphingobium,1.0,0.9861742293388294,,,0.4489700042625262
oceanicaulis,oceanicaulis,0.9919261822376008,0.988245658493502,,,0.1217587296145015
oceanimonas,oceanimonas,0.9261822376009228,0.9793386826591984,,,0.2122153746677459
oceanobacillus,oceanobacillus,0.9261822376009228,0.9793386826591984,,,0.3157481764670918
ochrobactrum,ochrobactrum,0.9261822376009228,0.9793386826591984,,,0.4490823481707068
octadecabacter,octadecabacter,1.0,0.9861742293388294,,,0.0570574282041434
odoribacter,odoribacter,0.9261822376009228,0.9793386826591984,,,0.1330317933438722
oleispira,oleispira,0.9054209919261822,0.977745196654314,,,0.087139204508043
oligella,oligella,0.9261822376009228,0.9793386826591984,,,0.1353724343558924
opitutus,opitutus,1.0,0.9861742293388294,0.0,1.0,0.4208105596711765
oribacterium,oribacterium,0.9919261822376008,0.988245658493502,1.55197369986617,1.5841842101773846,0.2543122903275828
ornithobacterium,ornithobacterium,0.9077277970011534,0.980275105936958,,,0.3554816019797671
oscillochloris,oscillochloris,0.9919261822376008,0.988245658493502,,,0.254509917191374
owenweeksia,owenweeksia,0.9919261822376008,0.988245658493502,,,0.3316010767743216
paenibacillus,paenibacillus,1.0,0.9861742293388294,,,0.3837071658371461
paludibacter,paludibacter,1.0,0.9861742293388294,,,0.1856745128022809
pandoraea,pandoraea,0.9077277970011534,0.980275105936958,,,0.5571930021000934
parabacteroides,parabacteroides,1.0,0.9861742293388294,,,0.2040863271850836
parachlamydia,parachlamydia,0.9538638985005768,0.9813914120752876,-0.0207966376355634,-0.1839480264784956,0.3518876494243865
paracoccus,paracoccus,1.0,0.9861742293388294,,,0.2549444193895421
parapedobacter,parapedobacter,0.9261822376009228,0.9793386826591984,,,0.276063403601492
paraprevotella,paraprevotella,0.9919261822376008,0.988245658493502,,,0.2209531382196257
parvibaculum,parvibaculum,1.0,0.9861742293388294,,,0.526575046022981
parvimonas,parvimonas,0.9919261822376008,0.988245658493502,,,0.1754955869939074
pediococcus,pediococcus,0.9077277970011534,0.980275105936958,,,0.2036888336875234
pedobacter,pedobacter,1.0,0.9861742293388294,,,0.3708238358177625
pelosinus,pelosinus,0.9538638985005768,0.9813914120752876,,,0.6549004721939029
peptococcus,peptococcus,0.9077277970011534,0.980275105936958,,,0.2065168035030704
peptoniphilus,peptoniphilus,1.0,0.9861742293388294,,,0.188500981208716
peptostreptococcus,peptostreptococcus,0.9261822376009228,0.9793386826591984,,,0.1590303483789741
perlucidibaca,perlucidibaca,1.0,0.9861742293388294,,,0.2885417075658541
phaeobacter,phaeobacter,1.0,0.9861742293388294,,,0.0721078334245479
phaeospirillum,phaeospirillum,1.0,0.9861742293388294,,,0.1123246454305285
phascolarctobacterium,phascolarctobacterium,1.0,0.9861742293388294,,,0.1868778545393424
phenylobacterium,phenylobacterium,1.0,0.9861742293388294,,,0.4718250888169453
photobacterium,photobacterium,1.0,0.9861742293388294,,,0.1201534899427817
phycicoccus,phycicoccus,1.0,0.9861742293388294,,,0.4007109708544655
phycisphaera,phycisphaera,0.81199538638985,0.9618559291207516,,,0.0754915184274502
phyllobacterium,phyllobacterium,1.0,0.9861742293388294,,,0.2839208690521469
pigmentiphaga,pigmentiphaga,1.0,0.9861742293388294,,,0.4784819475899216
pirellula,pirellula,1.0,0.9861742293388294,0.0,1.0,0.455247813853673
planifilum,planifilum,1.0,0.9861742293388294,,,0.4608259233496968
planktothrix,planktothrix,1.0,0.9861742293388294,,,0.1996763653713347
polaribacter,polaribacter,1.0,0.9861742293388294,,,0.0326699440124849
polaromonas,polaromonas,1.0,0.9861742293388294,,,0.2816091839454802
polynucleobacter,polynucleobacter,1.0,0.9861742293388294,,,0.1023659418434681
pontibacter,pontibacter,1.0,0.9861742293388294,,,0.2490263127528476
porphyromonas,porphyromonas,1.0,0.9861742293388294,,,0.1650229166878916
prevotella,prevotella,1.0,0.9861742293388294,,,0.1831900228717883
prochlorococcus,prochlorococcus,1.0,0.9861742293388294,,,0.0135692907088173
promicromonospora,promicromonospora,0.9261822376009228,0.9793386826591984,,,0.5391894758426616
propionibacterium,propionibacterium,0.9077277970011534,0.980275105936958,,,0.3005470105489847
propionivibrio,propionivibrio,0.9538638985005768,0.9813914120752876,,,0.2815523833214434
prosthecobacter,prosthecobacter,1.0,0.9861742293388294,,,0.3600710647625774
prosthecochloris,prosthecochloris,0.9331026528258364,0.9825446275838124,1.3920285270444923,1.276412249926673,0.0858418424775541
proteiniclasticum,proteiniclasticum,1.0,0.9861742293388294,,,0.3527512139613846
proteus,proteus,0.9261822376009228,0.9793386826591984,,,0.2321384148660685
providencia,providencia,1.0,0.9861742293388294,,,0.2794242134787442
pseudanabaena,pseudanabaena,0.9919261822376008,0.988245658493502,,,0.2217969325302683
pseudidiomarina,pseudidiomarina,1.0,0.9861742293388294,,,0.1763679391284404
pseudoalteromonas,pseudoalteromonas,1.0,0.9861742293388294,,,0.0536242390424967
pseudobutyrivibrio,pseudobutyrivibrio,0.9077277970011534,0.980275105936958,,,0.1450231667488225
pseudoclavibacter,pseudoclavibacter,0.9077277970011534,0.980275105936958,,,0.3906014684135453
pseudomonas,pseudomonas,1.0,0.9861742293388294,,,0.2734325873134264
pseudonocardia,pseudonocardia,1.0,0.9861742293388294,,,0.3774455221989812
pseudoxanthomonas,pseudoxanthomonas,0.9261822376009228,0.9793386826591984,-0.9828511802995192,-0.6179270654614729,0.4508215042705094
psychrilyobacter,psychrilyobacter,0.9342560553633218,0.9779814439339556,,,0.058100491623745
psychrobacter,psychrobacter,1.0,0.9861742293388294,,,0.1061653760551755
psychroflexus,psychroflexus,0.9919261822376008,0.988245658493502,,,0.1349319738581857
psychromonas,psychromonas,0.9342560553633218,0.9779814439339556,,,0.0722609881292283
ralstonia,ralstonia,1.0,0.9861742293388294,0.0,1.0,0.4481516939537776
rathayibacter,rathayibacter,0.9261822376009228,0.9793386826591984,,,0.4872805529200331
reichenbachiella,reichenbachiella,1.0,0.9861742293388294,,,0.035073498240457
rheinheimera,rheinheimera,1.0,0.9861742293388294,,,0.2830456611953502
rhizobium,rhizobium,1.0,0.9861742293388294,0.0,1.0,0.4331864249652429
rhodanobacter,rhodanobacter,1.0,0.9861742293388294,,,0.415126891677461
rhodobacter,rhodobacter,1.0,0.9861742293388294,,,0.259864690990559
rhodoblastus,rhodoblastus,0.8638985005767013,0.9718890883941396,,,0.5750626298841353
rhodococcus,rhodococcus,1.0,0.9861742293388294,,,0.3891188124917095
rhodopila,rhodopila,0.9538638985005768,0.9813914120752876,,,0.5203131196751969
rhodopirellula,rhodopirellula,1.0,0.9861742293388294,,,0.0779419413538587
rhodoplanes,rhodoplanes,1.0,0.9861742293388294,,,0.467008279803082
rhodovibrio,rhodovibrio,0.9331026528258364,0.9825446275838122,,,0.2847810550040558
rhodovulum,rhodovulum,0.9538638985005768,0.9813914120752876,,,0.1489879946345859
rickettsia,rickettsia,1.0,0.9861742293388294,,,0.4778088235430064
riemerella,riemerella,0.9261822376009228,0.9793386826591984,,,0.205125218776016
rikenella,rikenella,0.9077277970011534,0.980275105936958,,,0.1476993410306273
rivularia,rivularia,0.9538638985005768,0.9813914120752876,,,0.1514358661577481
robiginitalea,robiginitalea,0.9919261822376008,0.988245658493502,,,0.0623584865856656
robinsoniella,robinsoniella,0.8269896193771626,0.9652768922293548,,,0.243921637308344
roseburia,roseburia,1.0,0.9861742293388294,,,0.1178798646869575
roseivirga,roseivirga,1.0,0.9861742293388294,,,0.0596422181929121
roseivivax,roseivivax,0.9919261822376008,0.988245658493502,,,0.1551485433706518
roseobacter,roseobacter,1.0,0.9861742293388294,0.0,1.0,0.0196602097868393
roseococcus,roseococcus,1.0,0.9861742293388294,,,0.3573804532953137
roseomonas,roseomonas,1.0,0.9861742293388294,0.0,1.0,0.3788955606838244
roseovarius,roseovarius,1.0,0.9861742293388294,,,0.1039933091213772
rothia,rothia,1.0,0.9861742293388294,,,0.2038119406592938
rubellimicrobium,rubellimicrobium,1.0,0.9861742293388294,0.0,1.0,0.2859560354470342
rubrobacter,rubrobacter,1.0,0.9861742293388294,,,0.1917892200363266
rudanella,rudanella,1.0,0.9861742293388294,,,0.449685653391952
ruegeria,ruegeria,0.81199538638985,0.9618559291207516,,,0.0387840387466043
ruminobacter,ruminobacter,0.9077277970011534,0.980275105936958,,,0.2249960362634488
ruminococcus,ruminococcus,1.0,0.9861742293388294,,,0.1807840009650335
rummeliibacillus,rummeliibacillus,1.0,0.9861742293388294,,,0.3034606164914669
runella,runella,1.0,0.9861742293388294,,,0.1931968370937106
saccharibacillus,saccharibacillus,0.9261822376009228,0.9793386826591984,,,0.3469527715895031
saccharibacter,saccharibacter,0.9261822376009228,0.9793386826591984,,,0.2302163276673753
saccharomonospora,saccharomonospora,0.9261822376009228,0.9793386826591984,-1.0562572585642247,-0.731166197851928,0.3673162132090286
saccharopolyspora,saccharopolyspora,0.9261822376009228,0.9793386826591984,,,0.3185551656770693
salegentibacter,salegentibacter,1.0,0.9861742293388294,,,0.2345270879209376
salinicoccus,salinicoccus,1.0,0.9861742293388294,,,0.132489251410708
salinimicrobium,salinimicrobium,0.9342560553633218,0.9779814439339556,,,0.1850184128246214
salinisphaera,salinisphaera,1.0,0.9861742293388294,,,0.1106602512735535
sanguibacter,sanguibacter,1.0,0.9861742293388294,,,0.4248915230580129
saprospira,saprospira,1.0,0.9861742293388294,,,0.149460386356701
scardovia,scardovia,0.9077277970011534,0.980275105936958,,,0.3056098048965573
sebaldella,sebaldella,0.9077277970011534,0.980275105936958,,,0.2155717939628539
sediminibacterium,sediminibacterium,1.0,0.9861742293388294,,,0.3759232042250492
selenomonas,selenomonas,1.0,0.9861742293388294,,,0.1546325602890947
serratia,serratia,0.9077277970011534,0.980275105936958,,,0.2314100951591843
sharpea,sharpea,0.9077277970011534,0.980275105936958,,,0.1391876797062744
shewanella,shewanella,1.0,0.9861742293388294,,,0.1184840290549999
shuttleworthia,shuttleworthia,0.9077277970011534,0.980275105936958,,,0.2215984776524909
simkania,simkania,1.0,0.9861742293388294,,,0.1539568355651288
singulisphaera,singulisphaera,0.9538638985005768,0.9813914120752876,,,0.449287259699033
sinomonas,sinomonas,0.9261822376009228,0.9793386826591984,,,0.4621842439266184
sinorhizobium,sinorhizobium,1.0,0.9861742293388294,0.0,1.0,0.2963866549752783
siphonobacter,siphonobacter,0.9261822376009228,0.9793386826591984,,,0.3815580033965267
skermanella,skermanella,1.0,0.9861742293388294,0.0,1.0,0.3945877479272145
slackia,slackia,0.9077277970011534,0.980275105936958,,,0.1342323972650737
smaragdicoccus,smaragdicoccus,0.9261822376009228,0.9793386826591984,,,0.6495025987605639
sneathia,sneathia,0.9077277970011534,0.980275105936958,,,0.224955254451604
solibacillus,solibacillus,1.0,0.9861742293388294,,,0.3751203111947084
sorangium,sorangium,1.0,0.9861742293388294,,,0.3792975304958861
sphaerisporangium,sphaerisporangium,0.8638985005767013,0.9718890883941396,,,0.3293810562032038
sphingobacterium,sphingobacterium,1.0,0.9861742293388294,,,0.330081380285052
sphingobium,sphingobium,1.0,0.9861742293388294,,,0.479771604083453
sphingomonas,sphingomonas,1.0,0.9861742293388294,0.0,1.0,0.3480854860687105
sphingopyxis,sphingopyxis,1.0,0.9861742293388294,0.0,1.0,0.3587214452142629
sphingosinicella,sphingosinicella,0.9331026528258364,0.9825446275838122,,,0.3738161429543976
spirosoma,spirosoma,1.0,0.9861742293388294,,,0.2644446383044672
sporanaerobacter,sporanaerobacter,0.9261822376009228,0.9793386826591984,-0.9864144474623098,-0.6104988458737314,0.250062072147161
sporolactobacillus,sporolactobacillus,0.9261822376009228,0.9793386826591984,,,0.3420426404047709
sporomusa,sporomusa,1.0,0.9861742293388294,,,0.27815969424214
sporosarcina,sporosarcina,1.0,0.9861742293388294,,,0.3925413689798017
staphylococcus,staphylococcus,1.0,0.9861742293388294,,,0.1106901575534684
stenotrophomonas,stenotrophomonas,1.0,0.9861742293388294,,,0.2831990316080918
streptacidiphilus,streptacidiphilus,1.0,0.9861742293388294,,,0.430151869159695
streptobacillus,streptobacillus,0.9077277970011534,0.980275105936958,,,0.2143370560716949
streptococcus,streptococcus,1.0,0.9861742293388294,,,0.1044894937987895
streptomyces,streptomyces,1.0,0.9861742293388294,,,0.3040047164998636
streptosporangium,streptosporangium,1.0,0.9861742293388294,,,0.5467040444797556
succiniclasticum,succiniclasticum,0.9077277970011534,0.980275105936958,,,0.1220582914897736
succinivibrio,succinivibrio,0.9077277970011534,0.980275105936958,,,0.1811302977962852
sulfuricurvum,sulfuricurvum,1.0,0.9861742293388294,,,0.1784902421134058
sulfurimonas,sulfurimonas,0.9919261822376008,0.988245658493502,1.6350326879870207,1.6968232158630077,0.04519374144774
sulfuritalea,sulfuritalea,0.9538638985005768,0.9813914120752876,-0.0170185000589171,-0.1743891581400845,0.154666885117198
sulfurospirillum,sulfurospirillum,1.0,0.9861742293388294,,,0.0845250200403809
sutterella,sutterella,0.9261822376009228,0.9793386826591984,,,0.2453431630099448
symbiobacterium,symbiobacterium,0.9261822376009228,0.9793386826591984,-0.9990395873640384,-0.577122670576934,0.3763325512671205
synechococcus,synechococcus,1.0,0.9861742293388294,,,0.0568117037404862
syntrophomonas,syntrophomonas,0.9538638985005768,0.9813914120752876,,,0.187566567991044
syntrophus,syntrophus,1.0,0.9861742293388294,,,0.1585372943803732
tannerella,tannerella,1.0,0.9861742293388294,,,0.2416859899382074
tatlockia,tatlockia,1.0,0.9861742293388294,,,0.6580532877488096
telmatospirillum,telmatospirillum,1.0,0.9861742293388294,,,0.2962304340507981
tenacibaculum,tenacibaculum,1.0,0.9861742293388294,,,0.0433838008318296
terracoccus,terracoccus,1.0,0.9861742293388294,,,0.2439111755323169
terribacillus,terribacillus,0.9261822376009228,0.9793386826591984,,,0.4257345201148091
tetragenococcus,tetragenococcus,0.9077277970011534,0.980275105936958,,,0.1582733796561703
thalassospira,thalassospira,1.0,0.9861742293388294,,,0.1622171770647713
thermacetogenium,thermacetogenium,0.8269896193771626,0.9652768922293548,,,0.4236314452136953
thermoactinomyces,thermoactinomyces,1.0,0.9861742293388294,,,0.4263530738764222
thermoanaerobacterium,thermoanaerobacterium,0.9077277970011534,0.980275105936958,0.8021607887674338,0.9545503542793256,0.3728820284648496
thermobacillus,thermobacillus,1.0,0.9861742293388294,,,0.420384950384876
thermomonas,thermomonas,0.9261822376009228,0.9793386826591984,,,0.4819630984230763
thermus,thermus,0.9919261822376008,0.988245658493502,,,0.2260094808110313
thioalkalivibrio,thioalkalivibrio,0.9538638985005768,0.9813914120752876,,,0.3265503095849045
thiobacillus,thiobacillus,1.0,0.9861742293388294,,,0.2265832711661883
thiocapsa,thiocapsa,0.9331026528258364,0.9825446275838122,,,0.1597950805044697
thiothrix,thiothrix,0.9077277970011534,0.980275105936958,,,0.0980191144655198
treponema,treponema,1.0,0.9861742293388294,,,0.1421413579193795
trichococcus,trichococcus,0.8269896193771626,0.9652768922293548,,,0.2291526066003906
turicibacter,turicibacter,1.0,0.9861742293388294,,,0.5104327277354656
turneriella,turneriella,1.0,0.9861742293388294,,,0.5542307203605537
uliginosibacterium,uliginosibacterium,1.0,0.9861742293388294,,,0.2774637826884771
ulvibacter,ulvibacter,1.0,0.9861742293388294,,,0.0407123597774942
ureaplasma,ureaplasma,0.9077277970011534,0.980275105936958,,,0.100196643221414
ureibacillus,ureibacillus,0.9077277970011534,0.980275105936958,,,0.3862203809969345
vagococcus,vagococcus,1.0,0.9861742293388294,,,0.2934428362668546
varibaculum,varibaculum,1.0,0.9861742293388294,,,0.2190829240911056
variovorax,variovorax,1.0,0.9861742293388294,,,0.3888934819197614
veillonella,veillonella,1.0,0.9861742293388294,,,0.1526102860278374
verrucomicrobium,verrucomicrobium,1.0,0.9861742293388294,,,0.4670630397911234
vibrio,vibrio,1.0,0.9861742293388294,,,0.0922855768876478
victivallis,victivallis,0.9077277970011534,0.980275105936958,,,0.2029098798990133
virgibacillus,virgibacillus,0.9261822376009228,0.9793386826591984,,,0.2694998058788598
vogesella,vogesella,1.0,0.9861742293388294,,,0.165383384643666
weeksella,weeksella,0.9919261822376008,0.988245658493502,,,0.1868541015233377
weissella,weissella,1.0,0.9861742293388294,,,0.1952956069792188
williamsia,williamsia,1.0,0.9861742293388294,,,0.4882551471419892
winogradskyella,winogradskyella,1.0,0.9861742293388294,,,0.049956426792804
wolbachia,wolbachia,0.9261822376009228,0.9793386826591984,,,0.3191165613837702
xanthobacter,xanthobacter,0.9077277970011534,0.980275105936958,,,0.3276050748884244
xanthomonas,xanthomonas,0.9077277970011534,0.980275105936958,,,0.3065065602941069
yersinia,yersinia,1.0,0.9861742293388294,,,0.7474298611218776
zoogloea,zoogloea,1.0,0.9861742293388294,0.0,1.0,0.1652591270874301
zymomonas,zymomonas,1.0,0.9861742293388294,,,0.2540970950572487
