phylogenetic_tree_id,n_genomes_in_tree,n_pairs,mean_branch_dist,std_branch_dist,min_branch_dist,max_branch_dist,q25_branch_dist,median_branch_dist,q75_branch_dist,q90_branch_dist,iqr_branch_dist,cv_branch_dist,max_median_ratio,gtdb_species_clade_id,GTDB_species
14aa0126-0076-5445-891e-56f909d643d9,87,3828,0.005059640543364681,0.002432717173544049,0.0,0.008791,0.002893,0.0053235,0.0073915,0.0079216,0.004498499999999999,0.48080830104311767,1.6513571898187283,s__Odoribacter_splanchnicus--RS_GCF_000190535.1,s__Odoribacter_splanchnicus
ca196996-6f3e-5434-87b6-681e06ad6e39,83,3486,0.011314635685599542,0.005439719368904119,3.1e-05,0.022978,0.010523,0.0120795,0.013031,0.019581,0.002508,0.4807684065185947,1.9022310526097934,s__Mesorhizobium_sp002294985--RS_GCF_002294985.1,s__Mesorhizobium_sp002294985
23e8c7ef-3519-53a0-aa4c-715b5c18e084,255,32640,0.016161823743872546,0.012111564185327967,0.0,0.032282,0.007401,0.0103095,0.02895,0.030161,0.021549,0.7493934086442342,3.1312866773364374,s__Xanthomonas_cissicola--RS_GCF_008801575.1,s__Xanthomonas_cissicola
c1f7f087-6471-501b-ae73-7a339a5a92aa,134,9045,0.01128401569928137,0.003925492221194261,0.0,0.017926,0.008177,0.008952,0.015705,0.016428,0.007528,0.34788078338496625,2.0024575513851657,s__Pantoea_agglomerans--RS_GCF_001598475.1,s__Pantoea_agglomerans
efbb1a51-06dd-5b86-8382-3ce1c1784819,114,6555,0.014554197559115183,0.00936839845521523,6.4e-05,0.027293,0.006307999999999999,0.011414,0.0240145,0.024874399999999998,0.0177065,0.6436904829114315,2.391186262484668,s__Bacillus_A_pseudomycoides--RS_GCF_000161455.1,s__Bacillus_A_pseudomycoides
883b332e-edd9-5704-aa2f-fb3165e0b3f5,81,3321,0.01116983047274917,0.005634583177182604,0.0,0.024772,0.007928,0.00912,0.017604,0.019122,0.009676000000000002,0.5044466154548355,2.7162280701754384,s__Weissella_cibaria--RS_GCF_000193635.1,s__Weissella_cibaria
8c47b670-ab08-5d25-9326-adde1660ed08,68,2346,0.012504235720375106,0.006557974908530483,0.0,0.022189,0.006944,0.014808,0.017764,0.019168499999999998,0.01082,0.5244602753165113,1.49844678552134,s__Ligilactobacillus_ruminis--RS_GCF_900113455.1,s__Ligilactobacillus_ruminis
46b4dc7c-b1d1-5510-b0c0-812e1dff3f47,204,20910,0.022782316116690578,0.0029791981782971923,0.0,0.031168,0.021676,0.023123,0.02442175,0.025475100000000004,0.002745749999999998,0.13076801160328905,1.3479219824417246,s__Aeromonas_veronii--RS_GCF_000820225.1,s__Aeromonas_veronii
b8686104-44ba-5405-8026-5e7f9baf61d9,2249,2530125,0.007396137075836171,0.0024870508429278427,0.0,0.021645,0.006201,0.007413,0.008614,0.010118,0.002413,0.3362634869293129,2.9198704977741805,s__Enterococcus_faecalis--RS_GCF_000392875.1,s__Enterococcus_faecalis
fb898b3c-d206-596b-b298-0c4fca875095,101,5151,0.009816306542418949,0.0033326676116151523,0.0,0.029034,0.008518999999999999,0.00943,0.010367,0.011865,0.0018480000000000007,0.3395032130683555,3.078897136797455,s__Anaerostipes_hadrus--RS_GCF_000332875.2,s__Anaerostipes_hadrus
8a16e61d-3afe-505b-bfd6-24daea62cab6,82,3403,0.028200260946223923,0.006934609801908581,0.0,0.044555,0.025139,0.02947,0.032549,0.035007,0.00741,0.24590587353544116,1.5118764845605699,s__Streptococcus_sp001556435--RS_GCF_009738225.1,s__Streptococcus_sp001556435
2388b695-25d8-5492-ab7e-c75e73845bcf,63,2016,0.012710859623015875,0.008028304263945036,0.0,0.020316,0.0036149999999999997,0.0174725,0.019104,0.019126,0.015489,0.6316098597618042,1.162741450851338,s__Klebsiella_terrigena--RS_GCF_006539725.1,s__Klebsiella_terrigena
ab1312ea-67af-57bf-9ab1-1af76d01cbb3,1166,680361,0.020729416965405135,0.007634749148720714,0.0,0.031669,0.01453,0.024517,0.026067,0.027462,0.011537,0.36830505949405995,1.2917159521964352,s__Pseudomonas_E_viridiflava--RS_GCF_001642795.1,s__Pseudomonas_E_viridiflava
18c5b0c5-4106-56d9-ae6e-d32cd0193bdc,86,3741,0.0294374076450147,0.01863157993689058,0.0,0.05862,0.002111,0.038147,0.044252,0.047563,0.042141,0.6329218986117443,1.5366870265027393,s__Streptococcus_anginosus--RS_GCF_900636475.1,s__Streptococcus_anginosus
ad436be9-b237-56ea-ac70-7df072b201be,12,78,0.01710124358974359,0.010227448612518746,5.1e-05,0.030627,0.00737125,0.015623499999999998,0.02876625,0.0299197,0.021395,0.598052916961701,1.9603161903542743,s__Bacillus_A_nitratireducens--RS_GCF_001884135.1,s__Bacillus_A_nitratireducens
08dde0d2-5201-5aae-9fc0-366cc2566281,245,30135,0.012098389912062387,0.004298099984823816,0.0,0.020537,0.011115,0.013157,0.014936,0.016381600000000003,0.0038209999999999997,0.355262147778731,1.5609181424336855,s__Acinetobacter_nosocomialis--RS_GCF_000368085.1,s__Acinetobacter_nosocomialis
39a70d98-74fa-55a5-a340-1da10908e6e4,388,75466,0.014957174436169927,0.007488854636295783,0.0,0.038588,0.01207,0.014486,0.016341,0.018101,0.0042710000000000005,0.5006864544005043,2.6638133370150485,s__Corynebacterium_diphtheriae--RS_GCF_001457455.1,s__Corynebacterium_diphtheriae
aebbffbc-b310-5db9-91f3-3f17df124cc7,162,13203,0.008523855941831401,0.006904903971499388,0.0,0.024419,0.005078,0.005552,0.006213,0.023135,0.0011349999999999997,0.8100681215895618,4.398234870317003,s__Pantoea_ananatis--RS_GCF_000710035.2,s__Pantoea_ananatis
c823f8d4-88ec-5de6-9b56-7dced94028dd,176,15576,0.010770861838726248,0.005298260325990942,0.0,0.026073,0.006899,0.009912500000000001,0.015131,0.018293999999999998,0.008232,0.49190681352361576,2.6303152585119793,s__Morganella_morganii--RS_GCF_019243775.1,s__Morganella_morganii
23e833fa-bca3-57f5-b1c5-440b0ca7ab0a,289,41905,0.009832782555780933,0.0013792480442405002,0.0,0.012924,0.009316,0.00997,0.010588,0.011149,0.0012720000000000006,0.14027036969607412,1.2962888665997994,s__Vibrio_alginolyticus--RS_GCF_000354175.2,s__Vibrio_alginolyticus
0225e691-92ef-5442-a825-efe9cb24244c,79,3160,0.024798265822784812,0.015086441131686786,0.0,0.045463,0.010943999999999999,0.022113,0.03836125,0.0416944,0.02741725,0.6083667801409428,2.055939944828834,s__Xanthomonas_A_translucens--RS_GCF_000331775.1,s__Xanthomonas_A_translucens
55f91108-9f63-5e51-baab-15b8a087dae4,62,1953,0.012928545826932926,0.003975701414823574,0.0,0.02162,0.010021,0.012684,0.016273,0.0180146,0.006251999999999999,0.30751342556572275,1.704509618416903,s__Agathobacter_faecis--RS_GCF_001406815.1,s__Agathobacter_faecis
86fbea06-08a0-5694-a0ab-5a5ce32733da,318,50721,0.018489120581218824,0.01261923238093195,0.0,0.033558,0.00619,0.021181,0.03112,0.03154,0.024929999999999997,0.6825220445449697,1.58434445965724,s__Pseudomonas_E_avellanae--RS_GCF_000444135.1,s__Pseudomonas_E_avellanae
f52b6636-ba4b-5336-8c3c-0889c7e273f7,239,28680,0.013317096478382145,0.0059080970308224125,0.0,0.022341,0.010364499999999999,0.015028,0.01811925,0.019597100000000003,0.007754750000000001,0.44364753536276624,1.486624966728773,s__Lactobacillus_delbrueckii--RS_GCF_001433875.1,s__Lactobacillus_delbrueckii
69c7ea07-db20-5db5-829f-aa35a9046d1b,87,3828,0.007327809822361546,0.002484210117923794,0.0,0.015974,0.006223,0.007712,0.008803,0.009534100000000002,0.00258,0.3390112705085465,2.071317427385892,s__Gemmiger_qucibialis--GB_GCA_004000625.1,s__Gemmiger_qucibialis
50ff987e-0032-571d-9cfb-08e37334b2af,2120,2248260,0.026781081169882485,0.008258231276568237,0.0,0.045977,0.024736,0.02865,0.031667,0.034408,0.006931,0.3083606380258947,1.60478184991274,s__Neisseria_meningitidis--RS_GCF_900638555.1,s__Neisseria_meningitidis
338cb4e8-81c8-5805-872e-b9fb1522ab68,107,5778,0.014507793527172031,0.008113948191674087,0.0,0.031807,0.007939,0.011466500000000001,0.020728,0.029070000000000002,0.012789,0.5592820284130222,2.7739065974796144,s__Listeria_innocua--RS_GCF_024721565.1,s__Listeria_innocua
76d3f074-92c3-512e-b5b2-61e17da3e9c6,70,2485,0.02950186277665996,0.013202598227310187,0.0,0.047729,0.022458,0.029032,0.042021,0.0442042,0.019563000000000004,0.4475174441444173,1.644013502342243,s__Haemophilus_influenzae_D--RS_GCF_900475755.1,s__Haemophilus_influenzae_D
0503b5ac-24fd-5229-afd5-589ec7b71092,360,64980,0.009878974515235455,0.00858987240229172,0.0,0.028332,0.003065,0.007179,0.02104925,0.022113,0.01798425,0.8695105336130111,3.946510656080234,s__Cutibacterium_acnes--RS_GCF_003030305.1,s__Cutibacterium_acnes
5a630225-a25b-57ca-a944-6309d454d356,135,9180,0.015918731154684094,0.009304438758108253,0.0,0.033606,0.00844775,0.0118085,0.022320249999999996,0.0304635,0.013872499999999996,0.5844962558696406,2.8459160774018715,s__Streptococcus_dysgalactiae--RS_GCF_900459225.1,s__Streptococcus_dysgalactiae
24817438-e324-506a-8750-f7ad090213ca,129,8385,0.008614284317233155,0.0031824625994011737,0.0,0.018236,0.006768,0.007598,0.009028,0.01468,0.00226,0.36944016266499985,2.4001052908660174,s__Burkholderia_vietnamiensis--RS_GCF_000959445.1,s__Burkholderia_vietnamiensis
f098f7f4-207c-508d-a48e-1f3f94ec2e4e,81,3321,0.023558369467028002,0.011274402684117404,0.0,0.042399,0.011792,0.024516,0.033761,0.035303,0.021969,0.4785731329961913,1.7294419970631425,s__Pseudomonas_E_chlororaphis_F--RS_GCF_003850345.1,s__Pseudomonas_E_chlororaphis_F
7dccf078-3158-5443-82b7-4b59e7efde53,174,15225,0.008486466009852216,0.0025063981867434874,0.0,0.016715,0.007119,0.008252,0.009385,0.012729,0.002265999999999999,0.2953406263377156,2.0255695588948135,s__Bifidobacterium_bifidum--RS_GCF_001025135.1,s__Bifidobacterium_bifidum
179ece48-e686-545f-a0f6-b316a950a730,105,5565,0.0267293572327044,0.017676152163289167,0.0,0.047901,0.005563,0.037955,0.042251,0.044045799999999996,0.036688,0.6613010559663483,1.262047161111843,s__Riemerella_anatipestifer--RS_GCF_000252855.1,s__Riemerella_anatipestifer
a31716c2-fdee-553e-b20a-3a6f8d83bef5,177,15753,0.01866175991874563,0.007769660856476169,0.0,0.033337,0.014412,0.018327,0.02477,0.028612,0.010358000000000001,0.41634127168636376,1.819010203524854,s__Vibrio_crassostreae--GB_GCA_024347415.1,s__Vibrio_crassostreae
b5ed78b4-b7ce-5797-b499-bcb1709879f9,80,3240,0.013896670061728395,0.0062288182856012455,0.0,0.030081,0.009755,0.0114065,0.015845750000000002,0.025471099999999997,0.006090750000000002,0.4482238016685371,2.637180554946741,s__Blautia_A_massiliensis--RS_GCF_001487165.1,s__Blautia_A_massiliensis
0914bd6e-56c0-5aff-9a17-4fffdd65b331,539,145530,0.01496816650862365,0.007763787401070118,0.0,0.042748,0.010787,0.012363,0.014476,0.03103,0.0036889999999999996,0.5186866004328016,3.4577367952762272,s__Bifidobacterium_longum--RS_GCF_000196555.1,s__Bifidobacterium_longum
40daef3c-4023-5456-8642-bcfb4bdebd41,471,111156,0.010565113849005003,0.013215982699891759,0.0,0.048595,7.1e-05,0.000115,0.024832,0.027753,0.024761,1.2509077411538172,422.5652173913043,s__Streptococcus_equi--GB_GCA_900637675.1,s__Streptococcus_equi
4cd95273-2a19-5620-b900-0b4668f2942f,251,31626,0.004996083633719091,0.0014237208676081442,0.0,0.007609,0.005014,0.005359,0.005692,0.005982,0.0006779999999999998,0.2849673808499328,1.4198544504571748,s__Enterobacter_kobei--RS_GCF_001729765.1,s__Enterobacter_kobei
6efd19fe-525b-564b-9eb7-322d969bde77,80,3240,0.003577240740740741,0.002133543472721244,0.0,0.007639,0.00194325,0.004052,0.0051782500000000006,0.006218,0.0032350000000000005,0.5964215515110817,1.8852418558736426,s__Staphylococcus_ureilyticus--RS_GCF_002902235.1,s__Staphylococcus_ureilyticus
014983ad-cd20-5ba7-b72b-79c6e691f9be,1620,1313010,0.019314306926832236,0.01360600909616229,0.0,0.055436,0.001249,0.025623,0.029869,0.034919,0.02862,0.7044523599891777,2.163524958045506,s__Streptococcus_suis--RS_GCF_000294495.1,s__Streptococcus_suis
11ded7e4-a57d-566b-9034-4b79aa232f5c,71,2556,0.02555766001564945,0.015002644955476992,9e-06,0.044492,0.012142499999999999,0.0340005,0.038705,0.041607,0.026562500000000003,0.5870116805016806,1.3085689916324759,s__Mesorhizobium_wenxiniae--RS_GCF_002284535.1,s__Mesorhizobium_wenxiniae
18b0f24c-fbe8-5f50-8619-33d39cba8fb1,135,9180,0.007425723638344227,0.0018652314492534935,0.0,0.013187,0.007024,0.007402,0.008196,0.009514,0.0011720000000000003,0.25118514236403755,1.781545528235612,s__Escherichia_fergusonii--RS_GCF_000026225.1,s__Escherichia_fergusonii
7ba43232-3227-5d09-9102-03539a3e8c30,207,21528,0.014273689752879968,0.0033273396144757905,0.0,0.022989,0.01306875,0.0146015,0.016282,0.017635599999999998,0.003213250000000001,0.23310998572071676,1.574427284867993,s__Aeromonas_caviae--RS_GCF_000819785.1,s__Aeromonas_caviae
bb5f221d-553f-5aff-acda-55221375eeb1,121,7381,0.002643791627150792,0.000554056413816683,0.0,0.004244,0.00242,0.002681,0.002952,0.00322,0.0005320000000000004,0.20956886621726245,1.582991421111526,s__Klebsiella_ornithinolytica--RS_GCF_001598295.1,s__Klebsiella_ornithinolytica
fb799c97-f312-54b4-a127-808c0d1e13cf,142,10153,0.04435868826947701,0.010218563962664205,0.0,0.067582,0.040027,0.045219,0.050536,0.05541,0.010508999999999998,0.2303621761894061,1.4945487516309517,s__Streptococcus_suis_P--GB_GCA_002831545.1,s__Streptococcus_suis_P
831950db-a754-52e0-b364-621026f1f7a4,11,66,0.006335469696969697,0.003596832851357714,0.0,0.010124,0.00581625,0.007765,0.00898425,0.0098185,0.003167999999999999,0.5677294696994772,1.3037990985189953,s__Stenotrophomonas_maltophilia_F--RS_GCF_000284595.1,s__Stenotrophomonas_maltophilia_F
67638f14-d8c4-5bf1-88d9-812eb13476f4,72,2628,0.013563492770167426,0.00886925756097183,0.0,0.024292,0.00237075,0.0112955,0.022996,0.023424,0.020625249999999998,0.653906608810936,2.150590943296003,s__Pseudomonas_E_monteilii--RS_GCF_000730605.1,s__Pseudomonas_E_monteilii
936b44f3-3ca9-5ee9-9e9e-bd1d6c5bdeba,155,12090,0.01654188759305211,0.006395220363165255,0.0,0.031104,0.012983749999999999,0.015381,0.019531,0.026842,0.006547250000000001,0.38660765448867895,2.02223522527794,s__Pseudomonas_E_syringae--RS_GCF_000507185.2,s__Pseudomonas_E_syringae
3176bdad-e80c-5177-b7aa-9b5ad0c41c59,168,14196,0.008328340659340659,0.003630353160457289,0.0,0.014012,0.0056,0.009136,0.011324,0.012378,0.005724000000000001,0.4359035381658726,1.5337127845884413,s__Lactobacillus_helveticus--RS_GCF_000160855.1,s__Lactobacillus_helveticus
4d9ff082-b528-5b10-a7d9-25a601eb01ef,1824,1664400,0.018546439428622923,0.012133147264744676,0.0,0.038633,0.006417,0.024861,0.030275,0.031676,0.023858,0.6542035904756714,1.553960017698403,s__Mycobacterium_abscessus--RS_GCF_000069185.1,s__Mycobacterium_abscessus
9a4af50f-49e6-50e6-8aa5-6bb46090a787,70,2485,0.0152343569416499,0.012346326706297886,0.0,0.04217,0.009295,0.010924,0.013485,0.038880399999999996,0.004190000000000001,0.8104265085547329,3.860307579641157,s__Rhizobium_leguminosarum_L--RS_GCF_000009265.1,s__Rhizobium_leguminosarum_L
9bd5fd29-ee1a-5310-b0b3-7c7fe83b6a99,139,9730,0.008698287872559095,0.00648820874974061,0.0,0.022039,0.0034315,0.0055445,0.015782,0.018234,0.0123505,0.7459179145138749,3.9749301109207322,s__Staphylococcus_chromogenes--RS_GCF_002901945.1,s__Staphylococcus_chromogenes
c974024a-d705-5ba6-9d77-5571f7de3ed9,91,4186,0.00830661968466316,0.006581405459029106,0.0,0.022786,0.004611,0.0061665,0.00711775,0.021074,0.0025067500000000003,0.7923085092219418,3.6951268953214953,s__Citrobacter_werkmanii--GB_GCA_000759755.1,s__Citrobacter_werkmanii
b8f41ba8-984e-547d-b629-362b725a75f1,1537,1181953,0.010804312305988481,0.008809870646907011,0.0,0.050584,0.001091,0.011876,0.013947,0.017199,0.012856,0.8154031832293468,4.259346581340519,s__Vibrio_cholerae--RS_GCF_000621645.1,s__Vibrio_cholerae
c9bab6a0-1b5f-548d-84a6-0d00df80c095,164,13530,0.011682410199556542,0.0034149182515903517,0.0,0.024083,0.009319,0.011331,0.013897,0.016276,0.0045780000000000005,0.29231281843878243,2.1254081722707614,s__Bifidobacterium_adolescentis--RS_GCF_000010425.1,s__Bifidobacterium_adolescentis
2b4fab8f-6cfa-532b-b880-7454e977b0fd,106,5671,0.02450178187268559,0.012175283883809606,0.0,0.045677,0.0132175,0.021605,0.0365505,0.039396,0.023333,0.49691422228285054,2.1141865308956262,s__Glaesserella_parasuis--RS_GCF_002015085.1,s__Glaesserella_parasuis
45bdd4b3-c3a9-5354-8155-59551ef767f2,106,5671,0.01991387691765121,0.006092296903104048,0.0,0.037041,0.0166545,0.018116,0.019862,0.032198,0.003207500000000002,0.3059322365151295,2.044656657098697,s__Vibrio_splendidus--GB_GCA_024347615.1,s__Vibrio_splendidus
55feefeb-4efa-546c-b443-d6b10ea35951,91,4186,0.016218817247969423,0.0035779778333790246,0.0,0.030296,0.01398625,0.016662,0.018513,0.019984000000000002,0.004526750000000001,0.22060658176705106,1.8182691153522987,s__Listeria_A_booriae--RS_GCF_000766865.1,s__Listeria_A_booriae
f41821e6-3d93-5c0b-abcf-907f2287c01a,84,3570,0.0055563490196078435,0.002748373477218449,0.0,0.012298,0.0039935000000000005,0.0055720000000000006,0.007353750000000001,0.0093745,0.0033602500000000004,0.49463658015716655,2.20710696338837,s__Clostridium_F_sporogenes--RS_GCF_001020205.1,s__Clostridium_F_sporogenes
4bc9343d-40f9-5afb-be32-a79d86275e0a,80,3240,0.017246680555555553,0.004516247724450691,0.0,0.02738,0.014301,0.016329,0.021287,0.023604,0.006986000000000001,0.26186185277235297,1.6767713883275155,s__Aliarcobacter_butzleri--RS_GCF_900187115.1,s__Aliarcobacter_butzleri
b741360b-5ca3-5571-8a70-18605cde4076,235,27730,0.012427269130905158,0.010220300444248443,0.0,0.02487,0.001723,0.017482499999999998,0.02319,0.023833,0.021467,0.8224091983999733,1.4225654225654227,s__Yersinia_enterocolitica--RS_GCF_901472495.1,s__Yersinia_enterocolitica
daf3348b-a3dc-5109-a307-49afd962770d,94,4465,0.005733749384098544,0.004028746290203015,0.0,0.017468,0.002159,0.006072,0.007025,0.013554999999999998,0.0048660000000000005,0.7026373181527555,2.8768115942028984,s__Enterococcus_D_gallinarum--RS_GCF_001544275.1,s__Enterococcus_D_gallinarum
dc732894-f626-5608-b0ad-7765d2ff0954,183,16836,0.0011354036588263248,0.0007713985915433234,0.0,0.002916,0.000459,0.0010704999999999998,0.00179,0.002123,0.001331,0.6794047082257282,2.723960765997198,s__Mycoplasmoides_pneumoniae--RS_GCF_001272835.1,s__Mycoplasmoides_pneumoniae
fbe46986-b899-5d69-b1fb-64d678dc5cfa,302,45753,0.01567603608506546,0.004821407041737261,0.0,0.030767,0.013624,0.015349,0.017697,0.021989,0.004073,0.30756544674776615,2.004495406866897,s__Stenotrophomonas_maltophilia--RS_GCF_900186865.1,s__Stenotrophomonas_maltophilia
1fef4fd7-4d34-57fa-89a4-94a643af9b4e,73,2701,0.1662047971121807,0.9714437152511474,0.0,6.008599,0.0,0.004181,0.008361,0.012543,0.008361,5.844859667891938,1437.1200669696245,s__Prochlorococcus_A_sp000635495--GB_GCA_000635495.1,s__Prochlorococcus_A_sp000635495
361ede08-cb1e-5b34-a2c2-7a4c0751a631,81,3321,0.013419575127973506,0.008631818324257272,0.0,0.028189,0.004304,0.014214,0.023437,0.025494,0.019133,0.6432259026043222,1.9831855916701844,s__Pseudomonas_E_asiatica--RS_GCF_009932335.1,s__Pseudomonas_E_asiatica
d79f8786-8e32-5cc9-a78d-1c376ae13fee,99,4950,0.0031110371717171714,0.001436230444147731,0.0,0.008448,0.002419,0.002683,0.0034254999999999997,0.004725800000000003,0.0010064999999999996,0.4616564717402549,3.1487141259783824,s__Escherichia_marmotae--RS_GCF_002900365.1,s__Escherichia_marmotae
4bcd5424-c9f6-5f02-b374-b3978be763ea,86,3741,0.019240737770649555,0.007735941322134375,0.0,0.035114,0.013826,0.020208,0.025689,0.028589,0.011863,0.4020605350141527,1.7376286619160728,s__Lactobacillus_johnsonii--RS_GCF_000159355.1,s__Lactobacillus_johnsonii
5257798c-b089-56bb-8a34-e1f4ed615872,206,21321,0.014795897378171753,0.013902059385134898,0.0,0.04157,0.006036,0.006867,0.0354,0.038402,0.029364,0.9395887947725613,6.053589631571284,s__Moraxella_catarrhalis--RS_GCF_001632285.1,s__Moraxella_catarrhalis
9f375eda-6b9f-59db-850f-d955d7378bf0,127,8128,0.018260555241141733,0.008823010964979597,0.0,0.036022,0.01173975,0.018084,0.025537499999999998,0.030179,0.013797749999999998,0.48317320303059647,1.9919265649192657,s__Xanthomonas_campestris--RS_GCF_000007145.1,s__Xanthomonas_campestris
df04b4b7-7876-5f64-8bbb-744a074b9df7,109,5995,0.0195025586321935,0.007922558776320589,0.0,0.032353,0.011982,0.02073,0.0271485,0.028941800000000004,0.0151665,0.4062317630078839,1.5606849975880368,s__Prevotella_copri_A--RS_GCF_002224675.1,s__Prevotella_copri_A
3612d5b8-6a82-597d-b491-b4b54e0eafd1,70,2485,0.008318139235412475,0.0012505719602596485,7e-06,0.011497,0.007671,0.008332,0.009096,0.009847,0.001425,0.15034275393415386,1.3798607777244358,s__Acinetobacter_soli--RS_GCF_000760595.1,s__Acinetobacter_soli
ed854cb4-cac4-5996-a397-14f028f93613,79,3160,0.010244955063291141,0.004340505113385106,0.0,0.018161,0.010201499999999999,0.011296,0.01209525,0.013316899999999996,0.0018937500000000013,0.4236724403933832,1.6077372521246458,s__Agrobacterium_pusense--RS_GCF_900102105.1,s__Agrobacterium_pusense
20adf934-9676-560f-99d0-fdb9eccf8644,2211,2445366,0.008533465080891775,0.0030643500237180713,0.0,0.034951,0.008172,0.008934,0.010527,0.011442,0.0023549999999999995,0.35909797423086626,3.9121334228788904,s__Listeria_monocytogenes--RS_GCF_900187225.1,s__Listeria_monocytogenes
7407664d-0428-5c67-bc9b-195c3c5cd82c,88,3916,0.013685159856996938,0.0041153136257204926,0.0,0.031589,0.011786500000000002,0.012941,0.01448425,0.0166645,0.0026977499999999988,0.30071359550954885,2.441001468201839,s__Pectobacterium_versatile_A--RS_GCF_020166435.1,s__Pectobacterium_versatile_A
890d4d51-aefd-501f-a0d9-176621ee1a2b,71,2556,0.019490450312989047,0.005921509297034734,0.0,0.030627,0.014223,0.019369,0.0250535,0.027209499999999998,0.0108305,0.3038159304656216,1.5812380608188343,s__Faecalibacterium_longum--RS_GCF_020687245.1,s__Faecalibacterium_longum
34496ead-abc1-5826-a44c-d853d1761f8d,114,6555,0.008421249580472924,0.012905661267338532,0.0,0.032593,1.4e-05,4.2e-05,0.02787,0.03037,0.027856,1.532511433607668,776.0238095238095,s__Bifidobacterium_animalis--RS_GCF_000260715.1,s__Bifidobacterium_animalis
951b9dd5-39f4-5dd2-a7db-07d7b7b60e04,181,16471,0.00971554222573007,0.006500491472748253,0.0,0.02745,0.003345,0.007197,0.014059,0.018969,0.010714000000000001,0.6690816962879059,3.8140892038349308,s__Serratia_nevei--RS_GCF_008364245.1,s__Serratia_nevei
e245c2be-9a9e-5db0-816e-e8cbf516bd17,176,15576,0.016603043528505394,0.008111884974214984,1.3e-05,0.030926,0.00553875,0.020409499999999997,0.02226,0.023758,0.01672125,0.4885781911182652,1.5152747495039076,s__Priestia_megaterium--RS_GCF_000832985.1,s__Priestia_megaterium
15d93b29-9eea-547d-beea-fd1c1b937b15,65,2145,0.009522562237762235,0.005083027442694123,0.0,0.017712,0.004489,0.011929,0.012903,0.015303800000000001,0.008414,0.5337877890193359,1.484784977785229,s__Staphylococcus_xylosus--RS_GCF_002732165.1,s__Staphylococcus_xylosus
5c582652-13d7-56fd-8618-512cd0cede0a,77,3003,0.008604096903096903,0.004105181938367937,0.0,0.020924,0.007042,0.008034,0.008965,0.013019000000000005,0.001923000000000001,0.47711944491121944,2.604431167537964,s__Pseudomonas_E_protegens--RS_GCF_000397205.1,s__Pseudomonas_E_protegens
ca030d1e-701f-5116-8379-173fbfdc7754,121,7381,0.009769632028180467,0.0064097876425912095,0.0,0.029215,0.005165,0.006561,0.014709,0.020622,0.009544,0.6560930467086377,4.452827312909617,s__Ruminococcus_B_gnavus--RS_GCF_008121495.1,s__Ruminococcus_B_gnavus
d12f15d7-74f8-5d1c-8e7f-5eb88ff6adbc,115,6670,0.009265983358320838,0.0029925521604345336,0.0,0.016126,0.009131,0.01004,0.010715,0.011322300000000002,0.0015840000000000003,0.32296109810592594,1.606175298804781,s__Enterobacter_asburiae_B--RS_GCF_007035645.1,s__Enterobacter_asburiae_B
4d3ba2fd-1028-5226-b2c9-f7138db25c13,110,6105,0.012636341687141688,0.002137843532641966,0.0,0.019576,0.011457,0.012376,0.014103,0.0152868,0.002645999999999999,0.16918215616291565,1.581771170006464,s__Shewanella_algae--RS_GCF_009183365.2,s__Shewanella_algae
28a63b0a-809d-5a34-8e78-da92b85d2e1f,167,14028,0.015336068363273454,0.009630731311108047,0.0,0.029088,0.006482,0.009167,0.025383,0.026536,0.018901,0.627979158867833,3.173120977419003,s__Listeria_seeligeri--RS_GCF_000027145.1,s__Listeria_seeligeri
943c587b-0db7-53ba-afff-59617d0d53d4,103,5356,0.016029453323375655,0.007409388903676569,0.0,0.035329,0.013400750000000001,0.0147165,0.023431999999999998,0.025747,0.010031249999999997,0.46223590750106874,2.400638738830564,s__Pectobacterium_brasiliense--RS_GCF_000754695.1,s__Pectobacterium_brasiliense
018df5b8-e5cf-5f07-a277-696efd2b6f35,216,23436,0.01371401006997781,0.006212109389107797,0.0,0.030162,0.008061,0.014581,0.019199,0.020262,0.011138,0.45297541400433344,2.0685824017557097,s__Burkholderia_cepacia--RS_GCF_001411495.1,s__Burkholderia_cepacia
51dbd94c-dceb-5257-ac40-059a8b84c323,81,3321,0.006937949713941585,0.0041537325875912546,0.0,0.015772,0.002911,0.00819,0.010645,0.011882,0.0077339999999999996,0.5986974191012747,1.925763125763126,s__Lactococcus_cremoris--RS_GCF_001591705.1,s__Lactococcus_cremoris
adc5cff8-59ad-53a5-ba83-48dea88048d8,953,454581,0.003888214098257517,0.0015360599102699438,0.0,0.007651,0.003236,0.004258,0.004925,0.00555,0.0016889999999999995,0.3950553831277761,1.796852982620949,s__Neisseria_gonorrhoeae--RS_GCF_003315235.1,s__Neisseria_gonorrhoeae
ea9704f6-749b-5221-8b33-8dbaf539e457,69,2415,0.012330027329192547,0.010930547633737459,0.0,0.032072,0.005738,0.006508,0.027333,0.030524,0.021595,0.8864982486987938,4.928088506453596,s__Ralstonia_pseudosolanacearum--RS_GCF_024925465.1,s__Ralstonia_pseudosolanacearum
1d79b707-10ef-53c6-b6f1-79a1dcaedf75,71,2556,0.001683949530516432,0.003599153394608446,0.0,0.011237,0.00013,0.000324,0.00047,0.010795,0.00034,2.1373285418504566,34.6820987654321,s__Sphingomonas_koreensis--RS_GCF_002797435.1,s__Sphingomonas_koreensis
5c11ea34-6f5b-55d9-aac9-21f2219b05af,246,30381,0.015858198907211744,0.0065655615038218585,0.0,0.026863,0.010168,0.018092,0.021073,0.022001,0.010905000000000001,0.41401684656862736,1.4847999115631219,s__Akkermansia_muciniphila--RS_GCF_000020225.1,s__Akkermansia_muciniphila
89a69d02-4cad-5c25-b8b0-70c9a1a0f418,139,9730,0.0058840176772867415,0.0018932967581840581,0.0,0.008865,0.005569,0.006462,0.007084,0.007476,0.0015149999999999999,0.3217693865014188,1.371866295264624,s__Borreliella_burgdorferi--RS_GCF_000008685.2,s__Borreliella_burgdorferi
ab2ec39f-ac27-5ebc-91cf-f41ce2882e51,102,5253,0.02388624766799924,0.010633557314128371,0.0,0.036151,0.01517,0.028764,0.032714,0.0345946,0.017544,0.4451748747616942,1.2568140731469892,s__Stenotrophomonas_sepilia--RS_GCF_003244875.1,s__Stenotrophomonas_sepilia
ef530c19-78d6-5077-9863-18f8506a1d8a,398,79401,0.008670259077341596,0.0040113598370265695,0.0,0.016975,0.005584,0.008011,0.012377,0.014848,0.006793,0.462657436328477,2.11896142803645,s__Klebsiella_michiganensis--RS_GCF_002925905.1,s__Klebsiella_michiganensis
f418f26b-d2cc-5197-8ba0-c6abe7ff5af2,229,26335,0.027602518549458898,0.011650380010798623,0.0,0.049287,0.022896,0.029316,0.0355125,0.04028880000000001,0.012616500000000003,0.42207670252709634,1.6812320916905443,s__Limosilactobacillus_reuteri--RS_GCF_000016825.1,s__Limosilactobacillus_reuteri
f2742228-07ef-506f-a393-5f5194dfea1b,337,56953,0.005971410847540954,0.0021860524212532284,0.0,0.00839,0.005855,0.006714,0.00733,0.007659,0.0014749999999999997,0.36608642028934446,1.2496276437295204,s__Burkholderia_cenocepacia--RS_GCF_900446215.1,s__Burkholderia_cenocepacia
6d255650-7579-5639-a940-004baad94014,83,3486,0.010339269363166951,0.002453676869678291,0.0,0.016003,0.0089545,0.010329000000000001,0.0119475,0.013403499999999999,0.002992999999999999,0.23731627289055576,1.5493271371865618,s__Porphyromonas_gingivalis--RS_GCF_000010505.1,s__Porphyromonas_gingivalis
e85d3df9-25c7-5b99-b1f4-eac83572dfa0,425,90525,0.004303105528859431,0.001420151615803605,0.0,0.011179,0.003777,0.004472,0.005145,0.005675,0.0013680000000000003,0.3300294650640433,2.4997763864042932,s__Staphylococcus_pseudintermedius--RS_GCF_001792775.2,s__Staphylococcus_pseudintermedius
7b5e6f2a-a567-5a12-b7d5-3efc4d3a3615,76,2926,0.005763883116883117,0.0028188880530690425,2e-05,0.013631,0.0038745000000000003,0.0060704999999999995,0.00704725,0.009909000000000001,0.0031727499999999994,0.4890605857034428,2.2454493040112022,s__Methanosarcina_mazei--RS_GCF_000970205.1,s__Methanosarcina_mazei
cf0e2427-bcdf-5422-a1ec-b8da7bcdfaef,84,3570,0.015445053221288516,0.004274295577476305,0.0,0.023245,0.013721,0.015807,0.018408,0.019190899999999997,0.004687,0.27674204266158675,1.470551021699247,s__Ruminococcus_D_bicirculans--RS_GCF_000723465.1,s__Ruminococcus_D_bicirculans
a29c5e21-a0da-5c86-aadf-8feed2fbca51,79,3160,0.009170821518987344,0.00788902659755689,0.0,0.020112,0.001104,0.012941000000000001,0.01755425,0.018722,0.01645025,0.8602311778964823,1.5541302835947763,s__Aeromonas_salmonicida--RS_GCF_001643305.1,s__Aeromonas_salmonicida
c71fab24-80ee-5039-a324-37f40bc1a80d,125,7875,0.007953708063492063,0.0031257046369985724,0.0,0.012222,0.007615500000000001,0.009129,0.0097835,0.0105696,0.002168,0.3929870963388411,1.3388103844889911,s__Pseudomonas_E_syringae_M--RS_GCF_009176725.1,s__Pseudomonas_E_syringae_M
f2da0fec-483b-5b3c-a67e-c1d52fa8bc8d,573,164451,0.007745896710874363,0.00293637332031598,0.0,0.021189,0.006499,0.007547,0.010246,0.011156,0.0037470000000000003,0.3790875904908006,2.8076056711276003,s__Citrobacter_freundii--RS_GCF_011064845.1,s__Citrobacter_freundii
0cc4df0b-df62-578b-8d45-fa1bbcaef228,77,3003,0.009682875790875789,0.006396976528622838,0.0,0.01945,0.004177,0.011875,0.014755,0.01631,0.010578,0.6606484134239059,1.637894736842105,s__Rickettsia_rickettsii--RS_GCF_001951015.1,s__Rickettsia_rickettsii
cd8bf419-879a-536a-a38f-366ef7790bd5,174,15225,0.021374995402298848,0.015433869564383538,0.0,0.043741,0.004983,0.028955,0.033062,0.040358,0.028079,0.7220525325925286,1.5106544638231738,s__Bacillus_pumilus--RS_GCF_900186955.1,s__Bacillus_pumilus
0f69cb33-57fa-507f-b441-b65232bdce47,402,81003,0.014585622112761258,0.006786918392625057,0.0,0.039334,0.009566,0.012141,0.020416,0.023081,0.01085,0.465315660871746,3.2397660818713447,s__Sarcina_perfringens--RS_GCF_000013285.1,s__Sarcina_perfringens
977a2261-21c6-588d-927c-0457d96b8768,68,2346,0.008457070758738278,0.004535862323200927,0.0,0.016875,0.0040125,0.010295,0.012563,0.013346,0.008550499999999999,0.5363396443755944,1.6391452161243323,s__Alistipes_putredinis--RS_GCF_000154465.1,s__Alistipes_putredinis
beb8fdc3-8154-541d-9729-221449428611,174,15225,0.013533098719211822,0.0040386400256448955,0.0,0.028565,0.011151,0.01291,0.015946,0.018453600000000004,0.004794999999999999,0.2984268503052868,2.2126258714175058,s__Blautia_A_wexlerae--GB_GCA_025148125.1,s__Blautia_A_wexlerae
773c5a6c-98b8-582e-a2ab-9ef61dd735ec,248,30876,0.010416195394481149,0.00398104929103188,0.0,0.018293,0.008165,0.0113125,0.012845,0.0151895,0.00468,0.3821980233916478,1.617060773480663,s__Mycobacterium_avium--RS_GCF_009741445.1,s__Mycobacterium_avium
e5120aaf-e515-5f3f-b799-44d2d82b174b,65,2145,0.008809738461538463,0.0041825634677204555,0.0,0.017616,0.005921,0.007279,0.01277,0.014877000000000001,0.006849,0.47476590661353707,2.420112652836928,s__Clostridium_butyricum--RS_GCF_006742065.1,s__Clostridium_butyricum
543589d6-9d94-559f-9faf-e437e6a83dcb,111,6216,0.006104890283140284,0.008111952370821712,0.0,0.023896,0.00065075,0.001961,0.00480175,0.0213415,0.004150999999999999,1.3287630071295924,12.185619581845996,s__Staphylococcus_warneri--RS_GCF_900636385.1,s__Staphylococcus_warneri
913e2ece-bc2f-5344-b306-c460fbde4531,96,4656,0.0012225356529209624,0.0016862108441631773,0.0,0.012515,0.00080375,0.001126,0.00136,0.0017575,0.0005562500000000001,1.3792733489075528,11.1145648312611,s__Yersinia_ruckeri--RS_GCF_000754815.1,s__Yersinia_ruckeri
00978df5-4ac8-5908-9cf2-bcc9794ea2e6,370,68635,0.011134239221971296,0.006272368193797542,0.0,0.029045,0.005005,0.011627,0.015389,0.0188376,0.010384000000000001,0.5633405272468208,2.4980648490582267,s__Enterococcus_B_lactis--RS_GCF_015751045.1,s__Enterococcus_B_lactis
119efa1d-b0ec-5f48-a0b0-11d0db8ed598,66,2211,0.007392349163274536,0.005233177605776003,0.0,0.016954,0.002843,0.007579,0.0097985,0.015949,0.0069555,0.7079180772161876,2.2369705765932184,s__Providencia_rettgeri_D--RS_GCF_013255915.1,s__Providencia_rettgeri_D
a128056d-d2a7-5550-9143-0d5ef3ce9cdb,61,1891,0.01909867530407192,0.003958737256225644,1.1e-05,0.028498,0.0161235,0.019853,0.022157999999999997,0.023375,0.006034499999999998,0.20727810663295715,1.4354505616279656,s__Faecalibacterium_duncaniae--RS_GCF_010509575.1,s__Faecalibacterium_duncaniae
5dca8347-497a-503d-89de-bb27b8254417,123,7626,0.0022755367164961978,0.001172914061627363,0.0,0.003808,0.00165,0.002817,0.003101,0.003318,0.001451,0.5154450170478376,1.351792687255946,s__Staphylococcus_lugdunensis--RS_GCF_002901705.1,s__Staphylococcus_lugdunensis
708a772c-c6a4-5681-be35-048e3f4e2710,92,4278,0.015274586489013557,0.008199295088736952,0.0,0.024534,0.00836,0.0163165,0.022648,0.02322,0.014288000000000002,0.5367932607952693,1.5036312934759293,s__Borreliella_garinii--RS_GCF_001922545.1,s__Borreliella_garinii
7e59168d-96e3-5061-b477-4daf6533036a,96,4656,0.02221605262027491,0.009611036245022603,0.0,0.036812,0.014189,0.022794,0.031503750000000004,0.033658,0.017314750000000004,0.43261673931449623,1.6149863999298062,s__Bifidobacterium_globosum--RS_GCF_000741295.1,s__Bifidobacterium_globosum
89b36e92-3ed9-5169-8860-d9a3d785e52f,140,9870,0.012924334954407297,0.011335640079645439,0.0,0.032394,0.0001,0.017242,0.019153,0.028664,0.019053,0.8770772437911708,1.8787843637629045,s__Ralstonia_solanacearum--RS_GCF_002251695.1,s__Ralstonia_solanacearum
d3b28678-e7b9-50bf-a5e0-41a96366f4cb,80,3240,0.010818070987654324,0.005087372779902183,0.0,0.01906,0.009128,0.011502,0.01516325,0.015749,0.006035249999999999,0.4702661672037406,1.6571031125021736,s__Corynebacterium_glutamicum--RS_GCF_000011325.1,s__Corynebacterium_glutamicum
bc2f0036-9cf6-5ee9-bb51-df739cfc0567,69,2415,0.00585876066252588,0.001774378090948115,0.0,0.008914,0.005605,0.005992,0.006468,0.007844,0.000863,0.302858948019073,1.4876502002670227,s__Pseudomonas_E_cerasi--RS_GCF_900074915.1,s__Pseudomonas_E_cerasi
c947fea2-92fe-56eb-9c20-4e8ab3db40a4,96,4656,0.01563772573024055,0.004397738610478327,0.0,0.028678,0.01451,0.016058,0.01764125,0.0192515,0.0031312500000000004,0.28122622728789076,1.7859011084817535,s__Burkholderia_orbicola--RS_GCF_014211915.1,s__Burkholderia_orbicola
f37ed23d-4aed-5b33-9703-920754084299,369,68265,0.05096176172269831,0.010812569696406527,0.0,0.081566,0.04232,0.05207,0.058706,0.0643956,0.016385999999999998,0.2121702494360712,1.566468215863261,s__Helicobacter_pylori_BU--RS_GCF_900120335.1,s__Helicobacter_pylori_BU
cb446883-0e95-53bf-92e4-5ab9cf3b940d,260,33930,0.008259842735042735,0.0019547648805075743,0.0,0.013313,0.00748325,0.008592,0.009514,0.010297,0.0020307499999999996,0.23665884971567328,1.5494646182495344,s__Streptococcus_mutans--RS_GCF_006739205.1,s__Streptococcus_mutans
83ed1db6-3d50-50ad-bb38-d100a01506cf,231,26796,0.01124503672189879,0.007454788973316476,4e-06,0.023587,0.004891,0.007983,0.020062,0.021046,0.015171,0.6629403849610276,2.954653638982838,s__Bacillus_A_thuringiensis_S--RS_GCF_000021305.1,s__Bacillus_A_thuringiensis_S
d307d09e-16ce-5adf-a951-8e5fbbe6d5ed,63,2016,0.002184026785714285,0.0025406304120429058,0.0,0.013373,5.6e-05,0.0008075000000000001,0.003883,0.004877,0.003827,1.1632780461582086,16.5609907120743,s__Chlamydophila_psittaci--RS_GCF_000204255.1,s__Chlamydophila_psittaci
710a0555-e353-5df9-a49e-d817d2f38e41,270,36585,0.008784977750444171,0.0029292437188232555,0.0,0.016201,0.007702,0.009227,0.010765,0.011891,0.0030630000000000006,0.3334378073609978,1.7558252953289257,s__Lacticaseibacillus_paracasei--RS_GCF_000829035.1,s__Lacticaseibacillus_paracasei
3acb42ba-a362-5720-baa1-591422612c5c,566,160461,0.025433992079072175,0.0072760665064819825,0.0,0.040416,0.02154,0.027684,0.030328,0.03241,0.008788,0.28607646349268706,1.459904638058084,s__Haemophilus_influenzae--RS_GCF_001457655.1,s__Haemophilus_influenzae
98bbe830-734f-5d41-9133-59ae9a03e04c,270,36585,0.013152802924695913,0.004878134161795676,0.0,0.020444,0.008832,0.015525,0.017001,0.017825,0.008169,0.37088171925973384,1.316843800322061,s__Burkholderia_gladioli--RS_GCF_000959725.1,s__Burkholderia_gladioli
4f743276-0b3e-5961-b358-d93ea6ffb5e5,166,13861,0.006672462520741649,0.004318617468633699,0.0,0.012983,0.001555,0.006737,0.010543,0.011632,0.008988,0.6472299327585704,1.9271188956508831,s__Chlamydia_trachomatis--RS_GCF_000012125.1,s__Chlamydia_trachomatis
a843ed04-69b7-5fd3-bd00-13dbdbb63fa6,403,81406,0.014126461464756898,0.006355787655617881,0.0,0.025725,0.009394,0.014278,0.020307,0.021038,0.010912999999999999,0.4499207159184544,1.8017229303824065,s__Burkholderia_multivorans--RS_GCF_000959525.1,s__Burkholderia_multivorans
67a77a5b-8467-596d-a856-298671c37778,174,15225,0.009362771954022988,0.007397395663179292,0.0,0.02541,0.00265,0.007565,0.017955,0.0212712,0.015305,0.7900860663385896,3.3588896232650365,s__Staphylococcus_capitis--RS_GCF_002902325.1,s__Staphylococcus_capitis
15012af8-4b64-5449-b0a7-d2de8a7624a3,81,3321,0.023469077386329414,0.006760073953468182,0.0,0.034912,0.018347,0.02261,0.029557,0.03179,0.011210000000000001,0.2880417428512073,1.5440955329500219,s__Acinetobacter_sp002018365--RS_GCF_002018365.1,s__Acinetobacter_sp002018365
65467411-30e8-598b-a129-ac16f669117e,240,28920,0.015936305082987552,0.008759454677600967,0.0,0.029451,0.007645,0.015292,0.02475325,0.026038,0.017108250000000002,0.5496540529304956,1.9259089720115095,s__Staphylococcus_hominis--RS_GCF_002901845.1,s__Staphylococcus_hominis
926c0c47-740f-5f26-a5a4-4a001edbe129,841,354061,0.018219771259754672,0.00825722374763809,0.0,0.033118,0.0125,0.021817,0.023671,0.025403,0.011171,0.45320128501708057,1.5179905578218822,s__Legionella_pneumophila--RS_GCF_000008485.1,s__Legionella_pneumophila
a139e6eb-61e1-5267-ad44-957d24fe7a88,117,6903,0.012529724612487324,0.0040706654345331154,0.0,0.029595,0.011057,0.012587,0.014054,0.016087,0.0029969999999999997,0.32488067858061503,2.3512354016048307,s__Bifidobacterium_infantis--RS_GCF_000269965.1,s__Bifidobacterium_infantis
b5cce45d-05de-5244-b140-49f44fa51cee,55,1540,0.014748944155844157,0.0049950735356458,0.0,0.030465,0.0129655,0.014506,0.016104,0.017501299999999997,0.0031385000000000007,0.33867329639773164,2.100165448779815,s__Gemmiger_formicilis--RS_GCF_900167555.1,s__Gemmiger_formicilis
db45a3f0-5f46-5e23-bc04-4c4c20f3bf17,2532,3206778,0.006003202440268704,0.0036038689080554556,0.0,0.0235,0.003279,0.005053,0.008443,0.011118,0.005164000000000001,0.6003244008366551,4.650702552938848,s__Enterococcus_B_faecium--RS_GCF_001544255.1,s__Enterococcus_B_faecium
f5abf808-b5c7-5639-9b0c-072b69d12832,448,100576,0.0066498380925867,0.0025536417308191562,0.0,0.032358,0.005212,0.006567,0.007829,0.008977,0.0026169999999999995,0.3840156249316775,4.927364093193239,s__Phocaeicola_vulgatus--RS_GCF_000012825.1,s__Phocaeicola_vulgatus
6e981089-c068-5bd0-8086-acc3d081fbd2,75,2850,0.01020176035087719,0.0038922201594340684,0.0,0.015983,0.008822,0.011479,0.012883499999999999,0.0139985,0.004061499999999999,0.3815243669294191,1.3923686732293754,s__Acinetobacter_radioresistens--RS_GCF_006757745.1,s__Acinetobacter_radioresistens
72e9c1ec-2b07-5efb-ae90-e909c4a88e3a,249,31125,0.001845449702811245,0.0014662292696319666,0.0,0.005119,0.000428,0.001993,0.003235,0.003839600000000002,0.002807,0.7945105560982794,2.568489713998997,s__Flavobacterium_psychrophilum--RS_GCF_002217405.1,s__Flavobacterium_psychrophilum
8ffbe334-0056-5438-8046-d309fc3c657e,1486,1104841,0.0062816973971820365,0.003230874573906323,0.0,0.014163,0.0042,0.0062,0.008773,0.010282,0.004573,0.5143314568695541,2.2843548387096777,s__Streptococcus_agalactiae--RS_GCF_000186445.1,s__Streptococcus_agalactiae
14f62b09-661a-54cb-9729-cbf6148c3272,843,355746,0.0024384927954214522,0.0032135336134104004,0.0,0.017276,0.000842,0.00208,0.002401,0.002851,0.001559,1.317836008965938,8.305769230769231,s__Brucella_melitensis--RS_GCF_000007125.1,s__Brucella_melitensis
35217e5d-bcad-53f2-8cab-e7adce43f7be,211,22366,2.7581105249038718e-05,1.7330405746521558e-05,0.0,0.000111,1.3e-05,2.7e-05,3.8e-05,5e-05,2.5000000000000005e-05,0.6283434108256257,4.111111111111112,s__Rhodophyticola_sp013179285--RS_GCF_013179285.1,s__Rhodophyticola_sp013179285
73e8a448-5f51-5732-9688-f4793f45d065,67,2278,0.002323565847234416,0.0036369698828404053,0.0,0.014644,0.00026,0.001722,0.002397,0.0029935000000000005,0.002137,1.5652536325446709,8.504065040650406,s__Campylobacter_fetus--RS_GCF_900475935.1,s__Campylobacter_fetus
05e2190a-40f9-5a61-8db8-cee112552d04,211,22366,0.019044379370473038,0.00789354688926368,0.0,0.035708,0.016073,0.0194855,0.025001000000000002,0.028603,0.008928000000000002,0.41448170799947753,1.8325421467244873,s__Bacteroides_ovatus--RS_GCF_001314995.1,s__Bacteroides_ovatus
f5845ff0-9cca-5d01-a09f-0ee5bf2f364f,286,41041,0.011590351794546917,0.004199332919544638,0.0,0.035162,0.009435,0.012207,0.014084,0.015651,0.004648999999999999,0.3623128093075104,2.8804784140247395,s__Bacteroides_thetaiotaomicron--RS_GCF_000011065.1,s__Bacteroides_thetaiotaomicron
c6a2acc3-8a43-5786-b233-5052fe9e5f03,93,4371,0.0003346916037520018,0.0008576395948555784,0.0,0.006472,0.000112,0.000142,0.000361,0.000463,0.000249,2.562477173735939,45.57746478873239,s__Streptococcus_iniae--RS_GCF_003674745.1,s__Streptococcus_iniae
1a97bda6-4a90-5939-ad05-ab89e0586367,395,78210,0.007264518284106891,0.008155319770844192,0.0,0.024133,0.001423,0.002631,0.018735,0.019800100000000008,0.017312,1.1226236141061372,9.172557962751807,s__Xanthomonas_oryzae--RS_GCF_004136375.1,s__Xanthomonas_oryzae
40bdacb9-19b4-5faf-8033-18b87c2ad7d9,238,28441,0.012250519953588132,0.006545091062843866,0.0,0.034582,0.008515,0.014444,0.015472,0.016248,0.006957,0.5342704707751472,2.394212129603988,s__Pseudomonas_E_amygdali--RS_GCF_002699855.1,s__Pseudomonas_E_amygdali
5306a857-d6fb-55af-a1a9-6465730f7ca3,239,28680,0.014052081799163181,0.012280285537150716,0.0,0.035377,0.0005447500000000001,0.0183435,0.023374,0.028455,0.02282925,0.873912187010043,1.9285850573772727,s__Clostridium_beijerinckii--RS_GCF_018223745.1,s__Clostridium_beijerinckii
eb95a33e-8ba3-56bf-8270-81555b41e4f8,92,4278,0.011303293361383825,0.003999051885262566,0.0,0.019939,0.008278500000000001,0.010399499999999999,0.014687,0.01668,0.006408499999999999,0.3537952840297667,1.917303716524833,s__Vibrio_fluvialis--RS_GCF_900460245.1,s__Vibrio_fluvialis
38ca9768-bfc5-5107-92f5-38d9aabfa4b0,209,21945,0.01633047208931419,0.00695760470977887,0.0,0.031203,0.011694,0.017304,0.02049,0.026092,0.008796000000000002,0.42605043330814446,1.803224687933426,s__Ligilactobacillus_salivarius--RS_GCF_001435955.1,s__Ligilactobacillus_salivarius
ef42f678-30d9-52f4-9c71-e5a4f21b8268,81,3321,0.020182406805179163,0.00870698509007896,0.0,0.03887,0.0133,0.018249,0.028375,0.031724,0.015075000000000002,0.43141460649998364,2.1299797249164336,s__Mediterraneibacter_faecis--GB_GCA_001312505.1,s__Mediterraneibacter_faecis
3f252639-e790-59ba-b6f1-964ca54b0ed1,75,2850,0.012610856842105262,0.002807660057307445,0.0,0.019468,0.011082,0.012757,0.01456775,0.0159161,0.003485750000000001,0.22263832604404798,1.5260641216586972,s__Acinetobacter_junii--RS_GCF_000368765.1,s__Acinetobacter_junii
7f4d0b25-a756-5f5f-aa8a-2ff1f2b2c211,229,26335,0.00443610487943801,0.0035958873230430037,0.0,0.014442,0.001642,0.002758,0.007327,0.010204,0.005685,0.8105956510880667,5.236403190717912,s__Oenococcus_oeni--RS_GCF_000372485.1,s__Oenococcus_oeni
a8719eec-e5b8-50d1-ae30-5d3921fe6dd7,128,8256,0.008899598594961242,0.005036618352121146,0.0,0.020615,0.006249,0.008614,0.009962750000000001,0.017311,0.003713750000000001,0.5659376991421579,2.3931971209658696,s__Parabacteroides_merdae--GB_GCA_025151215.1,s__Parabacteroides_merdae
2d335abd-9486-5480-8e70-2bea0bc500f2,94,4465,0.021359527211646134,0.009587063917605184,0.0,0.037337,0.016385,0.024304,0.028217,0.0325246,0.011831999999999999,0.44884251522093166,1.5362491770901912,s__Bacillus_A_tropicus--RS_GCF_001884035.1,s__Bacillus_A_tropicus
2e086dcc-cd03-5736-8a5f-da2d6c9decce,240,28920,0.008664130428769018,0.003846337167416618,0.0,0.022759,0.005985750000000001,0.0078295,0.011354499999999998,0.013731,0.005368749999999998,0.44393804999114006,2.906826745002874,s__Sinorhizobium_meliloti--RS_GCF_017876815.1,s__Sinorhizobium_meliloti
b05d90c0-74b0-50a3-b017-44364df85936,69,2415,0.01069433374741201,0.0033144932606003086,0.0,0.016723,0.009476,0.011742,0.012809000000000001,0.013675199999999998,0.003333000000000001,0.30992985059984723,1.424203713166411,s__Flavonifractor_plautii--RS_GCF_000239295.1,s__Flavonifractor_plautii
cbda1e7b-ed9d-5d35-82c6-1ee98d45005b,157,12403,0.009150143836168668,0.006609010040918688,0.0,0.0225,0.000874,0.011725,0.013561,0.016027,0.012687,0.7222848251624863,1.9189765458422174,s__Xanthomonas_phaseoli--GB_GCA_022749655.1,s__Xanthomonas_phaseoli
3a371d5c-258a-5d14-84ef-96ea67f2644e,68,2346,0.011093059249786872,0.0033465326503497365,3.9e-05,0.024212,0.00936125,0.010057,0.011866,0.016038999999999998,0.00250475,0.3016780650850695,2.4074773789400417,s__Rhodococcus_qingshengii--RS_GCF_023221595.1,s__Rhodococcus_qingshengii
f9c30b0c-afff-5c6a-92b1-1cee9e22e55c,800,320400,0.014207730365168536,0.008631623085502227,0.0,0.034717,0.00593,0.0135,0.022676,0.023688100000000035,0.016746,0.6075300462249331,2.5716296296296295,s__Klebsiella_quasipneumoniae--RS_GCF_020525925.1,s__Klebsiella_quasipneumoniae
e6227692-303b-50c8-997f-3f4590b60e76,2603,3389106,0.010984383172435445,0.007998083485105612,0.0,0.031919,0.00482,0.010178,0.014781,0.026362,0.009961000000000001,0.7281322364260064,3.136077814894872,s__Clostridioides_difficile--RS_GCF_001077535.1,s__Clostridioides_difficile
69dbc8f0-030a-5143-922c-1e84e801317c,89,4005,0.005724940823970037,0.0010768553087058318,0.0,0.008053,0.005283,0.005849,0.006374,0.0068246,0.001091,0.18809894142435382,1.376816549837579,s__Vibrio_cyclitrophicus--GB_GCA_024347435.1,s__Vibrio_cyclitrophicus
8da60315-9332-5252-b8e9-15d6a01c7cbc,168,14196,0.01730825732600733,0.004291577936181152,0.0,0.027292,0.016394,0.01786,0.019167,0.020345,0.002773000000000001,0.2479497418687346,1.528107502799552,s__Aeromonas_hydrophila--RS_GCF_000014805.1,s__Aeromonas_hydrophila
9af90ff5-94da-5d2e-b80c-2c4c01df54fd,108,5886,0.005690962793068297,0.0009134296671414935,0.0,0.006926,0.005547,0.005827,0.006117,0.0063575,0.0005700000000000002,0.16050529591479118,1.1886047708941136,s__Enterobacter_ludwigii--RS_GCF_001750725.1,s__Enterobacter_ludwigii
a5aa7ccf-6127-5346-a713-dec77e69e729,306,46971,0.0209681071725107,0.01079435530535174,0.0,0.045324,0.011253,0.023374,0.02825,0.033142,0.016996999999999998,0.5147987472852675,1.9390776075981861,s__Mammaliicoccus_sciuri--RS_GCF_002901825.1,s__Mammaliicoccus_sciuri
2528f59f-d6c7-5c1f-84c3-f3db4ea0ef68,204,20910,0.01485365418460067,0.005526953336765313,0.0,0.025119,0.01114125,0.0164185,0.018989,0.02073,0.007847749999999999,0.3720938476200226,1.5299205164905443,s__Bifidobacterium_breve--RS_GCF_001025175.1,s__Bifidobacterium_breve
948190dd-02a0-5710-a80d-b4f739763165,248,30876,0.013928514185775363,0.0065789673191015965,0.0,0.027438,0.008553,0.01166,0.02026625,0.0223915,0.01171325,0.4723380564037788,2.3531732418524873,s__Bacillus_A_cereus--RS_GCF_000007825.1,s__Bacillus_A_cereus
d662c7dd-3a4e-5843-8755-5a2d9c853c21,83,3486,0.01937378055077453,0.012153498368406217,0.0,0.040589,0.007999,0.018072,0.032031,0.034647,0.024031999999999998,0.6273168180342757,2.245960602036299,s__Alistipes_onderdonkii--GB_GCA_025145285.1,s__Alistipes_onderdonkii
fe24631f-7aa4-50b2-b7e0-e600567ddf8a,646,208981,0.013641947712949977,0.004478664162939524,0.0,0.022255,0.011713,0.014731,0.016946,0.018029,0.005233,0.32830093306163566,1.5107596225646596,s__Bacillus_velezensis--RS_GCF_001461825.1,s__Bacillus_velezensis
76dd8ce4-07c4-57e6-9c54-485da31e2996,85,3655,0.010328161422708619,0.004548858093196771,0.0,0.018632,0.0071265,0.008832,0.014245,0.0168328,0.007118500000000001,0.4404325133024312,2.1096014492753623,s__Bacteroides_stercoris--GB_GCA_025147325.1,s__Bacteroides_stercoris
c5ea83bd-be75-5ecd-b02d-4177025e9a0d,234,27495,0.027427497508637932,0.010044573854210686,0.0,0.048914,0.022607500000000003,0.028507,0.032453499999999996,0.040982199999999996,0.009845999999999994,0.36622276060903036,1.7158592626372469,s__Bacillus_A_wiedmannii--RS_GCF_001583695.1,s__Bacillus_A_wiedmannii
f0e3de20-05d8-5013-9990-3aecd4f560d0,448,100576,0.010342266385618836,0.003548982493728368,0.0,0.013646,0.010617,0.011554,0.01203,0.012485,0.001413000000000001,0.3431532665473896,1.181062835381686,s__Cronobacter_sakazakii--RS_GCF_000982825.1,s__Cronobacter_sakazakii
fd56631d-01a9-5070-a40c-994402ff0ed1,1314,863955,0.009834125939429717,0.009269164903362066,0.0,0.033697,0.003107,0.004556,0.020789,0.025247,0.017682,0.9425509659376587,7.396180860403862,s__Staphylococcus_epidermidis--RS_GCF_006742205.1,s__Staphylococcus_epidermidis
2622b9d0-fc3b-528b-b454-aa0d36e3d0d4,163,13366,0.007107257294628161,0.0034522062051556765,0.0,0.014579,0.006398,0.00841,0.009378,0.010155500000000001,0.002979999999999999,0.4857297354022822,1.7335315101070152,s__Vibrio_anguillarum--RS_GCF_001989995.2,s__Vibrio_anguillarum
10a76325-c433-5155-a61a-e059422111fc,304,46360,0.01706149066005177,0.0069440618370225065,0.0,0.03317,0.010884,0.016525,0.021194,0.029314199999999995,0.010310000000000001,0.40700205951415014,2.0072617246596063,s__Burkholderia_ubonensis--RS_GCF_902833085.1,s__Burkholderia_ubonensis
b67b4d77-88a0-593f-8162-bd4e85829996,145,10585,0.011576906282475201,0.0044336476979339005,0.0,0.021892,0.007654,0.011422,0.01502,0.0156426,0.007366,0.38297344642458003,1.9166520749430922,s__Citrobacter_portucalensis--RS_GCF_002042885.1,s__Citrobacter_portucalensis
f5b95c52-6aea-5ca3-bbe1-aa0f314fa244,79,3160,0.015198462658227847,0.005340808635038146,0.0,0.020502,0.015236,0.017273,0.01816,0.018899,0.0029239999999999995,0.35140453051985776,1.1869391535923117,s__Acinetobacter_seifertii--RS_GCF_000368065.1,s__Acinetobacter_seifertii
400a0dce-33da-571e-905b-61074202b6e1,290,42195,0.008599909657542362,0.005031948294876416,0.0,0.027705,0.0063685,0.007601,0.011429,0.014806,0.0050605,0.5851164134571177,3.6449151427443756,s__Lactococcus_lactis--RS_GCF_900099625.1,s__Lactococcus_lactis
528aa0e6-23e5-5a22-bfec-ab0cfcbd9390,271,36856,0.020222718119166486,0.01058770378449996,0.0,0.035259,0.009534,0.0207335,0.031015,0.0318045,0.021481,0.5235549307521253,1.7005811850387056,s__Vibrio_vulnificus--RS_GCF_002224265.1,s__Vibrio_vulnificus
66f9df38-6403-5fc2-9aaf-a97f97c77f68,309,47895,0.005249330765215577,0.0017713779356634738,0.0,0.01858,0.004387,0.004933,0.006062,0.00722,0.0016749999999999994,0.3374483367292112,3.7664707074802353,s__Bacteroides_fragilis--RS_GCF_000025985.1,s__Bacteroides_fragilis
af638b34-f833-5ab0-8597-1870eaf48bec,51,1326,0.009810217948717948,0.010365168362885048,0.0,0.028661,0.0,0.011144,0.016781,0.025878,0.016781,1.0565686121417541,2.5718772433596553,s__Sulfitobacter_mediterraneus--RS_GCF_003054325.1,s__Sulfitobacter_mediterraneus
31aa3a2a-843a-59bb-b7e1-4b1c42e7e7ec,88,3916,0.0017251902451481105,0.001175335656442262,0.0,0.00381,0.000926,0.001187,0.002935,0.003263,0.0020090000000000004,0.6812788675033098,3.2097725358045497,s__Coxiella_burnetii--RS_GCF_005280755.1,s__Coxiella_burnetii
d20b938f-7d01-5098-b9e0-1d51c6758770,123,7626,0.017505429845266193,0.006139577848391102,0.0,0.032915,0.01444825,0.018004,0.02140425,0.0251725,0.006956,0.3507241983007554,1.8282048433681406,s__Bacillus_A_mycoides--RS_GCF_000832605.1,s__Bacillus_A_mycoides
df68a69e-12e3-524f-81bb-42882451a2b9,97,4753,0.016317544077424785,0.006318840401762101,0.0,0.028822,0.010772,0.017278,0.021692,0.024138,0.01092,0.3872421224529845,1.6681328857506654,s__Eggerthella_lenta--RS_GCF_000024265.1,s__Eggerthella_lenta
1fd78032-aae9-5e39-b5c1-7cd3736b39cc,152,11628,0.028505892672858614,0.0076029725337711206,0.0,0.047456,0.022971500000000002,0.0304595,0.033861,0.0366223,0.0108895,0.26671581981399084,1.5580032502175019,s__Streptococcus_salivarius--RS_GCF_000785515.1,s__Streptococcus_salivarius
76fdc721-74f8-561c-b923-205fb80aa9e2,140,9870,0.010440198986828773,0.0022815402746487845,0.0,0.016354,0.009402,0.010711499999999999,0.011797,0.0129431,0.0023949999999999996,0.21853417521324525,1.526770293609672,s__Lactobacillus_iners--RS_GCF_000160875.1,s__Lactobacillus_iners
31feeb6b-1989-5a82-93c1-eb8dcbe0acba,154,11935,0.009098332886468372,0.0025640273961854716,0.0,0.016456,0.007377,0.009023,0.01083,0.0119546,0.0034529999999999995,0.2818128802474197,1.8237836639698546,s__Serratia_ureilytica--RS_GCF_013375155.1,s__Serratia_ureilytica
bc1d4fde-560a-5664-b224-8c5990fd5f4e,309,47895,0.055441712621359225,0.006579121733578498,0.0,0.075801,0.05185,0.055489,0.059562,0.06321260000000001,0.007711999999999997,0.11866736113494183,1.3660545333309304,s__Helicobacter_pylori_CI--RS_GCF_000448485.1,s__Helicobacter_pylori_CI
40b70408-7578-58bf-bba3-7af1c0dd9ddd,68,2346,0.008156744245524298,0.005226461983344604,0.0,0.016997,0.002614,0.0090785,0.013021,0.01434,0.010407,0.6407534459858081,1.8722255879275214,s__Mycobacterium_marinum--RS_GCF_003391395.1,s__Mycobacterium_marinum
ae699787-0ea1-5953-bee7-448990171da1,684,234270,0.0013211433431510647,0.002464172742479618,0.0,0.017514,0.000144,0.000288,0.00261,0.003514,0.002466,1.8651819692799638,60.81249999999999,s__Yersinia_pestis--RS_GCF_900460465.1,s__Yersinia_pestis
055dfcbd-40be-5f12-92f6-ef8791a7611a,82,3403,0.010106956215104318,0.002284629803182234,0.0,0.017713,0.009137,0.010339,0.0114205,0.012556600000000001,0.002283500000000001,0.22604528550029476,1.7132217816036368,s__Enterococcus_D_casseliflavus--RS_GCF_001544095.1,s__Enterococcus_D_casseliflavus
1b26f229-e143-5247-9532-91f11e70ea48,69,2415,0.02148565010351967,0.00868797491787992,0.0,0.036918,0.0145935,0.02373,0.028493,0.0327638,0.0138995,0.404361742652446,1.5557522123893803,s__Aliivibrio_fischeri--RS_GCF_023983475.1,s__Aliivibrio_fischeri
56bbee97-12d5-5f38-81cd-8cde29d9eff3,77,3003,0.004145796536796537,0.0017261617378829563,0.0,0.006119,0.004447,0.00484,0.0051305,0.005388800000000001,0.0006834999999999992,0.416364315653745,1.2642561983471077,s__Staphylococcus_simulans--RS_GCF_002902285.1,s__Staphylococcus_simulans
acbc3bb9-5d0b-5556-ae83-15d748235857,84,3570,0.004449730532212886,0.0030555971059801922,0.0,0.009477,0.000323,0.0052,0.007477,0.0080411,0.007154,0.6866926174202779,1.8225,s__Pseudomonas_E_tremae--RS_GCF_001401155.1,s__Pseudomonas_E_tremae
447a182a-00c2-5fce-a825-782d9aca9097,116,6786,0.004254436781609194,0.0017690311153319002,0.0,0.005901,0.0045975,0.004936,0.005172,0.005428,0.0005745000000000004,0.4158085326309123,1.1955024311183144,s__Citrobacter_B_koseri--GB_GCA_900446925.1,s__Citrobacter_B_koseri
f6a49ef2-3443-5cda-9518-2e32fb2f55db,141,10011,0.027070618419738287,0.007343695991720893,0.0,0.045038,0.022333,0.027332,0.03215,0.035937,0.009817,0.27127921046555425,1.647812088394556,s__Streptococcus_suis_W--RS_GCF_902702775.1,s__Streptococcus_suis_W
bb7d7628-46f8-5436-a445-a1970065ef71,63,2016,0.00988623511904762,0.003610376589896165,0.0,0.018246,0.00785675,0.0094085,0.012645749999999999,0.015188,0.004789,0.36519226443847386,1.9393101982250092,s__Bariatricus_comes--GB_GCA_025149785.1,s__Bariatricus_comes
cf9eb0c5-677f-563c-8e6c-03dac6e522fb,394,77815,0.012466553312343377,0.008361011027962014,0.0,0.033285,0.00846,0.009338,0.010976,0.028725,0.002515999999999999,0.6706754319723331,3.5644677661169415,s__Klebsiella_aerogenes--RS_GCF_000215745.1,s__Klebsiella_aerogenes
dfa74c81-0550-5bc6-89fb-e60fa312290e,327,53628,0.0122018330536287,0.008085330305993479,0.0,0.031692,0.005484,0.009514,0.020126,0.023261,0.014642000000000002,0.6626324315746137,3.331091023754467,s__Lactobacillus_crispatus--RS_GCF_018987235.1,s__Lactobacillus_crispatus
3ff52948-39ec-513d-81ce-23750761c603,1740,1514670,0.005250514292882276,0.0014423874453871085,0.0,0.008945,0.004473,0.005335,0.006347,0.006914,0.0018739999999999998,0.2747135546973834,1.676663542642924,s__Burkholderia_mallei--RS_GCF_000011705.1,s__Burkholderia_mallei
b6692a08-7df8-5a16-8274-52dc789a7688,98,4851,0.016236700680272106,0.0066042240091605565,0.0,0.027154,0.01446,0.015371,0.022616999999999998,0.024581,0.008156999999999998,0.40674667466062314,1.766573417474465,s__Vibrio_lentus--RS_GCF_014878155.1,s__Vibrio_lentus
d309b234-7371-547e-91a4-3281fcc41707,212,22578,0.009637085348569403,0.004831371226089218,0.0,0.017158,0.00612,0.007807,0.014408,0.015198,0.008288,0.5013311651127403,2.197771230946586,s__Pediococcus_acidilactici--RS_GCF_000146325.1,s__Pediococcus_acidilactici
98e7bd47-2925-5102-9663-393aef04f617,785,308505,0.05318373407562276,0.009834462655450247,0.0,0.085377,0.047562,0.052814,0.059387,0.065286,0.011825000000000002,0.18491485839385544,1.6165600030294998,s__Helicobacter_pylori--RS_GCF_900478295.1,s__Helicobacter_pylori
02e39904-5271-55eb-8b23-3cf99b1c3e18,124,7750,0.005663998451612902,0.0024834178978859465,0.0,0.014571,0.004289,0.005669,0.007526,0.00874,0.0032369999999999994,0.4384566696304019,2.5702945845828187,s__Leuconostoc_mesenteroides--RS_GCF_000014445.1,s__Leuconostoc_mesenteroides
8d0ab9ac-be59-5f38-a32e-76cc291bd49a,362,65703,0.005591084318828668,0.003330071254017013,0.0,0.01771,0.003632,0.005342,0.008907,0.009269,0.005275,0.5956038335538218,3.3152377386746537,s__Leptospira_interrogans--RS_GCF_900156205.1,s__Leptospira_interrogans
251a28f1-4f66-5a12-a2ba-a0e1360cce84,148,11026,0.01404576673317613,0.002493007874572233,0.0,0.02029,0.0126525,0.014232,0.0156,0.017053,0.0029474999999999987,0.17749176117838716,1.4256604834176503,s__Stutzerimonas_stutzeri--RS_GCF_000219605.1,s__Stutzerimonas_stutzeri
4fe126a9-2be0-5771-9e3d-7ea19c069951,139,9730,0.012299427543679341,0.003598699377486235,0.0,0.023394,0.00982625,0.012778,0.01442,0.016077300000000003,0.004593750000000001,0.2925908026780971,1.830802942557521,s__Acinetobacter_indicus--RS_GCF_000488255.1,s__Acinetobacter_indicus
a4c29288-c4ea-5db4-8fd0-8ce64d97e654,63,2016,0.017255194940476195,0.004135954855405167,0.0,0.024222,0.016541,0.017769,0.019625999999999998,0.0206725,0.0030849999999999975,0.23969331379173778,1.36316056052676,s__Aeromonas_dhakensis--RS_GCF_000820305.1,s__Aeromonas_dhakensis
18cd728d-218b-563f-a103-cbf50888bcad,512,131328,0.011652793737816764,0.007678047521782144,0.0,0.028509,0.005746,0.007572,0.020187,0.02258,0.014440999999999999,0.6589018646116259,3.765055467511886,s__Staphylococcus_haemolyticus--RS_GCF_006094395.1,s__Staphylococcus_haemolyticus
401432df-7663-5514-aecb-f1bbe3c1d79c,119,7140,0.02195381890756302,0.008314068509231434,0.0,0.034816,0.01631775,0.025098000000000002,0.028798999999999998,0.030598800000000002,0.01248125,0.37870716453652004,1.3872021675033865,s__Bacillus_safensis--RS_GCF_000691165.1,s__Bacillus_safensis
980e0204-4abf-58d0-a7fe-71fd5ed909e9,89,4005,0.005499374531835207,0.00442354842958023,0.0,0.011886,0.000523,0.008127,0.009442,0.010201599999999998,0.008919,0.8043730071434212,1.4625322997416021,s__Tenacibaculum_finnmarkense_A--RS_GCF_900239185.1,s__Tenacibaculum_finnmarkense_A
ff7215c8-666a-549f-a228-8d557861fb54,249,31125,0.014489799967871489,0.005227386267543052,0.0,0.033633,0.01278,0.015551,0.017103,0.018599,0.0043230000000000005,0.3607631767956656,2.1627548067648386,s__Agrobacterium_tumefaciens--RS_GCF_001541315.1,s__Agrobacterium_tumefaciens
5619b48f-f8bf-549b-aaf5-8a086522a1ea,111,6216,0.010863394144144145,0.006820995384576905,0.0,0.025724,0.00617175,0.007483,0.016328000000000002,0.021619,0.010156250000000002,0.6278880517516459,3.4376586930375517,s__Prevotella_copri_B--RS_GCF_009494135.1,s__Prevotella_copri_B
a135942b-214f-5048-862a-f13664e1fc67,72,2628,0.01704673287671233,0.010453169214853742,0.0,0.037915,0.0063425,0.0192375,0.021624249999999998,0.0343837,0.015281749999999997,0.6132066062426481,1.9708901884340477,s__Mycobacterium_chelonae--RS_GCF_001632805.1,s__Mycobacterium_chelonae
cc365ca5-fbd9-5d3a-b018-4de2a588a5af,269,36315,0.013501927110009635,0.005363576939233981,0.0,0.025315,0.008972,0.01428,0.017369,0.020354,0.008396999999999998,0.3972452891748838,1.7727591036414567,s__Bacillus_A_thuringiensis--RS_GCF_002119445.1,s__Bacillus_A_thuringiensis
012e17e8-9b6a-51c2-badd-401a0fb330e4,134,9045,0.004341384853510226,0.0017647609904201803,0.0,0.015281,0.003763,0.004302,0.004921,0.005560600000000001,0.0011580000000000002,0.4064972468389397,3.55206880520688,s__Phocaeicola_dorei--RS_GCF_013009555.1,s__Phocaeicola_dorei
9f9b0343-a360-54b4-9afb-13c5c060e44e,176,15576,0.0033988943888032873,0.002311156485770437,0.0,0.008918,0.001554,0.002284,0.00604225,0.0066,0.00448825,0.6799730210458729,3.9045534150612964,s__Staphylococcus_saprophyticus--RS_GCF_000010125.1,s__Staphylococcus_saprophyticus
d36663ba-4e14-5dcb-aeb7-c65c3a29c739,103,5356,0.015568401792382372,0.008522526902311558,0.0,0.040072,0.00849,0.016636,0.021765,0.024798,0.013275,0.5474246500036782,2.408752103871123,s__Mycobacterium_intracellulare--RS_GCF_000277125.1,s__Mycobacterium_intracellulare
dfaa70da-c763-5b0d-b173-a7a8b8c104e0,78,3081,0.029374876014281074,0.016194303538275962,0.0,0.113059,0.018192,0.02803,0.037597,0.048012,0.019405,0.5512977665132216,4.033499821619693,s__Pelagibacter_sp003209915--GB_GCA_003209915.1,s__Pelagibacter_sp003209915
18836de2-e730-584e-be51-9ec4cb1dee92,227,25878,0.01784409745729964,0.006552721801252278,0.0,0.034597,0.011916,0.017786,0.02284475,0.0258916,0.010928750000000001,0.3672206911519473,1.9451816035083775,s__Agathobacter_rectalis--GB_GCA_000020605.1,s__Agathobacter_rectalis
ba4e4120-9b87-558a-9953-cf64c0adae45,116,6786,0.017026958885941645,0.011008945762273886,0.0,0.033675,0.005954,0.0163635,0.02816975,0.0293265,0.02221575,0.6465597195611632,2.057933816115134,s__Streptomyces_albidoflavus--RS_GCF_000719955.1,s__Streptomyces_albidoflavus
0468b62c-307d-5875-8e29-a0c3748a88b3,1018,518671,0.0032473406706756323,0.0051331671884103595,0.0,0.040132,7.9e-05,0.000426,0.007828,0.009128,0.007749,1.5807294980672193,94.20657276995306,s__Bordetella_pertussis--RS_GCF_000306945.1,s__Bordetella_pertussis
27c20ba6-c5bf-53c2-a31a-b059a71dd31d,56,1596,0.007734557644110275,0.004389409427910398,0.0,0.025789,0.00584675,0.0071979999999999995,0.008716,0.012583,0.0028692499999999994,0.5675062013731131,3.5828007779938873,s__Rhizobium_rhizogenes--RS_GCF_000696095.1,s__Rhizobium_rhizogenes
555c53ff-72ed-53dd-8771-6ea2e6debfd1,109,5995,0.016852128440366973,0.004449053059094649,0.0,0.026808,0.0151965,0.017641,0.019674,0.0213608,0.004477500000000001,0.26400540886203727,1.519641743665325,s__Salinibacter_ruber--RS_GCF_000013045.1,s__Salinibacter_ruber
aec5d2ce-fd36-5aab-8748-4f76a0b191dd,80,3240,0.006628147839506173,0.0035577223459521937,0.0,0.016186,0.00519525,0.006548,0.007895,0.01170509999999999,0.002699749999999999,0.5367596547480239,2.471899816737935,s__Phascolarctobacterium_faecium--RS_GCF_003269275.1,s__Phascolarctobacterium_faecium
8375d1b4-4157-5255-be0f-0338d6ee2673,116,6786,0.009952830238726791,0.003464301493064183,0.0,0.018505,0.00800125,0.009862,0.01230275,0.014432,0.0043015,0.348071996604993,1.8763942405191647,s__Bacteroides_fragilis_A--RS_GCF_002849695.1,s__Bacteroides_fragilis_A
f9932136-f354-5ab4-be67-7f71ac5062f9,151,11476,0.005980066922272568,0.005458739330887659,0.0,0.013672,7e-05,0.002856,0.012151,0.012272,0.012081,0.912822448617884,4.787114845938375,s__Leptospira_borgpetersenii--RS_GCF_003046425.1,s__Leptospira_borgpetersenii
7b25f454-9e93-5a0b-8dbe-87a15333ea73,64,2080,0.017009225961538463,0.007417941285735133,0.0,0.028825,0.01014625,0.017174,0.0240765,0.0264081,0.01393025,0.4361128073969211,1.6784092232444394,s__Faecalibacillus_intestinalis--RS_GCF_003024685.1,s__Faecalibacillus_intestinalis
d73a1796-3a29-5da6-8f81-5b98f93b4f86,331,54946,0.008031154642740145,0.006164015711711116,0.0,0.02822,0.001384,0.010961499999999999,0.013223,0.014149,0.011839,0.767513014742301,2.5744651735620128,s__Xanthomonas_euvesicatoria--RS_GCF_020880415.1,s__Xanthomonas_euvesicatoria
538bf27e-e2b4-5a2f-91d2-550424e9583b,126,8001,0.025176217972753406,0.008022086790385775,0.0,0.043367,0.021157,0.026637,0.030499,0.033847,0.009342,0.3186374855455876,1.6280737320268799,s__Streptococcus_pseudopneumoniae--RS_GCF_002087075.1,s__Streptococcus_pseudopneumoniae
78b6cc03-d808-5dff-9999-cb2087a92ff9,94,4465,0.0005991231802911532,0.0011915350735909583,0.0,0.009105,1.9e-05,7.4e-05,0.000899,0.001135,0.0008799999999999999,1.9887981516787805,123.04054054054055,s__Treponema_pallidum--RS_GCF_000410535.2,s__Treponema_pallidum
8c4b9c92-1ac0-5f43-92a9-acdc08741a17,127,8128,0.018970091043307085,0.010341944118322373,0.0,0.037102,0.010711749999999999,0.021415999999999998,0.02354525,0.0331643,0.012833500000000001,0.5451710323747316,1.7324430332461713,s__Pseudomonas_E_alloputida--RS_GCF_021282585.1,s__Pseudomonas_E_alloputida
0b9c2048-70b5-542a-9fdf-688c1069e505,215,23220,0.011453955512489233,0.009432870780613245,0.0,0.029546,0.00598,0.006501,0.008057499999999999,0.028266100000000002,0.0020774999999999986,0.8235470069992654,4.544839255499154,s__Enterobacter_cloacae--RS_GCF_000025565.1,s__Enterobacter_cloacae
36289170-d46d-55b3-b9c9-6ec2024c3c5a,133,8911,0.008088253619122432,0.002256431681881089,0.0,0.016948,0.006923,0.00827,0.009486,0.010601,0.0025629999999999993,0.2789763758824751,2.049334945586457,s__Streptococcus_uberis--RS_GCF_900475595.1,s__Streptococcus_uberis
3811e8b8-c215-5f2e-acd3-a2672189634b,264,34980,0.018435252687249857,0.008194717952061016,0.0,0.034187,0.013188749999999999,0.0202,0.02243025,0.029783100000000003,0.0092415,0.4445134596787288,1.6924257425742577,s__Clostridium_F_botulinum--RS_GCF_001276985.1,s__Clostridium_F_botulinum
d91e0f96-a335-559a-b02d-d31ccc1533d6,1129,637885,0.012645213195168408,0.008467228407808015,0.0,0.051716,0.00781,0.009816,0.014962,0.026954,0.0071519999999999995,0.6695994980174195,5.268541157294213,s__Campylobacter_D_coli--RS_GCF_000254135.1,s__Campylobacter_D_coli
eae3cc36-ae9a-5fbd-bb8a-e35eb3c1c75b,87,3828,0.019195226750261234,0.01139596816078867,4e-06,0.036871,0.007753749999999999,0.026082,0.0301895,0.0309396,0.02243575,0.5936876031242287,1.4136569281496818,s__Pseudomonas_E_paracarnis--RS_GCF_904063055.1,s__Pseudomonas_E_paracarnis
2c4b9262-0c14-5e9f-bc7c-464b1aec16de,96,4656,0.010691367053264605,0.007040683134174922,0.0,0.023901,0.0015572499999999998,0.013594,0.016003,0.0183015,0.01444575,0.6585390903799391,1.7582021480064733,s__Rhizobium_leguminosarum--RS_GCF_002008365.1,s__Rhizobium_leguminosarum
fe22dc4d-4e14-5538-b7d8-866bdd54290a,230,26565,0.0017548761151891588,0.003618447575247512,0.0,0.011805,5.1e-05,0.000112,0.000725,0.01124,0.0006739999999999999,2.0619390416955317,105.40178571428571,s__Erwinia_amylovora--RS_GCF_017161565.1,s__Erwinia_amylovora
37d93d76-5abc-5316-80ac-22216355c0e7,88,3916,0.03916247829417774,0.009907320602493974,0.0,0.058111,0.033923499999999995,0.040721,0.046139,0.050076499999999996,0.012215500000000004,0.2529799194032848,1.4270523808354412,s__Streptococcus_gordonii--RS_GCF_001553855.1,s__Streptococcus_gordonii
75e75f0d-ef07-51fe-aa59-3927d0b8e575,123,7626,0.012180816024127983,0.001563881812434429,0.0,0.018764,0.011497,0.012171,0.012978,0.013788,0.0014809999999999997,0.12838891986683515,1.541697477610714,s__Vibrio_diabolicus--GB_GCA_001048675.1,s__Vibrio_diabolicus
0d2bc254-d029-52ad-8c47-959fdf7fbb11,400,80200,0.01867445301745636,0.01064326767598259,0.0,0.047363,0.012441,0.016489,0.019732,0.03895,0.007290999999999999,0.5699373184335605,2.8723997816726303,s__Bacteroides_uniformis--GB_GCA_025147485.1,s__Bacteroides_uniformis
4d2973fc-8e13-5fa0-a65a-9a1ffed3a563,95,4560,0.008955954166666667,0.003608955839713012,0.0,0.015715,0.007755,0.009843,0.011465,0.012574400000000001,0.0037099999999999998,0.40296720735187014,1.5965660875749264,s__Weissella_confusa--GB_GCA_001436895.1,s__Weissella_confusa
8ecb25a0-a088-5c65-8253-ba071b858784,98,4851,0.003922864770150485,0.0015150283693229796,0.0,0.008293,0.00313,0.004311,0.004925,0.005357,0.0017949999999999997,0.38620458723201456,1.923683600092786,s__Bacteroides_caccae--RS_GCF_002222615.2,s__Bacteroides_caccae
d5c1b1ac-bd88-5c61-9900-bb95c9688cc3,110,6105,0.006350414414414415,0.0018590428319181392,0.0,0.009886,0.006101,0.006694,0.007345,0.008042,0.0012440000000000003,0.2927435456335593,1.4768449357633702,s__Pediococcus_pentosaceus--RS_GCF_001437285.1,s__Pediococcus_pentosaceus
8ebb5127-fab4-599a-af83-1a50625c54eb,162,13203,0.006948588426872681,0.002337504299830888,0.0,0.012623,0.005842,0.006768,0.0089275,0.010018,0.0030854999999999997,0.3363998781091886,1.865100472813239,s__Escherichia_albertii--RS_GCF_000759775.1,s__Escherichia_albertii
9df5aea4-cb45-5252-9399-f52ab5a93fc8,196,19306,0.004368002693463172,0.0045868703280520316,0.0,0.034793,0.000461,0.004821000000000001,0.007465,0.007803,0.007004000000000001,1.0501070283029819,7.216967434142292,s__Mannheimia_haemolytica--RS_GCF_004342115.1,s__Mannheimia_haemolytica
9e340b83-849d-55ab-a19b-0b160e16c0e5,82,3403,0.007144498383779018,0.0020726385398744025,0.0,0.009515,0.0065235,0.007862,0.008403,0.0086798,0.001879500000000001,0.290102737594588,1.210251844314424,s__Rhodococcus_equi--RS_GCF_002094305.1,s__Rhodococcus_equi
e2c1e73c-e323-5d5a-af4f-ad7c5e792dca,165,13695,0.013923469441401971,0.008649264651689602,0.0,0.031738,0.008698,0.009962,0.0143965,0.028786,0.0056985000000000004,0.6212003903258969,3.1859064444890586,s__Listeria_monocytogenes_C--RS_GCF_013282665.1,s__Listeria_monocytogenes_C
cb4e34c1-8816-5d8d-926d-7fe39a136e8c,520,135460,0.005253345386091837,0.003347799715917651,0.0,0.017748,0.003843,0.004681,0.005827,0.006554,0.0019839999999999997,0.6372700574344315,3.791497543259987,s__Proteus_mirabilis--RS_GCF_000160755.1,s__Proteus_mirabilis
20040b81-cd1a-5f29-b160-c63779707212,294,43365,0.026800686383027784,0.006858104530989199,0.0,0.046494,0.022009,0.025909,0.032383,0.036001599999999995,0.010374000000000001,0.25589286904727443,1.794511559689683,s__Micrococcus_luteus--RS_GCF_000023205.1,s__Micrococcus_luteus
bec92a59-b571-543c-838a-55b40751683e,359,64620,0.021720498978644382,0.009465834702265238,0.0,0.042717,0.016833749999999998,0.0229645,0.029434,0.0321481,0.01260025,0.4358018990066507,1.8601319427812493,s__Acinetobacter_pittii--RS_GCF_000369045.1,s__Acinetobacter_pittii
2dbe3fa2-4c05-567a-8c6e-a56d3879311f,851,362526,0.0023470015419583693,0.00434836484707466,0.0,0.018407,0.000111,0.000332,0.003961,0.004664,0.00385,1.8527319941367941,55.44277108433735,s__Francisella_tularensis--RS_GCF_000008985.1,s__Francisella_tularensis
8f9286cf-c901-5acd-b891-99bfdbe2332e,286,41041,0.015002112326697695,0.0065010912154216316,0.0,0.035164,0.009375,0.014952,0.021101,0.022239,0.011726000000000002,0.4333450566059499,2.3517924023542003,s__Parabacteroides_distasonis--RS_GCF_000012845.1,s__Parabacteroides_distasonis
26eb6d8c-1670-5023-98f0-1133e7a332e6,158,12561,0.009069367486665075,0.006677554953163801,0.0,0.020125,0.00153,0.006746,0.014951,0.016233,0.013421,0.736275706435094,2.9832493329380374,s__Aggregatibacter_actinomycetemcomitans--RS_GCF_000372365.1,s__Aggregatibacter_actinomycetemcomitans
2811c809-a8b2-5fae-a04c-ae53e13a7505,135,9180,0.00910437331154684,0.004891251154430818,0.0,0.018973,0.007027,0.010616,0.01162225,0.015022,0.00459525,0.5372419371498499,1.7872079879427278,s__Enterobacter_cloacae_M--RS_GCF_002208095.1,s__Enterobacter_cloacae_M
89315e37-9a9a-5cf5-9a5a-2179bed8963b,608,185136,0.03646592473100856,0.0090221813958824,0.0,0.076985,0.030611,0.033616,0.039605,0.049817,0.008994000000000002,0.2474140300139008,2.290129700142789,s__Helicobacter_pylori_C--RS_GCF_000277405.1,s__Helicobacter_pylori_C
fbff76ff-6c65-56c2-8960-f46736397728,424,90100,0.008170330921198668,0.002764740456787354,0.0,0.012935,0.006782,0.00844,0.010111,0.011416,0.0033290000000000004,0.33838781849263694,1.5325829383886258,s__Serratia_marcescens_K--RS_GCF_002220655.1,s__Serratia_marcescens_K
0260c690-8053-5ac8-91c9-938e56b7538a,174,15225,0.04285248663382594,0.013115782576705723,0.0,0.067199,0.039578,0.045517,0.051461,0.056536,0.011882999999999998,0.30606817963167343,1.4763494957927805,s__Rhizobium_laguerreae--RS_GCF_002008165.1,s__Rhizobium_laguerreae
119ece46-23c9-50a8-9df2-100421444880,139,9730,0.015266757451181914,0.011468776681423397,0.0,0.034879,0.003072,0.01627,0.027135,0.031215,0.024063,0.7512254464051574,2.143761524277812,s__Xylella_fastidiosa--RS_GCF_011801475.1,s__Xylella_fastidiosa
6c451567-4e9c-5ecc-ae9a-0be5d8d20339,107,5778,0.020003862236067843,0.014142011917938985,0.0,0.042114,0.007131,0.018415,0.03401025,0.0379426,0.02687925,0.7069640727899194,2.2869399945696443,s__Burkholderia_contaminans--RS_GCF_000987075.1,s__Burkholderia_contaminans
3c3ebda5-3377-5759-bb65-af4413812158,80,3240,0.00834640987654321,0.005534131381535526,0.0,0.017547,0.004061,0.005629,0.014210500000000001,0.016319300000000002,0.0101495,0.6630553092160828,3.117249955587138,s__Clostridium_AQ_innocuum--RS_GCF_012317185.1,s__Clostridium_AQ_innocuum
1464ec9e-fef5-5008-9283-27a9f33726d3,185,17205,0.00912564655623365,0.0029781984106071295,0.0,0.029147,0.007536,0.008821,0.010443,0.012337,0.002906999999999999,0.32635478398763407,3.3042738918489962,s__Enterobacter_bugandensis--RS_GCF_900324475.1,s__Enterobacter_bugandensis
1fda942e-cd63-587f-84b5-7ae5c850d15f,72,2628,0.01370513470319635,0.006080483687858063,0.0,0.02325,0.008028,0.0134575,0.019527,0.0208756,0.011498999999999999,0.44366464245258064,1.7276611554895038,s__Latilactobacillus_sakei--RS_GCF_002370355.1,s__Latilactobacillus_sakei
df3078e1-f3c4-51b7-9e2f-6a9ed52cc044,92,4278,0.0028097650771388505,0.0009283674890580205,0.0,0.005695,0.00217725,0.0028060000000000003,0.00350475,0.0039583,0.0013275000000000001,0.33040751221926556,2.0295794725588023,s__Mesomycoplasma_hyorhinis--RS_GCF_000383515.1,s__Mesomycoplasma_hyorhinis
ebc7a93a-12ec-5742-9ac0-7efc928c803d,558,155961,0.013428550528657804,0.00618849062922702,0.0,0.04159,0.011154,0.013626,0.015025,0.016372,0.0038709999999999994,0.46084576410687006,3.052253045648026,s__Bacillus_subtilis--RS_GCF_000009045.1,s__Bacillus_subtilis
e74f084b-ce4d-5ca6-8340-e906e3f3a380,2452,3007378,0.019513926240066926,0.011033278482632964,0.0,0.039244,0.006536,0.021256,0.028806,0.035246,0.022269999999999998,0.565405359582579,1.8462551750094092,s__Enterobacter_hormaechei_A--RS_GCF_001729745.1,s__Enterobacter_hormaechei_A
f5d7d47d-7272-5421-a559-c739f8d0c325,83,3486,0.02139857917383821,0.007875282824583977,0.0,0.038587,0.01686225,0.0215465,0.027499749999999996,0.031463500000000005,0.010637499999999998,0.3680283050854262,1.7908709071078832,s__Enterococcus_E_cecorum--RS_GCF_000407565.1,s__Enterococcus_E_cecorum
214345f9-13dc-5721-a690-7eb71657ff30,2312,2673828,0.02339675547380012,0.00968890828451104,0.0,0.055624,0.017006,0.025018,0.029206,0.037177,0.012199999999999999,0.4141133284638872,2.2233591813894,s__Campylobacter_D_jejuni--RS_GCF_001457695.1,s__Campylobacter_D_jejuni
2f0fc494-6adf-51ba-916f-03cbaa801b69,1922,1848003,0.004183945989806295,0.005238821909716149,0.0,0.031678,0.003008,0.003505,0.003846,0.004057,0.0008380000000000002,1.2521246503850525,9.037945791726106,s__Listeria_monocytogenes_B--RS_GCF_000307025.1,s__Listeria_monocytogenes_B
880467e4-acfb-57a8-854d-b0e278432a4d,100,5050,0.005872175247524753,0.004180042637860141,0.0,0.011592,0.000853,0.007478,0.010233,0.010805,0.009380000000000001,0.7118388777007495,1.5501470981545866,s__Xanthomonas_vasicola--RS_GCF_000772705.2,s__Xanthomonas_vasicola
897d24db-846c-50f9-9d06-79bbf50a337b,111,6216,0.01126251142213642,0.010668545254546222,0.0,0.038688,0.006573,0.007433,0.009451,0.03521,0.0028779999999999995,0.9472616590272432,5.204897080586573,s__Burkholderia_stagnalis--RS_GCF_902830275.1,s__Burkholderia_stagnalis
9772657f-28ef-5a49-b632-6ab31a0226e3,91,4186,0.010140958910654562,0.005219528299156426,0.0,0.019947,0.00571125,0.0116095,0.01451025,0.016233499999999998,0.008799000000000001,0.5146977071046553,1.7181618502088807,s__Serratia_nematodiphila--RS_GCF_000738675.1,s__Serratia_nematodiphila
d1794fd6-f5e0-5741-99f9-8a6aedef2bd6,84,3570,0.008883139775910364,0.0027504315031316147,0.0,0.016031,0.00792125,0.008994,0.01029775,0.0117957,0.0023765,0.309623801101311,1.7824104958861462,s__Limosilactobacillus_reuteri_E--RS_GCF_013694365.1,s__Limosilactobacillus_reuteri_E
e988fcde-a398-5364-9abf-3ccf9bc514f6,895,400960,0.009476195041899449,0.01068834332156703,0.0,0.030177,4.3e-05,0.000618,0.021726,0.022102,0.021682999999999997,1.1279150834599763,48.83009708737864,s__Wolbachia_pipientis--RS_GCF_021378375.1,s__Wolbachia_pipientis
94a1a5cb-96da-536d-a155-b1e5f1f4454f,109,5995,0.010637875396163472,0.007280518250599848,0.0,0.031952,0.005995,0.008582,0.012074,0.024992,0.006078999999999999,0.6843958948067348,3.7231414588673974,s__Bacillus_paralicheniformis--RS_GCF_001042485.2,s__Bacillus_paralicheniformis
dd32b65b-4018-5cd6-acb1-05375f74e878,102,5253,0.005700360746240244,0.0023032591574257116,0.001433,0.016701,0.004157,0.00529,0.006651,0.0081226,0.0024939999999999997,0.4040549817737166,3.157088846880907,s__Ruminococcus_E_sp900317315--GB_GCA_900317315.1,s__Ruminococcus_E_sp900317315
253a0a08-5461-56be-bbea-282c891fce1a,348,60726,0.008995006290550998,0.0058772220252925386,0.0,0.028642,0.007481,0.008266,0.009005,0.019848,0.001524000000000001,0.6533872056839355,3.4650375030244374,s__Pasteurella_multocida--RS_GCF_900187275.1,s__Pasteurella_multocida
3ac0c31d-33a2-5fde-9fd6-19646bdde906,228,26106,0.004384457481038841,0.0023478916548918234,0.0,0.010122,0.00172175,0.005423,0.005787,0.0062375,0.004065249999999999,0.5355033467756473,1.866494560206528,s__Enterococcus_B_hirae--RS_GCF_000271405.2,s__Enterococcus_B_hirae
455e7227-6fe7-520a-acf9-22644bc4a212,72,2628,0.0005387572298325723,0.0014718761239884287,0.0,0.007192,5.5e-05,9.6e-05,0.000164,0.000472,0.00010899999999999999,2.7319839855250545,74.91666666666666,s__Akkermansia_sp004167605--RS_GCF_004167605.1,s__Akkermansia_sp004167605
a49f3b59-4fd2-54d0-9a47-7a02ffd81001,217,23653,0.0032614304316577166,0.0025728882522070354,0.0,0.006508,0.000208,0.004761,0.005664,0.005885,0.005456,0.7888833768253307,1.366939718546524,s__Staphylococcus_argenteus--RS_GCF_000236925.1,s__Staphylococcus_argenteus
46a59318-309d-52a4-90ac-93f4be0cc07f,69,2415,0.013073402898550725,0.006642724564265341,0.0,0.034979,0.0121635,0.013091,0.0139665,0.015401,0.001802999999999999,0.5081098330566812,2.6719883889695213,s__Actinobacillus_lignieresii--RS_GCF_900444945.1,s__Actinobacillus_lignieresii
664534b4-3b38-56f1-a2bb-1696e88975a7,125,7875,0.010774224888888888,0.004969756317804664,0.0,0.035446,0.0081185,0.009312,0.012495,0.015123600000000001,0.0043764999999999984,0.46126346619419595,3.8064862542955322,s__Achromobacter_xylosoxidans--RS_GCF_001457475.1,s__Achromobacter_xylosoxidans
6c6b6466-b20a-5365-9ef7-5730992401c9,71,2556,0.04670273943661973,0.008235806888501142,0.0,0.064182,0.043785500000000005,0.0480215,0.0520835,0.0544445,0.008297999999999993,0.1763452634224584,1.3365263475734828,s__Helicobacter_pylori_CJ--RS_GCF_003637685.1,s__Helicobacter_pylori_CJ
b4e36480-7646-5e81-9740-dc22a2ddfa25,731,267546,0.007548989938178855,0.004986697138125767,0.0,0.032195,0.005786,0.006904,0.008369,0.009124,0.0025829999999999994,0.6605780612987247,4.663238702201622,s__Lactiplantibacillus_plantarum--RS_GCF_014131735.1,s__Lactiplantibacillus_plantarum
b8d1d794-9cd1-58a8-8fb5-dd650899fde6,100,5050,0.012148289108910892,0.0030653377690435055,0.0,0.018743,0.01054525,0.0120065,0.014520499999999999,0.015709200000000003,0.003975249999999998,0.25232670556013104,1.5610710864948152,s__Ruminococcus_E_bromii_B--RS_GCF_002834235.1,s__Ruminococcus_E_bromii_B
fe3d89e8-7ccf-5a9b-ad56-ae60c8552a1a,65,2145,0.004129459673659674,0.0034063013224095925,0.0,0.017569,0.002277,0.003639,0.004268,0.009001,0.001991,0.8248782144882425,4.827974718329211,s__Dickeya_dianthicola--RS_GCF_000365305.1,s__Dickeya_dianthicola
8b9c84ea-0120-57f9-a66f-1a544a157508,142,10153,0.005837319905446665,0.005790856684120848,0.0,0.018112,0.001335,0.003325,0.008637,0.01548,0.007302,0.9920403160905292,5.447218045112782,s__Enterococcus_B_durans--RS_GCF_001544215.1,s__Enterococcus_B_durans
d920b8fd-3b88-5361-893e-c10e53e3dacd,70,2485,0.0075443034205231385,0.005802425102050328,0.0,0.020713,0.00046,0.010642,0.011226,0.014688999999999997,0.010766,0.7691134328274373,1.9463446720541249,s__Xanthomonas_hortorum--RS_GCF_002939985.1,s__Xanthomonas_hortorum
1dd4eda5-afdf-56f4-a81f-481729a5675c,134,9045,0.012270015920398012,0.004329255788721449,0.0,0.020239,0.01066,0.011968,0.016014,0.0175692,0.005354000000000001,0.35283212481610354,1.6910929144385027,s__Elizabethkingia_anophelis--RS_GCF_002023665.2,s__Elizabethkingia_anophelis
ff65186a-aebb-5e51-844e-b986bcb8a8a9,78,3081,0.0071465533917559245,0.00857780134941855,0.0,0.024033,0.002683,0.003196,0.003868,0.022897,0.0011849999999999999,1.2002710788271276,7.519712140175218,s__Salmonella_diarizonae--RS_GCF_008692785.1,s__Salmonella_diarizonae
06967dc6-99b8-530a-a840-e4eae1faba56,75,2850,0.024212912982456144,0.007049313660843188,0.0,0.037871,0.022160500000000003,0.025314,0.028888999999999998,0.030852,0.006728499999999995,0.2911386030235553,1.496049616812831,s__Faecalibacterium_prausnitzii--RS_GCF_003324185.1,s__Faecalibacterium_prausnitzii
acb19db0-ba97-5a4e-8803-5e1db9a3a69c,2081,2166321,0.00895219951429174,0.0020872668045730037,0.0,0.015512,0.007947,0.009227,0.010282,0.011148,0.0023350000000000003,0.23315686845906264,1.6811531375311584,s__Streptococcus_pyogenes--RS_GCF_002055535.1,s__Streptococcus_pyogenes
b0aa94a9-fe68-5852-a14e-3e599b76984f,169,14365,0.013584635642185868,0.004073205005134247,0.0,0.033537,0.010807,0.012967,0.015777,0.018916,0.004969999999999999,0.29983910591501434,2.5863345415284953,s__Bifidobacterium_pseudocatenulatum--RS_GCF_001025215.1,s__Bifidobacterium_pseudocatenulatum
edc4559b-ba94-5050-aa85-1519d830ad37,136,9316,0.022006713503649633,0.010887773249060463,0.0,0.038217,0.01279475,0.021734,0.031731,0.035029,0.01893625,0.49474780717506117,1.7583969816876783,s__Bacillus_A_paranthracis--RS_GCF_001883995.1,s__Bacillus_A_paranthracis
7077057a-622e-504b-9d4b-248be8e93e49,113,6441,0.013766633286756712,0.006960177931368419,0.0,0.029401,0.006893,0.014547,0.016079,0.024562,0.009186,0.5055831579434895,2.021104007699182,s__Levilactobacillus_brevis--RS_GCF_001433855.1,s__Levilactobacillus_brevis
68d468aa-d9be-5847-9139-2fd6ca9546fc,67,2278,0.0005165873573309922,0.00035804862122132815,0.0,0.002001,0.00027425,0.000427,0.0006907500000000001,0.0010451000000000015,0.00041650000000000004,0.6931037241624097,4.686182669789227,s__Lactobacillus_jensenii--RS_GCF_001436455.1,s__Lactobacillus_jensenii
0f8ea2b3-31b6-5b2c-8879-18093deabc38,24,300,0.01743593333333333,0.0073483280242102374,3e-06,0.032027,0.013400249999999999,0.017062,0.020538,0.028903300000000007,0.007137750000000002,0.42144735723220467,1.8770952994959558,s__Rhizobium_ruizarguesonis--RS_GCF_012349115.1,s__Rhizobium_ruizarguesonis
ac648302-d8b8-558a-afdd-82fffa66e019,240,28920,0.01278266673582296,0.00688723677694186,0.0,0.022985,0.009618,0.014692,0.017894,0.019641,0.008276,0.5387949885011575,1.564456847263817,s__Lacticaseibacillus_rhamnosus--RS_GCF_900636965.1,s__Lacticaseibacillus_rhamnosus
2c7f44ce-8836-51c4-b5fd-79e044bbd02e,80,3240,0.00013245925925925927,0.0001011667266593348,0.0,0.000431,3.1e-05,0.0001365,0.00020775,0.000266,0.00017675000000000001,0.7637573033782684,3.1575091575091574,s__Bordetella_holmesii--GB_GCA_000612485.1,s__Bordetella_holmesii
749f69e4-a247-5073-b631-99e79c82b3bf,208,21736,0.008027846659919029,0.003935699549052859,0.0,0.021357,0.00508975,0.0076555,0.010525,0.012406,0.00543525,0.4902559448105546,2.7897589967996868,s__Streptococcus_thermophilus--RS_GCF_010120595.1,s__Streptococcus_thermophilus
80aeb168-e6b2-54fc-b541-a177c68c9d4e,122,7503,0.0031004792749566848,0.0032757488426224494,0.0,0.008058,0.000355,0.000688,0.007182,0.007244,0.006827,1.0565298304302366,11.71220930232558,s__Corynebacterium_pseudotuberculosis--RS_GCF_002155265.1,s__Corynebacterium_pseudotuberculosis
19b9e9cc-2ff5-594c-8a80-1f76e8f5c9bc,165,13695,0.006468308433734939,0.002028000927592861,0.0,0.019586,0.005565,0.006469,0.007289,0.0079236,0.0017240000000000007,0.3135287917032506,3.0276704281960116,s__Citrobacter_braakii--RS_GCF_002075345.1,s__Citrobacter_braakii
7214e90c-8ce3-510e-84e3-0c5fa4ebaf35,241,29161,0.005121332361715991,0.0014553743222714092,0.0,0.009034,0.004612,0.005367,0.006056,0.006623,0.001444,0.28417884633907275,1.6832494876094652,s__Klebsiella_oxytoca--RS_GCF_001598695.1,s__Klebsiella_oxytoca
851edd28-0da8-56e7-963d-57e6d6de141f,1803,1626306,0.009665561826618117,0.002021094919489679,0.0,0.016083,0.009174,0.009707,0.010421,0.01154,0.0012469999999999998,0.2091026839147373,1.656845575357989,s__Vibrio_parahaemolyticus--RS_GCF_900460535.1,s__Vibrio_parahaemolyticus
d40c3d50-81c2-5262-a4bc-b8db80193fff,147,10878,0.013703011123368266,0.0030677220354033722,0.0,0.020968,0.01165,0.013313,0.016398,0.017558500000000005,0.004747999999999999,0.22387211159537548,1.5750018778637422,s__Bacillus_altitudinis--RS_GCF_000691145.1,s__Bacillus_altitudinis
fbedf6cc-a4ca-504a-a68d-8bdfd28740e0,206,21321,0.017480429857886587,0.006466316741672045,0.0,0.026758,0.014849,0.019664,0.022219,0.023598,0.00737,0.3699174902586654,1.3607607811228641,s__Bacteroides_xylanisolvens--RS_GCF_000210075.1,s__Bacteroides_xylanisolvens
3de655ff-0bbe-59de-aaca-674ecf48d3f1,202,20503,0.008814485782568405,0.008702813404297193,0.0,0.024605,0.003399,0.00399,0.022302000000000002,0.023496799999999998,0.018903000000000003,0.9873308119128111,6.166666666666667,s__Klebsiella_grimontii--RS_GCF_900200035.1,s__Klebsiella_grimontii
5d552e6d-b04e-5a17-8a6c-b83cf4683a51,81,3321,0.02281456037338151,0.008750786974422955,0.0,0.041847,0.015667,0.025323,0.030044,0.032649,0.014377000000000001,0.3835614989378793,1.6525293211704777,s__Curtobacterium_flaccumfaciens--RS_GCF_013359815.1,s__Curtobacterium_flaccumfaciens
92ff6e79-3b91-5be7-9d07-779d128e7034,117,6903,0.0085567222946545,0.003890994788597277,0.0,0.017429,0.0053585,0.007345,0.0123505,0.013822,0.006992,0.45472958623748183,2.3729067392784207,s__Limosilactobacillus_fermentum--RS_GCF_013394085.1,s__Limosilactobacillus_fermentum
9e758ec9-e6e0-5dcc-bf0b-d7132f5a6c84,123,7626,0.023934868476265404,0.007613841334238687,0.0,0.037092,0.01904425,0.025475,0.029787,0.0321035,0.010742750000000002,0.31810667110156965,1.4560157016683022,s__Xanthomonas_arboricola--RS_GCF_001013475.1,s__Xanthomonas_arboricola
9f2a86d0-7f19-579e-bb4c-9948e000ad53,70,2485,0.01701414164989939,0.0047947411139176695,0.0,0.025551,0.015201,0.018047,0.019875,0.021364599999999997,0.004674000000000001,0.2818091686656448,1.4158031805840305,s__Prevotella_sp015074785--RS_GCF_015074785.1,s__Prevotella_sp015074785
e9eaa55e-0b62-5b89-9758-339aa6135cd1,101,5151,0.022460378761405553,0.0057293130323391615,0.0,0.031446,0.0205405,0.023621,0.026034,0.028096,0.005493500000000002,0.25508532572852416,1.3312730197705434,s__Haemophilus_influenzae_E--RS_GCF_019703545.1,s__Haemophilus_influenzae_E
322cd7f4-6361-5170-9e7d-a8d938867fbd,67,2278,0.012165075065847237,0.005057451309589068,0.0,0.02188,0.01054825,0.012477,0.015489,0.0177705,0.004940749999999999,0.4157353145964202,1.7536266730784644,s__Dorea_formicigenerans--GB_GCA_025150245.1,s__Dorea_formicigenerans
5be51d9f-259a-5383-bcd2-c07976951f6c,101,5151,0.01348345952242283,0.005094528693261826,0.0,0.035254,0.0109235,0.01325,0.0156875,0.018089,0.004764000000000001,0.37783542753176114,2.660679245283019,s__Fusicatenibacter_saccharivorans--RS_GCF_015557635.1,s__Fusicatenibacter_saccharivorans
7d178397-2f1e-5276-985f-339aec1ee6b6,621,193131,0.011544282994444183,0.0048737375847808986,0.0,0.022762,0.008121,0.011402,0.015689,0.017603,0.007568000000000002,0.42217759103154695,1.9963164357130327,s__Bacillus_A_bombysepticus--RS_GCF_006384875.1,s__Bacillus_A_bombysepticus
94685631-8a0d-58e2-9a35-92536cfa5994,56,1596,0.005716525689223057,0.0023385308725721106,0.0,0.00992,0.0037185,0.006315,0.007586,0.0083015,0.0038675,0.4090825441370394,1.5708630245447346,s__Serratia_marcescens--RS_GCF_017299535.1,s__Serratia_marcescens
705b76a7-5af2-56fb-b8a0-cdfd25d209ef,225,25425,0.002672957364798427,0.0009031092971524473,0.0,0.00548,0.002211,0.002688,0.003247,0.003766600000000002,0.001036,0.33786894959342256,2.0386904761904763,s__Bacillus_licheniformis--RS_GCF_000011645.1,s__Bacillus_licheniformis
de8d8c7e-abf0-5bc7-b974-0fb50fbde826,77,3003,0.012045203463203463,0.002327322692484083,0.0,0.016857,0.011005000000000001,0.012085,0.013562,0.014757800000000001,0.0025569999999999985,0.1932157227226383,1.3948696731485313,s__Fimenecus_sp000432435--GB_GCA_000432435.1,s__Fimenecus_sp000432435
0a675dea-15cb-540c-b971-7abbeb6fa9a8,93,4371,0.006617801418439715,0.008607229309944401,0.0,0.030965,0.001096,0.004445,0.005189,0.027976,0.004093,1.3006176471178754,6.966254218222722,s__Pseudomonas_E_fulva--RS_GCF_000730565.1,s__Pseudomonas_E_fulva
178d86d6-c54d-50e6-8280-1eda6bb408e2,110,6105,0.0014752422604422605,0.0007538806552641615,0.0,0.002677,0.001441,0.001784,0.001998,0.002082,0.0005570000000000002,0.5110215965736752,1.500560538116592,s__Thomasclavelia_ramosa--RS_GCF_014131695.1,s__Thomasclavelia_ramosa
5c98418f-6d76-5bc7-b8d6-17069c07182f,87,3828,0.020317965517241382,0.006461740614685683,0.0,0.031737,0.01586825,0.022135500000000002,0.025841999999999997,0.0269133,0.009973749999999997,0.31803088794507456,1.4337602493731787,s__Burkholderia_ambifaria--RS_GCF_000203915.1,s__Burkholderia_ambifaria
1c736b6d-866e-5f56-8af8-b314651a0db0,83,3486,0.0070072099827882955,0.0011115398512109291,0.0,0.009711,0.006694,0.007181,0.007574750000000001,0.007983,0.0008807500000000005,0.1586280208444142,1.3523186185767997,s__Leclercia_adecarboxylata--GB_GCA_901472455.1,s__Leclercia_adecarboxylata
300f9914-1995-54f0-92af-c818711feb23,185,17205,0.009809900261551876,0.003754708427779173,0.0,0.020909,0.009313,0.010761,0.011728,0.012207,0.0024150000000000005,0.382746850393074,1.943035033918781,s__Agrobacterium_fabacearum--RS_GCF_009649785.1,s__Agrobacterium_fabacearum
d5c067d2-5358-5c02-aecd-4152e8c684f9,86,3741,0.013690636193531143,0.007996145484117392,0.0,0.027049,0.010575,0.016638,0.019682,0.02076,0.009107000000000002,0.5840594528321181,1.6257362663781705,s__Vibrio_campbellii--RS_GCF_002163755.1,s__Vibrio_campbellii
c1086ffa-f0c9-5740-aa70-ca5f4db62f65,454,103285,0.009272521266398801,0.008688363665983797,0.0,0.038394,0.000658,0.00892,0.017751,0.020693,0.017093,0.9370012121156477,4.304260089686098,s__Bacillus_A_anthracis--RS_GCF_000742895.1,s__Bacillus_A_anthracis
f2278b50-9978-5309-994a-dc24fe4c2052,82,3403,0.013206459594475462,0.011426951691727662,0.0,0.024853,0.0006255,0.023229,0.024,0.024281,0.0233745,0.8652547346230322,1.0699126092384519,s__Piscirickettsia_salmonis--RS_GCF_000297215.2,s__Piscirickettsia_salmonis
6d10f7b8-8402-5fde-a5bf-fc5de8037fde,273,37401,0.008082437822518114,0.004349559081519317,0.0,0.024792,0.004286,0.006858,0.011715,0.013622,0.007429,0.5381494020778245,3.615048118985127,s__Bacillus_A_toyonensis--RS_GCF_000496285.1,s__Bacillus_A_toyonensis
5602f28e-2601-5031-907d-1b6dbe2aa44c,221,24531,0.004614071052953407,0.002574707954333505,0.0,0.014716,0.002802,0.005009,0.006088,0.00803,0.003286,0.5580122032766417,2.9379117588340984,s__Mycoplasmopsis_bovis--RS_GCF_000183385.1,s__Mycoplasmopsis_bovis
ec477a13-6cf7-53ea-8291-e57a2b649996,651,212226,0.008094067706124603,0.003996218046607119,0.0,0.025933,0.006439,0.007125,0.008006,0.009371,0.001566999999999999,0.49372184564051386,3.639719298245614,s__Klebsiella_variicola--RS_GCF_000828055.2,s__Klebsiella_variicola
6f593f96-c184-58bf-936e-4911d4fa3f51,326,53301,0.010914765651676329,0.00595025901724165,0.0,0.03163,0.00869,0.009439,0.010402,0.013111,0.001712,0.5451568276528034,3.350990571035067,s__Enterobacter_roggenkampii--RS_GCF_001729805.1,s__Enterobacter_roggenkampii
b3f4abb8-31cc-5b53-a4bd-6af2d6e28122,71,2556,0.015258823161189355,0.005056679464304972,0.0,0.025674,0.014796,0.016812,0.018263,0.019815,0.0034670000000000013,0.33139380480970376,1.5271234832262668,s__Acinetobacter_ursingii--RS_GCF_000368825.1,s__Acinetobacter_ursingii
17391601-05ca-5412-b6bb-3a2c4728b09f,45,1035,0.006862052173913043,0.004990741788240341,0.0,0.021513,0.001409,0.006596,0.0090865,0.0132666,0.0076775,0.7272958091477758,3.2615221346270467,s__Lactobacillus_gasseri--RS_GCF_000014425.1,s__Lactobacillus_gasseri
