genus_lower,mean_B_soil_std,n_otus
acetivibrio,0.4275926902345719,16
acetobacter,0.46654571183649296,7
acetobacterium,0.4637180779075109,7
acholeplasma,0.38738683009306457,16
achromobacter,0.663911196804297,8
acidaminococcus,0.41941665400054295,5
acidiferrimicrobium,0.324889528941617,16
acidiferrobacter,0.55795754052461,5
acidiphilium,0.22963588509471405,9
aciditerrimonas,0.40441426721250584,27
acidithiobacillus,0.5108562922991642,8
acidobacterium,0.45402340948489,6
acidocella,0.25486878437356314,6
acidovorax,0.5942461547666732,19
acinetobacter,0.5318247041287792,67
actibacterium,0.655166510974351,7
actinobacillus,0.3128527063692128,16
actinomadura,0.6479952921769381,22
actinomarinicola,0.651162889997722,16
actinomyces,0.3913423322627311,42
actinoplanes,0.5675121701043155,11
acuticoccus,0.5712246877367455,7
adhaeribacter,0.3640483602640512,34
adlercreutzia,0.5743913746928087,8
aequorivita,0.5545964870475447,12
aerococcus,0.1463801522387964,9
aeromicrobium,0.5378366147963868,13
aeromonas,0.5977557312446149,22
aggregatibacter,0.26223035120124677,12
agitococcus,0.6848100927932987,5
agrobacterium,0.49483691931559026,17
agrococcus,0.4437415228350886,7
agromyces,0.6036268847267058,18
akkermansia,0.41530719622164114,16
alcaligenes,0.44731205754267633,9
alcanivorax,0.6877312356845666,14
algibacter,0.3895206486198373,6
algoriphagus,0.5937753379533018,22
aliarcobacter,0.5424337068922996,11
alicyclobacillus,0.536771097222252,29
aliidiomarina,0.4302380925800054,13
aliifodinibius,0.4313483617996255,10
aliikangiella,0.7501167537138564,5
alishewanella,0.6309664166151647,5
alistipes,0.3318654243727384,43
aliterella,0.2589411978348297,12
alkalibacterium,0.41106325970604685,6
alkalihalobacillus,0.5859885441348465,41
alkaliphilus,0.7021540767894587,14
alkalispirochaeta,0.5503103987295023,5
allosphingosinicella,0.6246484545066989,7
altererythrobacter,0.6382767794694317,16
alteromonas,0.5880172362038482,18
altibacter,0.40552304918344895,6
amaricoccus,0.6114650054083923,22
amphibacillus,0.48135829062603885,5
amphiplicatus,0.5245737656896643,9
amycolatopsis,0.6194546417696719,20
amylibacter,0.3997855444337425,8
anabaena,0.24672559049984422,7
anaerobutyricum,0.2504957002321394,10
anaerococcus,0.2632783573383076,32
anaerocolumna,0.6107248092757855,10
anaeromyxobacter,0.26950646797795164,17
anaerosporomusa,0.32768092187659204,5
anaerostipes,0.42792316806437963,13
anaerotaenia,0.5198536291959723,7
anaerotignum,0.4431913236537561,17
anaerotruncus,0.34342208333877056,5
anaerovibrio,0.12809755332216044,6
ancylomarina,0.4133817221950415,8
aneurinibacillus,0.49644472549630986,8
annwoodia,0.5307499035460961,5
anoxybacillus,0.6658083593266552,13
antarcticibacterium,0.5354605129076,7
aquamicrobium,0.6197409230950871,9
aquicella,0.5963911168785871,26
aquiflexum,0.34868258223483384,6
aquihabitans,0.6042191554361455,7
aquimarina,0.547707702750724,12
aquisphaera,0.48152141154200423,13
arachnia,0.6354915128799341,6
arcanobacterium,0.24195476309381428,8
arcicella,0.6294659937579772,5
arcobacter,0.5452769056336798,9
arenicella,0.2597937920221769,6
arenimicrobium,0.3980046494906831,14
arenimonas,0.6046235277531994,22
aridibacter,0.5848976853587126,11
aromatoleum,0.4470569486704996,9
arsenophonus,0.5035248924357199,8
arthrobacter,0.5918301346717605,30
asticcacaulis,0.7480632108310825,6
atopostipes,0.24526775907818282,14
aurantimonas,0.6857839877821095,5
aureimonas,0.6994782622744694,10
azoarcus,0.512494614550049,12
azonexus,0.39980358915700637,14
azospira,0.3103922716142476,11
azospirillum,0.5752122617372253,23
azotobacter,0.5438125599297093,6
bacillus,0.5691750722224815,230
bacteriovorax,0.5012131168146066,9
bacteroides,0.3854344521658979,102
barnesiella,0.4012610513464894,6
bartonella,0.5484817054947019,9
bdellovibrio,0.5692607351587806,22
beijerinckia,0.6472711268697853,8
bellilinea,0.2346699159845275,6
bergeyella,0.30778803271088495,7
bifidobacterium,0.41371330976272513,43
biostraticola,0.5396135419169027,8
bizionia,0.37926215030101074,5
blastocatella,0.5038159629951523,15
blastococcus,0.5661593743931851,9
blautia,0.3714024012934115,103
bordetella,0.6653780632447698,9
bosea,0.6232594654785544,7
brachybacterium,0.35653081970836,9
brachymonas,0.543945495864402,7
bradyrhizobium,0.6027298007574574,35
brasilonema,0.39480890927186146,5
brenneria,0.5371526147510546,8
brevibacillus,0.6191047140924225,25
brevibacterium,0.22420678470717265,19
brevilactibacter,0.3279224419792257,7
brevundimonas,0.6305293355849904,27
bryocella,0.44509934567787407,6
buchnera,0.5761036532114545,21
burkholderia,0.6324823020019841,20
butyricicoccus,0.2058919851635135,7
butyricimonas,0.49947192324575823,9
butyrivibrio,0.34000536766544986,21
bythopirellula,0.4596212608976667,13
caloramator,0.44837808622240355,5
calothrix,0.5213549231067143,5
campylobacter,0.3717641056128927,32
candidatus amoebophilus,0.7153844979008769,6
candidatus arthromitus,0.5501345459089045,5
candidatus koribacter,0.5063881033453869,15
candidatus pelagibacter,0.29369785676222554,27
candidatus phytoplasma,0.5783698835677243,8
candidatus portiera,0.3831468675867735,5
candidatus protochlamydia,0.5784862305060194,6
candidatus solibacter,0.531822962063699,39
capnocytophaga,0.43430901847366343,27
caproiciproducens,0.43198646422139864,9
carboxylicivirga,0.45025451616296885,10
cardiobacterium,0.4164509164976182,6
carnobacterium,0.4222962597360451,9
castellaniella,0.6408330692354123,5
catenovulum,0.5221246170507471,7
caulobacter,0.6282655749286732,31
celeribacter,0.4063818534489417,5
cellulomonas,0.5360071346667621,18
cellulophaga,0.3213892146891655,5
cellulosilyticum,0.42950452684616336,16
cellvibrio,0.4903033319790173,18
cephaloticoccus,0.5090773714827674,6
cetobacterium,0.416515537656038,5
chelatococcus,0.5945601755413129,12
chiayiivirga,0.700580587591816,6
chitinimonas,0.426361976077341,9
chitinophaga,0.6571452507212779,28
chlamydia,0.3472908478661928,5
chlorobaculum,0.33797756088334896,5
chlorobium,0.3482021869600928,5
chryseobacterium,0.5201108287001959,25
chryseolinea,0.630887425045241,14
chthoniobacter,0.6293858288258812,13
citrobacter,0.5200790483130584,13
cloacibacterium,0.4126028434011933,18
clostridium,0.43431895398821324,189
cocleimonas,0.33105710741439787,7
cohnella,0.5841485108063752,48
collinsella,0.3393107216425456,19
colwellia,0.41970236656251503,18
comamonas,0.43416834357294737,20
conexibacter,0.6443537206145822,20
coprococcus,0.18886415768956055,19
coraliomargarita,0.26792922755551046,9
corynebacterium,0.2876690192268086,179
coxiella,0.5334218606687023,16
craurococcus,0.44818579481133025,7
croceitalea,0.5267028253584913,5
crocinitomix,0.5322948509234408,9
cryptanaerobacter,0.5438303604698635,6
cupriavidus,0.6817447318579385,10
curvibacter,0.5044190435450112,15
cutibacterium,0.48073057678741055,59
cyanobium,0.35892243516543587,5
cyanothece,0.2791685374467498,5
cyclobacterium,0.3940829775953781,5
cypionkella,0.6713740964664662,15
cytobacillus,0.6865063838274444,8
daejeonella,0.4454496456804238,15
dechloromonas,0.357614282137095,18
dehalobacter,0.3727766835860448,6
deinococcus,0.3870787178396647,74
delftia,0.649293923756232,9
denitratisoma,0.3561292592801894,13
desnuesiella,0.22445038238308443,11
desulfallas,0.5969354946808647,15
desulfatiferula,0.46142094164862674,5
desulfatitalea,0.3740833121504708,7
desulfitobacterium,0.36987597632354435,16
desulfobacter,0.5132916204652013,9
desulfobacterium,0.5305626260234888,7
desulfobacula,0.6315145847906548,10
desulfobulbus,0.48507490096846123,22
desulfocapsa,0.4189513067673037,9
desulfomicrobium,0.49962462155292553,5
desulfomonile,0.3248853599820921,12
desulfopila,0.4921952028626545,8
desulfoprunum,0.3885125620845591,9
desulforhopalus,0.48050871373859555,20
desulfosarcina,0.47411254459012264,6
desulfosporosinus,0.464676728351103,24
desulfotalea,0.6048879579960603,5
desulfotomaculum,0.5548769407700646,11
desulfovibrio,0.44035291553591227,58
desulfurivibrio,0.4625566582918129,5
desulfuromonas,0.4447453931923003,26
devosia,0.6151150225854168,42
dialister,0.3594338966164928,16
dickeya,0.49542440972948154,8
dietzia,0.34839785142022117,5
dokdonella,0.6335095022834903,10
dokdonia,0.5252083789502152,7
domibacillus,0.645862312553073,6
dongia,0.6096430811654823,9
dorea,0.28817939627588707,18
dulcicalothrix,0.6761243380087818,7
duncaniella,0.5178993192603525,21
duodenibacillus,0.36618435853527215,6
dyadobacter,0.5892289689440988,33
dyella,0.6290743017988137,6
dysgonomonas,0.5367570098755208,30
echinicola,0.4524626169691696,6
edaphobacter,0.45344228336315534,9
effusibacillus,0.4733448366107062,6
eisenbergiella,0.23136410674021474,5
emergencia,0.4830092058745284,5
emticicia,0.6230047653517508,7
endomicrobium,0.7001758355897258,10
endozoicomonas,0.3251737777750725,11
enterocloster,0.3927186167745974,10
enterococcus,0.501842390540906,40
enterovibrio,0.21335119101783648,6
enterovirga,0.5625345267688269,11
erwinia,0.6313045924211823,7
erysipelatoclostridium,0.4962468427458846,8
erysipelothrix,0.33678688509125587,7
erythrobacter,0.5779613082003392,12
escherichia,0.5065789470522745,23
eubacterium,0.3833400110298017,42
facklamia,0.11048427312481209,6
faecalibacterium,0.45233070696323313,39
faecalicatena,0.2892242180299906,16
faecalimonas,0.4683224226096147,5
ferrimonas,0.46606641339579213,9
ferruginibacter,0.5649177316449907,50
fibrobacter,0.41546980886166807,19
fimbriimonas,0.5995167716118215,5
finegoldia,0.40353068263863323,8
fischerella,0.3963429024758343,7
flavipsychrobacter,0.5478900058640966,18
flavisolibacter,0.5510071243921572,47
flavitalea,0.5656876002668171,25
flavobacterium,0.5670922577691232,208
flexibacter,0.5153030915115726,5
fluviicola,0.581366630656288,22
fournierella,0.3679446682358798,5
friedmanniella,0.5775249774757093,7
fulvivirga,0.686179483665842,12
fundicoccus,0.21410592581182558,5
fusibacter,0.3571290111498332,10
fusicatenibacter,0.47469844287123847,12
fusobacterium,0.3667075177876459,33
gaiella,0.6226085440129846,49
gallionella,0.49031790921978663,13
gemmata,0.5807852235595886,16
gemmatimonas,0.6388172731963989,12
gemmobacter,0.5067933670688385,10
geobacillus,0.5547201987939698,15
geobacter,0.3163722727352489,69
geodermatophilus,0.5334207401942496,7
georgenia,0.5846949450751481,10
georgfuchsia,0.43155012011595917,7
geothrix,0.4046236567346176,12
gillisia,0.4868406083139722,6
gilvibacter,0.34712317103446316,5
glaciecola,0.6138164193050177,6
glutamicibacter,0.6419754440354327,6
glycomyces,0.4919485825433095,13
gordonia,0.588076031531957,7
gracilibacillus,0.5387509457390205,10
gracilibacter,0.47511375761076524,7
gracilimonas,0.6659520682520876,10
gramella,0.5539680950446965,6
granulicatella,0.24718396107292684,13
granulicella,0.42676880611169776,16
granulosicoccus,0.568821822603001,7
gulosibacter,0.5484730391130204,8
haemophilus,0.2893727171097738,45
hahella,0.6243535999743711,6
halanaerobium,0.778368109235011,5
haliea,0.5321549925810348,6
halioglobus,0.3296076563008321,9
haloarchaeobius,0.6012298819648253,5
haloarcula,0.4070590179693871,13
halobacterium,0.15294071831434422,5
halococcus,0.2548719076776295,5
haloferula,0.5837820712873274,7
halofilum,0.3598147911502091,8
halolamina,0.5761398890488455,10
halomicroarcula,0.49451169035015163,9
halomonas,0.5520971831773064,62
halorhodospira,0.46185692839748893,6
halorientalis,0.285826843417588,5
halorubrum,0.6154863842612739,10
halorussus,0.404791721830902,11
haloterrigena,0.34064739335814354,6
helcococcus,0.13802742214373578,11
helicobacter,0.4002994668834214,19
herbinix,0.6010761255989071,9
hoeflea,0.43143199090223705,6
holophaga,0.3854270733521546,7
hydrogenophaga,0.6474363151278605,21
hydrogenovibrio,0.5494483729958348,10
hymenobacter,0.5694127954602323,74
hyphococcus,0.5037418596149271,6
hyphomicrobium,0.6152887960019676,44
hyphomonas,0.5446954869552572,14
idiomarina,0.4724012080596585,6
ilumatobacter,0.5593190394232174,24
immundisolibacter,0.5226635384214798,5
intestinibacter,0.3183838003281547,6
jannaschia,0.535950689402728,6
janthinobacterium,0.6630495309788808,6
jatrophihabitans,0.657867952356415,17
jeotgalibaca,0.15010648361207257,8
jiangella,0.6899278519838207,7
kaistella,0.29802819117204377,6
kaistia,0.5326164391548038,5
kineococcus,0.5771368920206318,7
kineothrix,0.47169726966902426,6
kingella,0.2569243729222643,12
kitasatospora,0.6188579058207049,5
klebsiella,0.519548211020572,23
kocuria,0.3921469511225786,17
kordiimonas,0.6433319841681281,9
kribbella,0.5677036627294211,6
labilithrix,0.61563228275171,19
labrys,0.5704167829981757,7
lachnoclostridium,0.4805607050651348,26
lachnospira,0.37271362941766256,6
lacihabitans,0.3147968929509091,6
lacrimispora,0.4263040086381853,24
lacticaseibacillus,0.30031985959099766,11
lactobacillus,0.362405688210446,62
lactococcus,0.21442998337960795,21
lacunisphaera,0.7085621334696649,8
larkinella,0.5413070104605326,6
lautropia,0.46460628154372763,10
lawsonella,0.5888779952825025,6
leadbetterella,0.34146481691751024,6
lederbergia,0.4888980196336442,8
legionella,0.6015223080026484,129
lentibacillus,0.3990533980370754,13
lentimicrobium,0.3623961855880496,7
leptospirillum,0.3716102095517318,5
leptotrichia,0.4334175307445059,17
leucobacter,0.5291479386129205,17
leuconostoc,0.26933624622720614,15
lewinella,0.5469639437376901,11
lichenibacterium,0.6003389610518867,10
ligilactobacillus,0.34248875165957854,22
limnobacter,0.3735223318139602,6
limosilactobacillus,0.37356021185563504,25
listeria,0.5467946602040787,8
loktanella,0.4798692253139512,5
longibaculum,0.34044578129518793,12
luminiphilus,0.23859729003109126,8
luteimonas,0.6053722280715698,19
luteolibacter,0.5257651221469992,40
lutibacter,0.4211960025080475,9
lutispora,0.43306048123114416,5
lyngbya,0.329927392831415,6
lysinibacillus,0.604339498765706,31
lysobacter,0.6105566107875763,51
macellibacteroides,0.6211204220986676,5
magnetospirillum,0.4046799247481441,12
malaciobacter,0.4898024676537765,7
mangrovibacterium,0.5801447388173122,5
mangroviflexus,0.4934160990398492,5
mangrovimonas,0.5329501305440311,5
maribacter,0.5136777272669578,18
maribellus,0.6336332040457733,6
maricaulis,0.2176144876220027,5
maridesulfovibrio,0.3504229629865326,5
marimicrobium,0.6849279919367273,10
mariniblastus,0.39605106453270567,9
marinifilum,0.4728025808853258,6
mariniflexile,0.7079573322596148,5
marinimicrobium,0.5651487211751884,10
mariniphaga,0.663701891542575,6
marinobacter,0.5500217658285885,28
marinobacterium,0.5705107105859747,16
marinomonas,0.6019998925884007,19
marinoscillum,0.5131439644486703,6
mariprofundus,0.5610428932732567,5
massilia,0.6152114687083514,17
mediterraneibacter,0.3903209873086062,71
megamonas,0.11680981165669457,6
megasphaera,0.2976073920756542,14
meiothermus,0.4278178755847498,9
meniscus,0.4309040870193249,5
mesobacillus,0.5296328760207206,14
mesonia,0.4576076758776529,6
mesorhizobium,0.6671616081680284,25
metabacillus,0.5799752788725834,9
methanobacterium,0.3839775358709839,35
methanobrevibacter,0.4459872493464726,46
methanocella,0.31245916128136625,14
methanocorpusculum,0.3734852022938417,6
methanoculleus,0.6835883101364337,22
methanolinea,0.4198936963380308,13
methanolobus,0.8786909761448739,6
methanomassiliicoccus,0.4963157331224117,6
methanoregula,0.28387878955486845,10
methanosarcina,0.3149472121763959,22
methanosphaera,0.3814628351878365,13
methanospirillum,0.375260957028355,11
methanothrix,0.5643536315619844,17
methylobacillus,0.5246072598390912,19
methylobacter,0.48971348918373153,30
methylobacterium,0.6117575506333053,31
methylocapsa,0.5546145544606671,5
methyloceanibacter,0.7378089663177737,7
methylocystis,0.5868253445237883,7
methylomonas,0.22767640387355437,9
methyloparacoccus,0.3666420112965379,6
methylophaga,0.5721133999697874,19
methylotenera,0.5688003266262962,24
microbacterium,0.5302310753003445,26
microbulbifer,0.6152095180096994,12
micrococcus,0.5824981878867141,15
microcoleus,0.42928129395094655,15
microlunatus,0.5283231970958451,15
micromonospora,0.6688260867640984,11
microvirga,0.5138089597460048,36
mitsuokella,0.32321769993145033,9
mobilitalea,0.4498793104745588,7
moheibacter,0.39812372400913576,8
moraxella,0.20093625728659448,32
morganella,0.6371702034490152,7
mucilaginibacter,0.48687554898162283,59
muricauda,0.28053450764682064,16
mycobacterium,0.5381232664678698,13
mycolicibacterium,0.576643092127974,14
mycoplasma,0.33077408898616173,30
mycoplasmopsis,0.30657484790200656,7
myroides,0.39293267095437523,17
nakamurella,0.6002269284537075,14
nannocystis,0.5900712737054904,5
natrinema,0.5516843685068475,6
natronomonas,0.20853983296950257,5
neisseria,0.379123708983296,55
neobacillus,0.4981917073175693,15
neptunomonas,0.617948581276807,7
nesterenkonia,0.47142534965435035,10
nevskia,0.5415517595730027,9
niabella,0.6058115985897699,18
niastella,0.6530054613877312,17
nisaea,0.2757755253873168,5
nitratireductor,0.46272532712434317,8
nitriliruptor,0.43014798086672146,10
nitrosomonas,0.5731962891649852,26
nitrosopumilus,0.5271364902373888,38
nitrososphaera,0.6144504208184313,47
nitrosospira,0.5389558718662503,6
nitrospira,0.561575714511814,27
nocardia,0.6582685101575604,20
nocardioides,0.6083804081932074,152
nocardiopsis,0.4724233839716921,14
nonlabens,0.42026911813790413,6
nonomuraea,0.6808467858036384,10
nostoc,0.31851831003102204,18
noviherbaspirillum,0.6080749474141645,29
novosphingobium,0.6466324529472472,47
occallatibacter,0.43478751898290113,6
oceanicella,0.6635856546978547,7
oceanicoccus,0.43144264216103473,8
oceanisphaera,0.24351331691543984,5
oceanobacillus,0.568096904720069,26
ochrobactrum,0.7265480006884963,10
odoribacter,0.14326395773848175,6
ohtaekwangia,0.5049666877958766,8
olivibacter,0.7184263640968149,5
olsenella,0.3318811782376583,23
opitutus,0.5645630747834159,31
orenia,0.589852433849112,7
ornithinibacillus,0.5841664524022119,9
ornithinimicrobium,0.4166637391977389,8
oscillatoria,0.6430100142158957,8
oscillibacter,0.31519742769577525,57
ottowia,0.5468964010088563,19
oxalobacter,0.6305560193993875,5
paenalcaligenes,0.2986337043862994,5
paenarthrobacter,0.5111470771618418,5
paenibacillus,0.6241691699155036,259
paenochrobactrum,0.6166818266652883,7
paludibacter,0.416944685506041,18
paludibacterium,0.346544161888557,6
paludibaculum,0.3657312622567219,8
paludisphaera,0.6858661331720506,10
panacibacter,0.5727134944414188,6
pantoea,0.5769662159794652,24
parabacteroides,0.4338148837227338,26
paraburkholderia,0.5922001623958121,25
paracoccus,0.5628981919456705,45
parapedobacter,0.4990652989233099,14
parasutterella,0.30456290505440275,9
parvibaculum,0.6342442232467785,6
parvimonas,0.33464598470826445,5
parviterribacter,0.6485301909909864,5
parvularcula,0.46686823681858325,5
pasteurella,0.3917367830010304,6
patulibacter,0.6910425151741637,6
pedobacter,0.6023852478963232,56
pedomicrobium,0.6591569788075204,9
pelagibacterium,0.570316636128362,13
pelagibius,0.5716772355851065,5
pelobacter,0.5079533891360176,12
pelolinea,0.5485274378870898,10
pelomonas,0.5752371579670594,7
pelotomaculum,0.5020889348201015,15
peptacetobacter,0.3816476382029155,7
peptoniphilus,0.30615454180346446,26
peredibacter,0.6249248162020372,5
peribacillus,0.6852264566736569,9
petrimonas,0.5347842072502783,5
phaeobacter,0.5427092179619883,5
phascolarctobacterium,0.43682401694202383,13
phenylobacterium,0.5472085081101212,18
photobacterium,0.32809422670366306,24
phyllobacterium,0.523764042963373,8
pigmentiphaga,0.6410673760810762,5
planctomicrobium,0.5127693459783775,14
planococcus,0.46403502429043736,12
polaribacter,0.43950627210699333,19
polaromonas,0.632706816841513,15
polyangium,0.5972057535992423,5
polynucleobacter,0.4824473073431999,11
pontibacter,0.48692541780825205,38
porphyromonas,0.3470850398133121,35
porticoccus,0.4757525941402914,11
poseidonibacter,0.5372184944031271,18
povalibacter,0.6461909638153857,11
prevotella,0.432888650997155,134
prevotellamassilia,0.3546282299092569,8
priestia,0.655920079870747,29
prochlorococcus,0.48966226624866127,5
propionicimonas,0.5024226784697211,11
propionivibrio,0.3644489767820636,7
prosthecobacter,0.6216190053675025,11
prosthecochloris,0.5407692235555134,5
prosthecomicrobium,0.5575855875497685,9
proteiniphilum,0.5570687581796465,17
proteus,0.5746973492063635,9
providencia,0.5778066973774325,6
pseudahrensia,0.5930226336249041,9
pseudarthrobacter,0.5088632311620531,15
pseudidiomarina,0.5994684417088385,12
pseudoalteromonas,0.4338406057655891,26
pseudobacter,0.6216767219132286,5
pseudobacteroides,0.32261011831100245,27
pseudoclavibacter,0.504874656451254,7
pseudodesulfovibrio,0.5538747523403852,10
pseudoflavonifractor,0.2897544188243766,15
pseudofulvibacter,0.27723546577601105,6
pseudofulvimonas,0.6135065227889246,6
pseudogracilibacillus,0.4638574003200118,7
pseudohaliea,0.5134380862551217,6
pseudolabrys,0.6563530625204167,21
pseudomonas,0.5382095563748913,239
pseudonocardia,0.567055804476865,53
pseudooceanicola,0.598075125764088,7
pseudoxanthomonas,0.6113429131638582,10
psychrobacillus,0.6318174703927361,9
psychrobacter,0.1691360055772341,14
psychroflexus,0.42545721884149806,9
psychromonas,0.46503719068880234,7
puia,0.586664244448808,7
puniceicoccus,0.29031123343230913,5
pusillimonas,0.6044314821051983,10
qipengyuania,0.7033597563022436,10
quadrisphaera,0.380495685511921,6
quisquiliibacterium,0.586895817582311,11
rahnella,0.44636716896970696,5
ralstonia,0.6666269632320503,5
ramlibacter,0.642509640877232,16
raoultibacter,0.5591194375850399,8
rectinema,0.49431973521152944,11
reichenbachiella,0.6500363102942307,6
reinekea,0.5295766206205698,6
rheinheimera,0.47284856884709137,6
rhizobium,0.6336441561713981,27
rhizomicrobium,0.5000233661290278,6
rhodanobacter,0.6240075981606502,15
rhodobacter,0.6356128038115301,17
rhodococcus,0.5501789628575118,20
rhodocyclus,0.4063916425017596,9
rhodoferax,0.677605497860235,19
rhodohalobacter,0.6895243231708373,6
rhodopila,0.675254811015202,6
rhodopirellula,0.548856705860633,12
rhodoplanes,0.6121898144272604,32
rhodopseudomonas,0.6201126948756657,9
rhodovastum,0.5068540115922929,8
rhodovulum,0.6415559693323225,15
rickettsia,0.613751278891231,9
robiginitalea,0.5780398810991689,7
rodentibacter,0.33254810933336293,6
romboutsia,0.48637059074386024,18
roseburia,0.33182210768959686,52
roseiarcus,0.36479387286547477,8
roseibacterium,0.5867763519132959,6
roseiflexus,0.21878801099030315,5
roseivirga,0.3893706450801086,9
roseivivax,0.4216887834821227,5
roseomonas,0.5061003418787824,46
roseovarius,0.5087487412789228,22
rothia,0.429005280941731,26
rubellimicrobium,0.39983771286911896,17
rubinisphaera,0.5245625816911058,7
rubritalea,0.2727146879814807,10
rubrobacter,0.4514332482949554,31
rudaea,0.5944815800307418,11
ruegeria,0.4941287142811694,8
rufibacter,0.26574404021369114,9
ruminiclostridium,0.31040326796391327,5
ruminococcus,0.4303810140469673,51
runella,0.5904084226455253,8
ruthenibacterium,0.5320506107239884,10
saccharicrinis,0.38821500633038586,5
saccharofermentans,0.46356453758016763,5
saccharomonospora,0.5273746792811326,8
saccharopolyspora,0.5400384943826115,19
saccharospirillum,0.6189257053382212,5
salegentibacter,0.4893758678809536,7
salinibacter,0.19619563901405945,11
salinicoccus,0.2557782583890296,9
salinicola,0.3901628494886822,5
salinimicrobium,0.5031572837772694,14
salinirepens,0.5320286559038715,11
salinirussus,0.23167817874270638,5
salinisphaera,0.5134278368943588,6
salinivenus,0.293148237311834,16
saliphagus,0.34071195726688736,6
salmonella,0.35517317611204086,25
sandaracinobacter,0.4216352843773753,5
sandaracinus,0.6571100275095229,11
schaalia,0.38057197640095336,14
schlesneria,0.4977598371639451,6
schnuerera,0.6898841195409371,5
sediminibacter,0.7095784043630168,5
sediminibacterium,0.5621968375163328,19
segetibacter,0.5185697069126441,32
selenomonas,0.3077690989109211,26
serratia,0.5321898466545881,43
shewanella,0.5180014173814038,39
siccationidurans,0.584687155594124,17
sideroxydans,0.32254181384524316,39
simplicispira,0.6561325192250641,6
singulisphaera,0.6092516783047313,43
sinimarinibacterium,0.5223748377703263,5
sinorhizobium,0.5979539322170964,9
skermanella,0.6393873533699287,7
slackia,0.16859318784754937,7
sneathiella,0.5514271494624051,7
solibacillus,0.6915152905699923,5
solimonas,0.6960439977797399,8
solirubrobacter,0.5923228162552879,30
sorangium,0.5846566304416284,6
sphaerisporangium,0.5158154875648016,6
sphaerochaeta,0.6793267665658097,6
sphingoaurantiacus,0.46208031649768644,5
sphingobacterium,0.5398044624688473,66
sphingobium,0.6303152717725025,27
sphingomonas,0.5327885036503277,168
sphingopyxis,0.6265548198825109,11
sphingorhabdus,0.6854590703282836,11
spirochaeta,0.5932960565932242,14
spiroplasma,0.5552693212086115,10
spirosoma,0.5366690423071296,46
sporichthya,0.660171463560745,21
sporobacter,0.4130382786891801,21
sporolactobacillus,0.5910014281347359,6
sporomusa,0.43382126491510326,15
sporosarcina,0.6099848430371752,16
stackebrandtia,0.42231679661211247,6
stanieria,0.3331636524317917,5
staphylococcus,0.3755869212783757,164
stenotrophobacter,0.569318611936815,69
stenotrophomonas,0.56110570505017,27
steroidobacter,0.7329013120647442,9
stigmatella,0.6947181437223352,7
streptococcus,0.36768916497929166,215
streptomyces,0.5894255492131495,182
succiniclasticum,0.48517340031698014,12
succinivibrio,0.2411112232990993,6
sulfitobacter,0.4696137995550181,9
sulfobacillus,0.41326938135666774,8
sulfuricaulis,0.4772800178220043,13
sulfuricella,0.36549316085412414,8
sulfuricurvum,0.3454863071694326,7
sulfuriferula,0.43742686759967947,7
sulfurifustis,0.6220505208809544,5
sulfurimonas,0.5841273725971909,31
sulfurisoma,0.4958370679042478,7
sulfuritalea,0.5598991320874498,13
sulfuritortus,0.27054510823328215,8
sulfurospirillum,0.40076013700419977,8
sulfurovum,0.5123044350004268,19
sutterella,0.32314286130509356,8
symbiobacterium,0.5505508872839722,6
synechococcus,0.28082076143338486,20
synechocystis,0.2011092194714435,7
syntrophaceticus,0.5148429671017171,7
syntrophobacter,0.3677721343519573,6
syntrophomonas,0.4842940096184801,20
syntrophorhabdus,0.38250456082954115,8
syntrophotalea,0.47293374792378656,19
syntrophus,0.3398744759385417,15
tabrizicola,0.6694763735847842,5
taibaiella,0.5701120301950181,14
tannerella,0.44586210374585955,5
telluria,0.5035948179795151,7
tellurimicrobium,0.6586083929950419,8
tenacibaculum,0.37761983392087495,22
tepidamorphus,0.5574058986004711,6
tepidanaerobacter,0.6303467278168028,10
tepidimicrobium,0.6285181416162894,7
terrimicrobium,0.625983794032019,11
terrimonas,0.6419481959331989,51
terrisporobacter,0.35586516318344674,5
tessaracoccus,0.43897780845696077,20
thalassobaculum,0.5376403306751686,6
thalassotalea,0.4437606960224748,20
thauera,0.5271339866707234,13
thermoclostridium,0.6233168500153059,7
thermodesulfovibrio,0.5534642140879725,5
thermomonas,0.6915892931361199,12
thermomonospora,0.5604818544047416,5
thermus,0.5117927525991428,19
thioalkalivibrio,0.6338651286322216,6
thiobacillus,0.4532077553711382,9
thioflavicoccus,0.16247148884345491,5
thiohalocapsa,0.6437920234600509,7
thiohalophilus,0.515732263462842,8
thiomicrorhabdus,0.6228140880367513,8
thiothrix,0.5417595221258862,13
thiovirga,0.35987298976955706,8
tissierella,0.4951153121859062,28
treponema,0.3663977048633924,61
trichormus,0.25830049194487226,5
tumebacillus,0.6731843689649006,20
tundrisphaera,0.598743415425719,17
uliginosibacterium,0.4453763844284356,8
ulvibacter,0.6252733816891223,6
undibacterium,0.5032620298848038,12
vagococcus,0.5691308720822623,9
variibacter,0.567896015036925,13
variovorax,0.6274753837335001,17
veillonella,0.32815932926162666,24
verrucomicrobium,0.6005044683511492,6
vibrio,0.40239817819393714,61
vicingus,0.318933833083718,6
virgibacillus,0.6068803307630488,27
vogesella,0.2747782751188311,7
vulcanibacillus,0.5441537153884414,5
vulgatibacter,0.6382815418161385,5
weissella,0.273235735927182,18
wenzhouxiangella,0.6024526276302895,8
winogradskyella,0.3799894164698985,23
woeseia,0.5782884638200384,28
wolbachia,0.5978828225867825,8
xanthomonas,0.5336726310114722,9
xenorhabdus,0.46506751134909613,6
yoonia,0.5542731577120891,5
zeaxanthinibacter,0.5930417968416835,5
zobellella,0.5918465363817605,8
zoogloea,0.5418412531519626,9
