genus_lower,biome_H_std,ko_per_mb_total_z,disc_per_mb_z
acetivibrio,0.4275926902345719,-0.926602294329764,-0.9632497257865136
acetobacter,0.46654571183649296,0.9824604841961331,1.4592545501473886
acetobacterium,0.4637180779075109,-0.9249568672954805,-1.1968061940534453
acholeplasma,0.38738683009306457,0.29129803286259465,1.2947240262423125
achromobacter,0.663911196804297,-0.5975330531736527,-0.06910345427308531
acidaminococcus,0.41941665400054295,-0.052727983107503006,-0.8558122993012526
acidiferrobacter,0.55795754052461,1.3643754757120024,0.3796179543048588
acidiphilium,0.22963588509471405,0.5544612744017013,0.4635350881948108
acidithiobacillus,0.5108562922991642,1.5945205584897102,0.1546418486246925
acidobacterium,0.45402340948489,0.9601034150906731,-0.4297776877295811
acidocella,0.25486878437356314,1.053230024775722,0.40726632242872113
acidovorax,0.5942461547666732,0.18930308968018295,0.060492045892825225
acinetobacter,0.5318247041287792,0.45680814104734146,0.6407642870097393
actinobacillus,0.3128527063692128,1.2539820556748138,2.152238968494371
actinomyces,0.3913423322627311,-0.7196679241818312,0.41502363648039475
actinoplanes,0.5675121701043155,-1.6976878975468528,-1.1333094369397994
acuticoccus,0.5712246877367455,-0.8667079248620565,-0.16469473662248416
adlercreutzia,0.5743913746928087,-0.9965634613567298,-1.924060855400977
aequorivita,0.5545964870475447,0.6126463127359594,0.13714099569043103
aerococcus,0.1463801522387964,-0.258995429201161,0.5945030385591347
aeromicrobium,0.5378366147963868,-0.2984455747415662,0.9284841496843407
aeromonas,0.5977557312446149,0.16977459337816977,0.42946125051997314
aggregatibacter,0.26223035120124677,1.3119967831327697,1.8756519595949952
agitococcus,0.6848100927932987,0.5150269170309169,0.65105871896739
agrobacterium,0.49483691931559026,-0.7810102584759262,0.3781913651361082
agrococcus,0.4437415228350886,0.7095396379230149,0.1296928365100484
agromyces,0.6036268847267058,-0.6925224052745488,-0.22077086047552072
akkermansia,0.41530719622164114,-0.6700905387822647,-1.560843863996974
alcaligenes,0.44731205754267633,0.33133577385325,1.4015248550222517
alcanivorax,0.6877312356845666,1.0804400092326274,1.864585546444988
algibacter,0.3895206486198373,-0.22026597185561794,-1.1038051515550265
algoriphagus,0.5937753379533018,-0.25313525620907734,-0.9990425587605986
aliarcobacter,0.5424337068922996,2.043056892576731,1.247058727865994
alicyclobacillus,0.536771097222252,-0.19876740535602974,-0.4420478877241346
aliidiomarina,0.4302380925800054,2.4650965911313256,2.296901664506814
aliikangiella,0.7501167537138564,-0.043215972896197004,-0.5714163471707842
alishewanella,0.6309664166151647,1.4472194439611248,0.785109551485863
alistipes,0.3318654243727384,-0.7109926194590457,-0.18815314112002615
alkalibacterium,0.41106325970604685,0.8204806581694353,1.5755360564006897
alkalihalobacillus,0.5859885441348465,-0.6014614765943276,0.018620876936910398
alkalispirochaeta,0.5503103987295023,-0.9891261287318054,-0.9753031071813355
allosphingosinicella,0.6246484545066989,-0.5062496862997521,0.15471583213915013
alteromonas,0.5880172362038482,0.7460985023435255,0.45341909599026925
altibacter,0.40552304918344895,1.6761160403849586,-0.03369826778311043
amaricoccus,0.6114650054083923,0.14399032925728425,1.4113239841887444
amphibacillus,0.48135829062603885,0.7822678092449922,1.4326231058452061
amphiplicatus,0.5245737656896643,1.3730671343014476,0.9282828741994238
amycolatopsis,0.6194546417696719,-1.4481579714439838,-1.3604316841764235
amylibacter,0.3997855444337425,1.4308786727946914,2.772569284923604
anabaena,0.24672559049984422,-1.2252164920424473,-1.0553729131745824
anaerobutyricum,0.2504957002321394,-1.1782614873381425,-1.3495449877254169
anaerococcus,0.2632783573383076,0.6458604018797758,0.16300052107462784
anaerocolumna,0.6107248092757855,-1.1957772910278583,-1.3609465713979234
anaeromyxobacter,0.26950646797795164,-0.09173323801362572,0.04826020579109323
anaerostipes,0.42792316806437963,-1.1648685733360353,-1.5089492057222693
anaerotignum,0.4431913236537561,-0.8034806351913195,-0.3262550826964535
anaerotruncus,0.34342208333877056,-1.08121554796821,-0.7826022342048075
anaerovibrio,0.12809755332216044,0.10085602215753181,-0.8264352658313193
ancylomarina,0.4133817221950415,-0.4414140331209117,-0.5812062248775208
aneurinibacillus,0.49644472549630986,-0.6864905004139787,-0.5370216270181507
anoxybacillus,0.6658083593266552,1.0767168582309072,1.405703806475333
aquicella,0.5963911168785871,1.5649732551432545,1.238669772951931
aquimarina,0.547707702750724,-0.6707608815203882,-0.9055759811843849
arachnia,0.6354915128799341,-0.22210862096497921,0.17643157487917002
arcanobacterium,0.24195476309381428,0.23019110490890743,2.0344847117189215
arenicella,0.2597937920221769,0.7853831526127524,0.11947946487888964
arenimonas,0.6046235277531994,2.089221726128567,2.4643356353010364
aridibacter,0.5848976853587126,0.4947769320518272,-0.7573824693622522
aromatoleum,0.4470569486704996,0.2502973561806956,-0.4949829178011155
arsenophonus,0.5035248924357199,1.211939898836356,0.9799102402361971
arthrobacter,0.5918301346717605,-0.44828378645793476,-0.32497915953157197
asticcacaulis,0.7480632108310825,-0.6055820976694667,-0.1276764131093712
aurantimonas,0.6857839877821095,-0.5071596741457371,0.864885969913773
aureimonas,0.6994782622744694,-0.6648143471200871,0.08876647568975718
azoarcus,0.512494614550049,-0.1305782452121673,0.07510171918114462
azonexus,0.39980358915700637,1.3399502993424632,0.007763869699039878
azospira,0.3103922716142476,1.7256003646550888,-0.3172863820166851
azospirillum,0.5752122617372253,-1.121339226447808,-0.22286319550208322
azotobacter,0.5438125599297093,0.09150021347792367,0.6887950824267348
bacillus,0.5691750722224815,-0.395048011486097,0.7020554095679667
bacteriovorax,0.5012131168146066,0.7176532432019392,0.641651729618354
bacteroides,0.3854344521658979,-0.7639243990538549,-1.1868114357917614
barnesiella,0.4012610513464894,0.12080797286297955,-0.5997265798570838
bartonella,0.5484817054947019,-0.8466100295481458,0.7596116312662134
bdellovibrio,0.5692607351587806,0.2927851728511044,0.6616080019635175
bellilinea,0.2346699159845275,-0.6751133401883516,-0.28898517459323286
bergeyella,0.30778803271088495,0.43458027073800837,-0.005768689006184337
bifidobacterium,0.41371330976272513,-0.679974552814451,-0.9795001017737486
bizionia,0.37926215030101074,0.6688915393371883,0.38476851700547776
blastococcus,0.5661593743931851,-0.6032510363617062,0.19682457646880455
blautia,0.3714024012934115,-1.4488814902625071,-2.0056590301170973
bordetella,0.6653780632447698,0.21536242534546965,1.0773357322404522
bosea,0.6232594654785544,-0.7310231473438303,-0.27330202273550214
brachybacterium,0.35653081970836,-0.32910758787388195,0.6608318536906419
brachymonas,0.543945495864402,4.261716735933349,2.227703717694897
bradyrhizobium,0.6027298007574574,-1.034933383112071,-0.9277368599907937
brasilonema,0.39480890927186146,-1.1283483007833908,-1.4762125963781199
brenneria,0.5371526147510546,0.5860307382196113,-0.11084315067873435
brevibacillus,0.6191047140924225,-0.6454686891438908,-0.24190811116071803
brevibacterium,0.22420678470717265,-0.13343369862917726,-0.03226219288741109
brevilactibacter,0.3279224419792257,-0.41570895399589575,-0.7653914835616283
brevundimonas,0.6305293355849904,0.7875341986805473,0.5702405277833998
burkholderia,0.6324823020019841,-0.5797946223969327,-0.6488394982270222
butyricicoccus,0.2058919851635135,-0.9336527075188957,-1.5459464865281352
butyricimonas,0.49947192324575823,-1.0834275997105398,-0.7855665048506029
butyrivibrio,0.34000536766544986,-1.4409446549876395,-1.3646543001197098
bythopirellula,0.4596212608976667,0.6895647076621307,-0.3252987453354536
calothrix,0.5213549231067143,-1.6027246678005398,-1.4912925557373835
campylobacter,0.3717641056128927,1.5403485659134035,2.757335078787453
capnocytophaga,0.43430901847366343,0.31635139448561667,-0.8804179566197318
caproiciproducens,0.43198646422139864,-0.7604991293867123,0.2854139846342104
cardiobacterium,0.4164509164976182,1.550933252132546,1.2252906625506534
carnobacterium,0.4222962597360451,-0.1826042392167198,-0.16565116944260488
castellaniella,0.6408330692354123,0.6049117853005934,0.9242314214753006
caulobacter,0.6282655749286732,-0.28124522836312327,-0.24300367530092365
celeribacter,0.4063818534489417,-0.11815788361657795,0.953697427701168
cellulomonas,0.5360071346667621,-0.7001919160055041,0.4295187876522739
cellulophaga,0.3213892146891655,-0.24883599005464607,-0.2366545121118713
cellulosilyticum,0.42950452684616336,-1.0634288636047922,-0.6417115319545423
cellvibrio,0.4903033319790173,0.32347998822513213,0.5945326570640337
cephaloticoccus,0.5090773714827674,0.49305619264645123,-0.5862636412497415
cetobacterium,0.416515537656038,-0.4020695314127461,-1.1054852768799117
chelatococcus,0.5945601755413129,-0.8674818564772312,-0.6606506706972067
chiayiivirga,0.700580587591816,0.8161190514228914,-0.23485087280053904
chitinimonas,0.426361976077341,-0.6466197000357254,-0.04592791872437564
chitinophaga,0.6571452507212779,-1.1669879149698472,-1.5110441948028062
chlamydia,0.3472908478661928,-0.7790574806144934,2.04413384754868
chlorobaculum,0.33797756088334896,1.5869461537106953,1.1248151818626824
chlorobium,0.3482021869600928,1.708469992850221,-0.0913800739067004
chryseobacterium,0.5201108287001959,-0.5310989882628186,-1.0249311564199286
chryseolinea,0.630887425045241,-1.0878817323806695,-0.44692221464077625
chthoniobacter,0.6293858288258812,-0.6019135069840797,-0.488540330923713
citrobacter,0.5200790483130584,0.5074202244804423,-0.1547057443194893
cloacibacterium,0.4126028434011933,1.005692416146021,-0.34088727188243845
clostridium,0.43431895398821324,-1.1678546911231362,-0.9790086321247065
cocleimonas,0.33105710741439787,1.3377205048277536,1.022114289798105
cohnella,0.5841485108063752,-0.9797355821835314,-0.6297848018797091
collinsella,0.3393107216425456,-0.7558398840551683,-1.861995101170879
colwellia,0.41970236656251503,0.07527302868594749,0.05722487709827606
comamonas,0.43416834357294737,-0.2884891638991239,-0.16019165952874492
coprococcus,0.18886415768956055,-1.0847781476110092,-1.1986202024070818
coraliomargarita,0.26792922755551046,0.23035961555819484,1.2076191503915512
corynebacterium,0.2876690192268086,0.339734338181597,0.986028018606301
coxiella,0.5334218606687023,-0.0012636851215030746,-0.3566028832721622
croceitalea,0.5267028253584913,2.031146800518453,0.18379233281655313
cupriavidus,0.6817447318579385,-0.4388913040414109,-0.5672644406132448
curvibacter,0.5044190435450112,0.510852692158194,0.5286799145084764
cutibacterium,0.48073057678741055,0.048903564738806325,0.7558669092252605
cyanobium,0.35892243516543587,-0.20042023642284015,0.5918659492806323
cyclobacterium,0.3940829775953781,-0.509669832427361,-0.9159439973491768
cypionkella,0.6713740964664662,-0.13985678096726514,0.4123485655688633
cytobacillus,0.6865063838274444,-0.5872543139175478,-0.12291491619753031
daejeonella,0.4454496456804238,0.38260719047726305,-0.9028474143083719
dehalobacter,0.3727766835860448,-0.18054317544193912,-0.9471612951614417
deinococcus,0.3870787178396647,-0.2541305904376237,0.45756698292723363
denitratisoma,0.3561292592801894,1.2350946748359732,-0.22198736640640235
desulfatitalea,0.3740833121504708,0.19382555116136746,-1.2038869676836352
desulfitobacterium,0.36987597632354435,-0.6704604364813488,-0.810384165295307
desulfobacter,0.5132916204652013,-0.21543360880187423,-0.4900650632320691
desulfobacula,0.6315145847906548,-0.5889708386382437,-0.9491679298596013
desulfobulbus,0.48507490096846123,0.224979846841296,-0.19301939748158933
desulfocapsa,0.4189513067673037,-0.44665520052785507,-0.8619004373305128
desulfomicrobium,0.49962462155292553,-0.42624742686585043,0.3509430863137734
desulfoprunum,0.3885125620845591,0.7550247259921485,0.7535249133981818
desulforhopalus,0.48050871373859555,0.023329323932407168,-0.556719281848079
desulfosarcina,0.47411254459012264,-0.6159038261988772,-1.0070539990321081
desulfosporosinus,0.464676728351103,-0.694795910141536,-0.8827298153282643
desulfotomaculum,0.5548769407700646,0.04253325183917755,0.07570609837685038
desulfovibrio,0.44035291553591227,0.05609960842771366,0.027590194389876078
desulfurivibrio,0.4625566582918129,2.231125399307152,2.092867996865864
desulfuromonas,0.4447453931923003,0.25669063481332477,-0.8055746743715918
devosia,0.6151150225854168,-0.49052556629727273,0.9714911601851665
dialister,0.3594338966164928,-0.10595126522037313,-0.1000140824880693
dickeya,0.49542440972948154,0.8579868417550223,0.07122836217989874
dietzia,0.34839785142022117,-0.06860511495045081,0.581452317494077
dokdonella,0.6335095022834903,0.9703913025876275,0.7289809903317089
dokdonia,0.5252083789502152,0.08798847432637331,-0.1462343436710974
domibacillus,0.645862312553073,-0.3436571279478087,0.49075734083070605
dorea,0.28817939627588707,-0.738201359167209,-1.3457173211401743
duncaniella,0.5178993192603525,0.11909364324930494,-0.6353907936593487
duodenibacillus,0.36618435853527215,0.8454645144632075,0.06669816804961286
dyadobacter,0.5892289689440988,-0.989165630368551,-1.1230878844309167
dyella,0.6290743017988137,-0.12723895099944657,-0.3424053373991906
dysgonomonas,0.5367570098755208,-0.3319006199885091,-1.0813941426131726
echinicola,0.4524626169691696,-0.46102622564285106,-1.0424691344373418
edaphobacter,0.45344228336315534,0.13822445327011387,-0.4799712030067186
effusibacillus,0.4733448366107062,-0.2012323916332231,-0.3408866515738905
eisenbergiella,0.23136410674021474,-1.44975995957339,-1.2860698539206097
emergencia,0.4830092058745284,-1.365751993607496,-1.9743190591558333
emticicia,0.6230047653517508,-0.744139623548826,-1.1170335196881278
endomicrobium,0.7001758355897258,0.5445568743585085,-0.4289352514675868
endozoicomonas,0.3251737777750725,-0.8191094298387259,0.10873229768719765
enterocloster,0.3927186167745974,-1.4251951865856396,-1.3255120252881365
enterococcus,0.501842390540906,-0.25270181839366024,-0.291327778551163
enterovibrio,0.21335119101783648,-0.21910726726654559,0.3282505901940873
erwinia,0.6313045924211823,0.47786337704315585,0.1972539598117617
erysipelothrix,0.33678688509125587,0.3419156231755731,0.7201302222271303
erythrobacter,0.5779613082003392,0.6099276000432953,0.7372873725022117
escherichia,0.5065789470522745,0.37647341913834026,0.11668253798273669
eubacterium,0.3833400110298017,-1.0652938556693905,-1.4859778266881112
facklamia,0.11048427312481209,1.0166955178037038,0.31235046783532144
faecalibacterium,0.45233070696323313,-0.9241023379739967,-0.9794387676400109
faecalimonas,0.4683224226096147,-1.0791413927433646,-1.091193143995496
ferrimonas,0.46606641339579213,0.584568240305832,0.6908923762159598
ferruginibacter,0.5649177316449907,-0.19903347238251115,-0.4500338901812484
fibrobacter,0.41546980886166807,-0.8040604059776374,-1.1235511203997919
fimbriimonas,0.5995167716118215,-0.818794518467864,-1.2012653364666637
finegoldia,0.40353068263863323,0.33940911296568516,-0.36010383747392655
fischerella,0.3963429024758343,-0.3975609464274555,-0.3417735119140775
flavipsychrobacter,0.5478900058640966,-0.4910302330128505,-1.0467437159023694
flavisolibacter,0.5510071243921572,-0.0730884155305844,-0.7208877416403688
flavitalea,0.5656876002668171,0.19239004017881312,0.41975646999694133
flavobacterium,0.5670922577691232,-0.012933230585863941,-0.2575854535947876
fluviicola,0.581366630656288,-0.40819450935518664,-1.109862773595981
fournierella,0.3679446682358798,-1.2406477632698008,-1.3454707615995216
fundicoccus,0.21410592581182558,-0.5659290820713011,0.0694105913817097
fusicatenibacter,0.47469844287123847,-1.3289246343502192,-1.0958785991828421
fusobacterium,0.3667075177876459,0.7079495960631279,-0.45274051351244327
gallionella,0.49031790921978663,2.092989175998782,0.22167675550902372
gemmata,0.5807852235595886,-1.5585126161963418,-1.266150171479082
gemmatimonas,0.6388172731963989,0.10357964615374862,-0.5625100522813331
gemmobacter,0.5067933670688385,-0.25344190895906754,0.7227143299909679
geobacillus,0.5547201987939698,0.25534563918662173,0.8116793165303628
geobacter,0.3163722727352489,1.320635011532659,0.21089640597877715
geodermatophilus,0.5334207401942496,-1.2904563207080577,-0.19203376252169127
georgenia,0.5846949450751481,-0.5786598094683745,0.23448582520470546
geothrix,0.4046236567346176,0.5057159266318282,-0.6924964392992716
gillisia,0.4868406083139722,0.5995628070777246,0.015134961508198555
glaciecola,0.6138164193050177,1.984871024699135,1.442357344189719
glutamicibacter,0.6419754440354327,-0.26963740511233836,-0.19357349510405678
glycomyces,0.4919485825433095,-0.9775628297266454,0.1462331165636787
gordonia,0.588076031531957,-0.7867215507452311,-0.2816323015585471
gracilibacillus,0.5387509457390205,-0.6574355611319856,0.5519151342780875
gracilimonas,0.6659520682520876,1.1989822689322351,0.038779904828521485
gramella,0.5539680950446965,0.7469939939356168,0.49636696368147987
granulicatella,0.24718396107292684,-0.8476959211492441,0.8936118857484889
granulosicoccus,0.568821822603001,-0.19368788158207276,0.4598486781768949
gulosibacter,0.5484730391130204,1.0691374540776193,0.6490034872509973
haemophilus,0.2893727171097738,2.4359665206083423,2.4145702764844823
hahella,0.6243535999743711,-0.426111650514974,-0.07871865595464538
halanaerobium,0.778368109235011,-0.16198704523021787,0.22528168052412922
haliea,0.5321549925810348,0.8791977807005847,0.6920640215162408
halioglobus,0.3296076563008321,0.6578814238295878,-0.05114019458106231
haloarcula,0.4070590179693871,-1.2706684546838645,0.014628839553285788
halobacterium,0.15294071831434422,-0.7242236712571076,0.27182673462342327
halococcus,0.2548719076776295,-0.9225374283379933,0.5968166259687082
haloferula,0.5837820712873274,-0.17790996088873778,-1.729939997828949
halolamina,0.5761398890488455,-0.7681537877739041,0.9278286978170007
halomicroarcula,0.49451169035015163,-1.6578286891117509,0.24819827833350044
halomonas,0.5520971831773064,0.39863887640930185,0.8029497899937234
halorhodospira,0.46185692839748893,0.6773231183875195,0.5381733964130042
halorientalis,0.285826843417588,-1.5345550579823333,0.1841960133637793
halorubrum,0.6154863842612739,-1.0682327341933135,0.5588481800478478
halorussus,0.404791721830902,-0.9989256518927881,0.4330335719398296
haloterrigena,0.34064739335814354,-1.337646265128034,-0.046392310275602144
helcococcus,0.13802742214373578,0.2639897629994322,0.3131171942533582
helicobacter,0.4002994668834214,3.09227547760171,1.0818683927516055
hoeflea,0.43143199090223705,-0.28703174129576464,0.5923418726314925
holophaga,0.3854270733521546,0.9150671236213548,-1.0681590737834614
hydrogenophaga,0.6474363151278605,0.12078793949341726,0.3851334295015396
hydrogenovibrio,0.5494483729958348,3.426919915917174,1.6310778404187174
hymenobacter,0.5694127954602323,-0.8171316446718352,-0.8693953198336356
hyphomonas,0.5446954869552572,0.941813915180356,1.1218886990025465
idiomarina,0.4724012080596585,2.7785142363768807,1.7736073900528733
intestinibacter,0.3183838003281547,-0.1576268927490739,0.05910283262780986
jannaschia,0.535950689402728,-0.34172671064002447,1.2197362802092926
janthinobacterium,0.6630495309788808,-0.6665987326201703,-0.5453851443025476
jeotgalibaca,0.15010648361207257,0.6704191386912286,1.020779646544973
jiangella,0.6899278519838207,-1.4860450346347722,-1.0078946940882803
kaistella,0.29802819117204377,0.6630971328166569,0.021874130327552477
kaistia,0.5326164391548038,-1.0669119624303123,-0.17971264415479304
kineococcus,0.5771368920206318,-0.6264558186432015,-0.2668553130721092
kineothrix,0.47169726966902426,-1.2771633831069618,-1.3390665930450676
kingella,0.2569243729222643,2.7017555366241526,1.1128058206992941
kitasatospora,0.6188579058207049,-1.4812057900254836,-0.9615475464805422
klebsiella,0.519548211020572,0.46581786296518646,-0.08201944692418014
kocuria,0.3921469511225786,0.8506888310773395,0.9921812191711262
kordiimonas,0.6433319841681281,0.5413097081427206,0.26319223219655735
kribbella,0.5677036627294211,-1.5513679932731497,-1.200881512850003
labilithrix,0.61563228275171,-1.3032042102177686,-1.1235495621328127
labrys,0.5704167829981757,-1.0731640183100226,-0.46972950599523217
lachnoclostridium,0.4805607050651348,-0.9535105370662148,-0.9920965425393927
lachnospira,0.37271362941766256,-1.088325821798513,-0.9758605518301254
lacrimispora,0.4263040086381853,-1.0295099787224193,-1.1504261780285252
lacticaseibacillus,0.30031985959099766,-1.3815296268190793,-1.3227360478312737
lactobacillus,0.362405688210446,-0.5203294964489383,-0.6398205572783916
lactococcus,0.21442998337960795,-0.6979228248549193,-0.0366622392491195
lacunisphaera,0.7085621334696649,1.4997172387205275,-0.8178916952151175
lautropia,0.46460628154372763,0.5460445668480706,1.0451129217783646
lawsonella,0.5888779952825025,0.4283402470288398,-0.2894830394207784
leadbetterella,0.34146481691751024,-0.66832966411558,-1.112957254787351
lederbergia,0.4888980196336442,-0.574490979804409,0.05717228470951732
legionella,0.6015223080026484,1.2267430720135177,0.3687854789577867
lentibacillus,0.3990533980370754,-0.4755521996886103,1.0464680739939507
lentimicrobium,0.3623961855880496,0.050912331022991905,-0.039086850984454614
leptospirillum,0.3716102095517318,4.773433465278672,0.6779157406135591
leptotrichia,0.4334175307445059,0.20308606302820978,0.642458099305462
leucobacter,0.5291479386129205,-0.47229604045961315,-0.06853605831516786
leuconostoc,0.26933624622720614,-0.22537641643621295,-1.085092892731295
lewinella,0.5469639437376901,-0.8320978341697232,-1.6331799282561879
ligilactobacillus,0.34248875165957854,-0.30077576688718916,-0.5772419260498565
limnobacter,0.3735223318139602,1.8072113223694406,0.5979820320261012
limosilactobacillus,0.37356021185563504,0.014210241491716515,-1.4270430638959462
listeria,0.5467946602040787,-0.6024287084315672,0.038694586123836965
loktanella,0.4798692253139512,-0.09900651743141116,1.224539871526132
longibaculum,0.34044578129518793,-1.2820221027072478,-2.124492216661662
luminiphilus,0.23859729003109126,1.3971559022309876,0.7562715772042439
luteolibacter,0.5257651221469992,-0.4923153118973929,-1.6181892610972126
lutibacter,0.4211960025080475,1.0633497221213855,-0.3038005749273161
lysinibacillus,0.604339498765706,-0.3979712817616227,-0.026712942338383512
lysobacter,0.6105566107875763,-0.8255046063420742,-0.3894410545108326
macellibacteroides,0.6211204220986676,0.6563219527949266,-0.515637471197269
magnetospirillum,0.4046799247481441,0.44321300550864223,0.6577702026100315
malaciobacter,0.4898024676537765,1.6994912940648854,0.2886734269460188
mangrovimonas,0.5329501305440311,0.7337766761659762,-0.29370063204340435
maribacter,0.5136777272669578,0.09268120104336318,-0.3881547892833676
maricaulis,0.2176144876220027,0.9205319119598377,0.8207614139096405
maridesulfovibrio,0.3504229629865326,-0.24103956419830372,-0.9903978170891455
mariniblastus,0.39605106453270567,-1.1837883983441857,-1.0027355987921682
mariniflexile,0.7079573322596148,0.16275769584460925,-0.3722064586987432
marinimicrobium,0.5651487211751884,1.195439802443623,1.3116725018398578
mariniphaga,0.663701891542575,-0.176961270406345,-0.42126821362474287
marinobacter,0.5500217658285885,0.47307616536351416,1.1903904154717668
marinobacterium,0.5705107105859747,1.2306885567249688,1.4665534814076147
marinomonas,0.6019998925884007,0.03477440173612445,0.23577885232789422
marinoscillum,0.5131439644486703,-0.6336942672206801,-1.4782888825452212
mariprofundus,0.5610428932732567,1.6465170428678362,0.6459543624487378
mediterraneibacter,0.3903209873086062,-1.1515055816567878,-0.9149444301116029
megamonas,0.11680981165669457,-0.31427498173320195,-0.9376058867530861
megasphaera,0.2976073920756542,-0.6500149742924365,-0.7227318829649696
meiothermus,0.4278178755847498,0.03849696577726284,0.8007579041478284
mesobacillus,0.5296328760207206,-0.7636122409059674,-0.30167319883280674
mesonia,0.4576076758776529,0.57814268030404,0.29829139852705083
mesorhizobium,0.6671616081680284,-1.181499819548866,-0.5767302928991205
metabacillus,0.5799752788725834,-0.5376440202828301,-0.02975693385525768
methanobacterium,0.3839775358709839,-0.13315262522948657,0.9791648478373411
methanobrevibacter,0.4459872493464726,-1.3683380606716549,-1.898720190638306
methanocella,0.31245916128136625,-0.9407428408685744,-1.4904728907679465
methanocorpusculum,0.3734852022938417,-0.5305201223181493,-1.1174512829167316
methanoculleus,0.6835883101364337,-0.6404840629908328,-0.012383259669041047
methanolobus,0.8786909761448739,-0.2633526209532017,-0.5035929407491124
methanoregula,0.28387878955486845,-0.40310376350528915,-0.5780833596381951
methanosarcina,0.3149472121763959,-0.9473892900045819,-0.33022014668395316
methanosphaera,0.3814628351878365,-0.477778094297561,-1.7755060460015577
methanospirillum,0.375260957028355,-0.7024875437254281,-0.2750859387066373
methanothrix,0.5643536315619844,-0.3422657080831949,0.3165203449365526
methylobacillus,0.5246072598390912,1.0781065914911057,1.1858861519646506
methylobacter,0.48971348918373153,0.03382271106355352,-0.05653525323745333
methylobacterium,0.6117575506333053,-0.5200596155526959,-0.24413006524703604
methyloceanibacter,0.7378089663177737,0.8851086023879507,2.5112577387392507
methylocystis,0.5868253445237883,0.9645952237623563,0.9133664340806753
methylomonas,0.22767640387355437,0.6323851939919329,-0.42055549342823356
methylophaga,0.5721133999697874,1.895700157446571,0.9944196310823001
methylotenera,0.5688003266262962,4.4154290098251066,2.5150793702571863
microbacterium,0.5302310753003445,-0.3874017662688282,-0.23648327496035637
microbulbifer,0.6152095180096994,0.6009459006083981,1.6292321720751484
micrococcus,0.5824981878867141,1.211614443129799,0.8788595436870812
microcoleus,0.42928129395094655,-1.4274004160565792,-1.3349804569045314
micromonospora,0.6688260867640984,-1.4518795525684753,-0.8729497220522245
microvirga,0.5138089597460048,-1.1983055395212874,-0.6844944454777839
mitsuokella,0.32321769993145033,-0.33064363310551315,-0.9216953728430087
mobilitalea,0.4498793104745588,-0.9185724607479911,-1.0239729143973204
moraxella,0.20093625728659448,2.3034747782763367,3.1852283188232033
morganella,0.6371702034490152,0.3429493124724755,0.3977652954633752
mucilaginibacter,0.48687554898162283,-0.6738765409858652,-1.1429890219098156
muricauda,0.28053450764682064,0.28833165554708173,-0.6325158125850402
mycobacterium,0.5381232664678698,-0.6143071056695785,-0.019192516799954564
mycoplasmopsis,0.30657484790200656,-0.5758384196090844,-1.2296771914603217
nakamurella,0.6002269284537075,-0.48827212890812616,-0.8975925757896956
nannocystis,0.5900712737054904,-1.3857010739911486,-1.690796401447184
natrinema,0.5516843685068475,-0.7289948953734673,0.2534254771373141
natronomonas,0.20853983296950257,-1.0914717715370725,1.1510089772757546
neisseria,0.379123708983296,2.114922875384097,0.8522107743672284
neobacillus,0.4981917073175693,-0.7624164333929656,-0.19588497320142753
neptunomonas,0.617948581276807,0.34863646375948737,0.8294713323072987
nesterenkonia,0.47142534965435035,0.07707377610536846,0.7549726723026848
nevskia,0.5415517595730027,0.5534952265421046,0.22671096627727502
niastella,0.6530054613877312,-1.3133088076568724,-1.756744265369025
nitratireductor,0.46272532712434317,-0.634410168326759,0.8220407110570203
nitrosomonas,0.5731962891649852,1.81666048675132,1.5647804541774062
nitrosopumilus,0.5271364902373888,-0.5778512870969617,4.170216375515016
nitrososphaera,0.6144504208184313,-0.794126573107908,3.5062729789221336
nitrosospira,0.5389558718662503,1.1870095323174041,1.2332306000308657
nocardia,0.6582685101575604,-1.3091546359227222,-1.0211286601727327
nocardioides,0.6083804081932074,-0.8163532155522434,-0.22247343335080627
nocardiopsis,0.4724233839716921,-1.232045080695308,-0.2230378562398163
nonlabens,0.42026911813790413,0.5451851312378577,0.4498777229848079
nonomuraea,0.6808467858036384,-1.7398873388181093,-1.0154444476373916
nostoc,0.31851831003102204,-1.3858386144586645,-1.380690339497156
noviherbaspirillum,0.6080749474141645,0.03702804945933981,0.06980427989713452
novosphingobium,0.6466324529472472,-0.008721695203308254,0.005392733149511039
oceanicella,0.6635856546978547,0.6779500855536151,0.7569008216214532
oceanicoccus,0.43144264216103473,0.3304765912626403,-0.5819375553181577
oceanisphaera,0.24351331691543984,1.305617127385853,1.7332018953591855
oceanobacillus,0.568096904720069,-0.4477303111622301,0.8069097787069992
ochrobactrum,0.7265480006884963,-0.7094904211729564,0.8971077194242222
odoribacter,0.14326395773848175,-0.9139090813076634,-0.6635743427994275
ohtaekwangia,0.5049666877958766,-0.4741461473867906,-0.7867429103649085
olsenella,0.3318811782376583,-0.7728572537459095,0.3456866036904005
opitutus,0.5645630747834159,0.6977263343506664,-0.6330563760943888
orenia,0.589852433849112,-0.5858953636863464,-0.4382799733929498
ornithinimicrobium,0.4166637391977389,0.076831166454325,0.1124749675891393
oscillibacter,0.31519742769577525,-0.7544843320014321,-0.20010874244233068
ottowia,0.5468964010088563,1.053913033578165,0.9685667712024688
oxalobacter,0.6305560193993875,1.1413367551082898,0.918714122811818
paenalcaligenes,0.2986337043862994,0.8538323717727216,2.098806014584642
paenarthrobacter,0.5111470771618418,-0.5583643704323301,-0.4148416105549952
paenibacillus,0.6241691699155036,-0.9494007639144144,-0.7680012269634112
paludibacter,0.416944685506041,0.19586420975531618,-1.345946719484588
paludibacterium,0.346544161888557,0.3335923745961998,0.0007562614482574807
paludisphaera,0.6858661331720506,-1.1121839500776804,-1.3124679855591534
pantoea,0.5769662159794652,0.11933041702330509,0.1087253889633853
parabacteroides,0.4338148837227338,-0.6684866125209903,-1.1150519090706765
paraburkholderia,0.5922001623958121,-1.024230021815158,-0.9193168341829313
paracoccus,0.5628981919456705,-0.05095298613648997,1.2634599556006043
parapedobacter,0.4990652989233099,-0.8936197978987706,-1.1394523233257239
parasutterella,0.30456290505440275,0.08807726401939397,-1.0484162449826098
parvibaculum,0.6342442232467785,0.6297943800775313,0.9735988293604269
parvimonas,0.33464598470826445,0.7834225798785339,1.2460355863637913
pasteurella,0.3917367830010304,1.2526990068553279,1.5026454653986994
pedobacter,0.6023852478963232,-0.8133624560825536,-0.9760845952541651
pelagibacterium,0.570316636128362,-0.3705168787362598,1.1947156075964855
pelolinea,0.5485274378870898,-1.4124055260265405,-0.10998737773312704
pelomonas,0.5752371579670594,0.06156163858487674,0.09610536379645919
peptoniphilus,0.30615454180346446,-0.8763510020970943,-0.6418410504605175
peribacillus,0.6852264566736569,-0.7292581850532264,-0.5256737639441131
petrimonas,0.5347842072502783,0.6122571673158858,-0.2984712624975857
phaeobacter,0.5427092179619883,0.11221314412486753,0.6834073295854921
phascolarctobacterium,0.43682401694202383,-0.500464520241763,-0.10477347370233289
phenylobacterium,0.5472085081101212,0.2601496171754526,0.11671214674594803
photobacterium,0.32809422670366306,0.19174778630478806,0.3678952062593088
phyllobacterium,0.523764042963373,-0.8745838015450372,-0.1421897960606421
pigmentiphaga,0.6410673760810762,-0.28022450560001716,-0.563038674004479
planococcus,0.46403502429043736,-0.10260113146856802,0.8306599868950103
polaribacter,0.43950627210699333,0.3570160200310339,-0.3190160947115761
polaromonas,0.632706816841513,0.4125163569606728,0.6856974240711771
polynucleobacter,0.4824473073431999,2.5856241977523324,1.6303060820995001
pontibacter,0.48692541780825205,-0.3620491076306657,-0.8290004633576897
porphyromonas,0.3470850398133121,-0.09758768488273804,-0.4624215886779707
porticoccus,0.4757525941402914,3.510086692023379,4.197413733208681
poseidonibacter,0.5372184944031271,0.5453809965362794,-0.030964465481534878
povalibacter,0.6461909638153857,-0.4725779583702649,-0.47651571832828726
prevotella,0.432888650997155,-1.1316046987625175,-1.5910952466607118
priestia,0.655920079870747,-0.45215334677089575,-0.2995673045554612
prochlorococcus,0.48966226624866127,-0.26755892249038415,-1.0093510941338606
propionicimonas,0.5024226784697211,-1.0356485501952295,-0.055545987704652404
propionivibrio,0.3644489767820636,1.1117091806911115,1.0071676334348127
prosthecobacter,0.6216190053675025,-1.0326250150133045,-1.8356915219791596
prosthecochloris,0.5407692235555134,1.19461632415666,0.03565958193148845
proteiniphilum,0.5570687581796465,0.8572656703329987,-0.23890959720899466
proteus,0.5746973492063635,0.4201328846075097,0.5269452868520216
providencia,0.5778066973774325,0.21286986847079625,0.21322637458373203
pseudidiomarina,0.5994684417088385,2.7951441118175575,1.707286097071749
pseudoalteromonas,0.4338406057655891,0.2729707436850734,-0.011177814225491389
pseudobacter,0.6216767219132286,-1.287119891703276,-1.5827124553003071
pseudobacteroides,0.32261011831100245,-1.3718979875487984,-1.2616305114597592
pseudoclavibacter,0.504874656451254,-0.729091629954956,-0.3171248841900564
pseudodesulfovibrio,0.5538747523403852,0.13187225557632715,0.0819453606630016
pseudoflavonifractor,0.2897544188243766,-1.226993508075453,-0.9925874377617948
pseudofulvimonas,0.6135065227889246,0.5171577676401988,1.10104524417797
pseudolabrys,0.6563530625204167,-0.1404403603572461,0.3148505415818172
pseudomonas,0.5382095563748913,-0.26907429356849677,-0.14164828621044875
pseudonocardia,0.567055804476865,-1.023955013325614,-0.7848720068517075
pseudooceanicola,0.598075125764088,-0.11477054829114149,0.47885275821110124
pseudoxanthomonas,0.6113429131638582,1.0042618569887587,1.260353199440132
psychrobacillus,0.6318174703927361,-0.6075565380032197,0.3705528308298269
psychrobacter,0.1691360055772341,1.0381121131019928,1.9597583959462
psychroflexus,0.42545721884149806,0.9003998893077315,0.25871484330974287
psychromonas,0.46503719068880234,0.4880409216213715,0.6994008429110268
puia,0.586664244448808,-0.7527510482509346,-1.0928239418396606
pusillimonas,0.6044314821051983,0.08090096408279789,1.2863662435920344
qipengyuania,0.7033597563022436,0.8359513696605678,1.4997660931931385
quisquiliibacterium,0.586895817582311,0.8560981583035915,0.37080270152023326
rahnella,0.44636716896970696,0.1425179339182642,-0.4699242908727761
ralstonia,0.6666269632320503,0.028330860122545126,-0.1519849308480233
ramlibacter,0.642509640877232,-0.13631318572304257,-0.3825335201803319
raoultibacter,0.5591194375850399,-0.6150278940717159,-1.886143198479253
rectinema,0.49431973521152944,-0.5053220552310573,0.34680195388118445
reichenbachiella,0.6500363102942307,-0.37177022121800307,-1.3222921777392085
reinekea,0.5295766206205698,1.4468255383366577,0.6059857806868472
rheinheimera,0.47284856884709137,0.8499465295392395,0.43730471332731735
rhizobium,0.6336441561713981,-1.2157594550479716,-0.2207588391579873
rhizomicrobium,0.5000233661290278,0.9609118753420286,0.37705492490874204
rhodanobacter,0.6240075981606502,0.9495726116393861,0.20501212632395938
rhodobacter,0.6356128038115301,0.17227859069927448,0.05424588556442002
rhodococcus,0.5501789628575118,-1.0190349604297975,-0.6368140820611352
rhodocyclus,0.4063916425017596,0.6423577173865862,0.00022315483433707944
rhodoferax,0.677605497860235,0.4995825963974529,0.11737884788846298
rhodopila,0.675254811015202,-0.6470315133542607,-0.6194646529109363
rhodopirellula,0.548856705860633,-0.9918910747921014,-1.1978375501023086
rhodoplanes,0.6121898144272604,-0.6086875303902345,-0.3070695681818742
rhodopseudomonas,0.6201126948756657,-0.10800907873344362,0.046119908659308664
rhodovastum,0.5068540115922929,-0.7427000448695609,-0.84936045568703
rhodovulum,0.6415559693323225,-0.08390389856994664,-0.05984007401096825
rickettsia,0.613751278891231,-0.4426289247816121,4.714639887019487
robiginitalea,0.5780398810991689,0.2584721860921568,-0.16309834991580377
rodentibacter,0.33254810933336293,1.4902853806048708,1.6696019230359682
romboutsia,0.48637059074386024,0.40304556523701707,0.46219111501661847
roseburia,0.33182210768959686,-1.214879629998481,-1.796824442697417
roseiarcus,0.36479387286547477,-0.6308720580438183,-0.023418367913507057
roseiflexus,0.21878801099030315,-0.7841949261794228,-1.189253416846526
roseivirga,0.3893706450801086,0.07544466862271974,-0.7642078286710499
roseivivax,0.4216887834821227,-0.502589214387771,0.9241048604902683
roseomonas,0.5061003418787824,-0.3237016527694872,-0.3169137871069042
roseovarius,0.5087487412789228,0.1163227166174572,0.8912012392507247
rothia,0.429005280941731,0.577349584961473,0.8599628926660515
rubellimicrobium,0.39983771286911896,-0.5165068781900038,0.40551977925166727
rubinisphaera,0.5245625816911058,-0.7422646620107679,-0.5941641522572851
rubrobacter,0.4514332482949554,-0.34318989832139757,-1.4262033447617468
rudaea,0.5944815800307418,0.1539669137216113,-0.4500151083713426
ruegeria,0.4941287142811694,-0.13806175629073403,0.7253840027181181
rufibacter,0.26574404021369114,-0.3214797206011502,-0.7166949050852965
ruminiclostridium,0.31040326796391327,-1.039833269236239,-1.1946354024544474
ruminococcus,0.4303810140469673,-1.165355665283002,-0.47555007620890394
runella,0.5904084226455253,-1.1721967012288896,-1.6129565878786012
ruthenibacterium,0.5320506107239884,-1.139230399926405,-1.2103761555229942
saccharicrinis,0.38821500633038586,-1.2101455285892597,-0.8514271342628912
saccharofermentans,0.46356453758016763,-0.9760643360629861,-1.0001641782863049
saccharomonospora,0.5273746792811326,-0.821662384491083,-0.1656343755966886
saccharopolyspora,0.5400384943826115,-1.3544700589022836,-1.084702646395592
saccharospirillum,0.6189257053382212,0.3676620622334342,1.730418045471075
salegentibacter,0.4893758678809536,0.40030661224385017,-0.06247419528804665
salinibacter,0.19619563901405945,-0.004175750675325664,-0.08021102851451106
salinicoccus,0.2557782583890296,1.3807734479471891,1.8762636599312619
salinicola,0.3901628494886822,0.328171323399321,0.20312490881272152
salinimicrobium,0.5031572837772694,0.737733513894012,-0.2908726962821216
salinisphaera,0.5134278368943588,1.7075894937324343,1.2997809674456722
saliphagus,0.34071195726688736,-0.8884569618441255,0.13914000575405483
salmonella,0.35517317611204086,0.6282745333863702,0.12985045599185963
schlesneria,0.4977598371639451,-1.2426643258743832,-1.3450792021101239
schnuerera,0.6898841195409371,-0.2288334567568907,-0.2152109188499422
sediminibacterium,0.5621968375163328,0.15661688092960147,-0.40284881256098687
selenomonas,0.3077690989109211,-0.3313373938779079,-0.5683775267546648
serratia,0.5321898466545881,0.16120913095820733,-0.03786217116561635
shewanella,0.5180014173814038,0.29125342528012854,-0.20722894995413635
singulisphaera,0.6092516783047313,-1.3317528906174851,-1.6458137641101507
sinorhizobium,0.5979539322170964,-1.1819582688404293,-0.24331511121594065
skermanella,0.6393873533699287,-1.3822381503251773,-0.3888220586687673
slackia,0.16859318784754937,-0.9686827895620973,-0.25524247020508445
sneathiella,0.5514271494624051,0.6310773286113512,1.21526987783426
solibacillus,0.6915152905699923,-0.47090896157936163,0.5190583703549367
sorangium,0.5846566304416284,-1.7979021016199837,-1.691561578000954
sphaerisporangium,0.5158154875648016,-1.8463788073417449,-0.8186702063000159
sphaerochaeta,0.6793267665658097,-0.1422704302039432,0.26152002597094914
sphingobacterium,0.5398044624688473,-0.6577904977178043,-0.6928449129826413
sphingobium,0.6303152717725025,0.2271919197735002,0.134689154691595
sphingomonas,0.5327885036503277,0.10728180386162693,0.13488181934954796
sphingopyxis,0.6265548198825109,0.14546620180386569,0.4955048328772297
spiroplasma,0.5552693212086115,-1.3069041314275633,-1.7521668694298462
spirosoma,0.5366690423071296,-1.0558543471617643,-1.471829253312918
sporolactobacillus,0.5910014281347359,-0.09356027664293255,0.16945575849598474
sporomusa,0.43382126491510326,-0.45360201067693534,-1.022986171146676
sporosarcina,0.6099848430371752,0.14831296062072874,0.8286932448349715
staphylococcus,0.3755869212783757,0.42014308221064484,0.22298938240899663
stenotrophomonas,0.56110570505017,-0.13796751742077293,0.06918590807284843
stigmatella,0.6947181437223352,-1.6805691802149487,-1.2142362995012477
streptococcus,0.36768916497929166,-0.3573961255645568,0.48023928156054124
streptomyces,0.5894255492131495,-1.483480220502205,-0.9016723766169488
succiniclasticum,0.48517340031698014,-0.7660494638643507,-0.6762320075917851
succinivibrio,0.2411112232990993,0.5463720625271785,-0.7378621296699849
sulfitobacter,0.4696137995550181,0.24740263232192267,1.042932636830001
sulfobacillus,0.41326938135666774,-0.6107995521801344,-0.5915390974242494
sulfuricaulis,0.4772800178220043,1.4608057605386433,0.9110302680196961
sulfuricella,0.36549316085412414,2.544930465685517,-0.8272450171660459
sulfuricurvum,0.3454863071694326,2.3830454491015423,1.0850030036769767
sulfuriferula,0.43742686759967947,2.080003222177754,-0.03890082524618415
sulfurimonas,0.5841273725971909,2.135429493956845,1.0755507207605317
sulfurisoma,0.4958370679042478,2.016345022590461,0.8190423744857741
sulfuritalea,0.5598991320874498,0.8963877533165879,0.22420890893767284
sulfuritortus,0.27054510823328215,2.2951275900854795,1.2988749363773022
sulfurospirillum,0.40076013700419977,0.9347522007011148,0.9626587673711319
sulfurovum,0.5123044350004268,2.936874771586277,1.9134187817901351
sutterella,0.32314286130509356,0.5845281833389471,0.2960852137038714
symbiobacterium,0.5505508872839722,-0.6225067447461682,0.3014313914169258
synechococcus,0.28082076143338486,0.3970255798982245,0.785774990486763
synechocystis,0.2011092194714435,0.7574712845035338,0.5224603991505435
syntrophaceticus,0.5148429671017171,0.17706278744477694,0.21992766273072453
syntrophomonas,0.4842940096184801,-0.5285209523876441,-0.316698886079359
syntrophorhabdus,0.38250456082954115,0.39884019844039725,-0.5330783645208054
syntrophotalea,0.47293374792378656,0.2769380530965986,-0.6202013298504804
syntrophus,0.3398744759385417,0.031252059562480505,0.06361216531896911
tabrizicola,0.6694763735847842,0.020343013915457592,1.143424776032628
tannerella,0.44586210374585955,-0.3018403507834332,-0.34283580417109577
telluria,0.5035948179795151,-0.6994822268245191,-0.47220379397715195
tenacibaculum,0.37761983392087495,0.8668500586930494,0.10614413653323229
tepidanaerobacter,0.6303467278168028,0.40382642861007756,-0.6949385530192793
terrimicrobium,0.625983794032019,0.28819212624611273,-0.6121580897413134
terrimonas,0.6419481959331989,-0.12168394807956838,-0.3685929116655551
terrisporobacter,0.35586516318344674,-0.5016987350569109,-0.472526289955691
thalassobaculum,0.5376403306751686,-0.43063687241521525,0.7256956403703185
thauera,0.5271339866707234,0.9507522064251289,0.4797744449759405
thermoclostridium,0.6233168500153059,-0.6690629346695752,-0.6871562332632156
thermodesulfovibrio,0.5534642140879725,1.4153468005343,0.989889869384324
thermomonas,0.6915892931361199,1.4684618009340131,1.7522243341194244
thermomonospora,0.5604818544047416,-1.3028877098360119,-0.21868775161121662
thermus,0.5117927525991428,0.4092016855192976,1.828567776067057
thioalkalivibrio,0.6338651286322216,0.7635250345014897,1.2738783611245081
thiobacillus,0.4532077553711382,1.61056194012793,0.3957474836379299
thiohalocapsa,0.6437920234600509,-0.2628646905067104,-0.5534147949688178
thiomicrorhabdus,0.6228140880367513,3.193218781093443,0.5598132207659458
thiothrix,0.5417595221258862,0.4895519796171729,0.5010783753740814
tissierella,0.4951153121859062,-0.28019858268264464,-0.44291689974306553
treponema,0.3663977048633924,0.06421613820129422,0.5345430625166984
trichormus,0.25830049194487226,-1.2786143376780386,-1.2971413922923478
uliginosibacterium,0.4453763844284356,0.5929349578868154,-0.3943596327853581
ulvibacter,0.6252733816891223,-0.16151038758918576,-0.30114183592728117
undibacterium,0.5032620298848038,0.4551295220496379,-0.02629045333495925
vagococcus,0.5691308720822623,-0.8186865562097125,-0.21778815151861267
variibacter,0.567896015036925,-0.5291432836404713,-0.14166734479891172
variovorax,0.6274753837335001,-0.6900210132126358,-0.5547060757949918
veillonella,0.32815932926162666,0.38191006245382564,1.401074445960257
verrucomicrobium,0.6005044683511492,-1.3302274506986804,-1.7688359504415025
vibrio,0.40239817819393714,-0.09365260589925302,0.3455706037075455
vicingus,0.318933833083718,1.386804996289792,-0.3869041026981045
virgibacillus,0.6068803307630488,-0.6855415801188515,0.6223488974750997
vogesella,0.2747782751188311,0.26321206822369686,0.22662031619730275
weissella,0.273235735927182,-0.6186052224208144,-1.1557126009482828
wenzhouxiangella,0.6024526276302895,1.3208520168574802,1.7935515247209248
winogradskyella,0.3799894164698985,0.3978918932505907,-0.06330553758521722
woeseia,0.5782884638200384,2.2069324403929156,1.1683775779909744
wolbachia,0.5978828225867825,1.63716594830219,5.461882520533763
xanthomonas,0.5336726310114722,-0.6327666171624452,-0.22750585131603007
xenorhabdus,0.46506751134909613,0.416506208266031,-0.15788015605702582
yoonia,0.5542731577120891,0.29541673000270297,0.9759123726293456
zobellella,0.5918465363817605,0.9168665114611113,0.7190605154300432
zoogloea,0.5418412531519626,0.9024765160444721,0.20150351082504855
