genus_lower,biome_H_std,ko_per_mb_total_z,ko_per_mb_tier1_z,ko_per_mb_tier2_z,abr_per_mb_z
acetivibrio,0.4275926902345719,-0.926602294329764,-0.6039569906703962,-0.6514304221589292,-0.23608862491216925
acetobacter,0.46654571183649296,0.9824604841961331,1.0285155998085682,0.6066621415717235,-0.1381025987459427
acetobacterium,0.4637180779075109,-0.9249568672954805,-0.9850336933263063,-0.6717143842986639,-0.14046244641398997
acholeplasma,0.38738683009306457,0.29129803286259465,0.9764377593707179,-0.839369504006195,-0.2582805125838608
achromobacter,0.663911196804297,-0.5975330531736527,2.543269725576589,0.17380536762226223,0.45205202263025174
acidaminococcus,0.41941665400054295,-0.052727983107503006,0.9753779877024398,-0.7683394702821081,-0.11206000187864747
acidiferrobacter,0.55795754052461,1.3643754757120024,-0.321405737058957,-0.509550823866849,-0.22006379160275363
acidiphilium,0.22963588509471405,0.5544612744017013,1.6447771508338171,0.6760725486536704,-0.25367490477849086
acidithiobacillus,0.5108562922991642,1.5945205584897102,1.386508592750547,0.21529036597858475,-0.0979111074605113
acidobacterium,0.45402340948489,0.9601034150906731,-0.27072630896531275,0.3505937912802027,-0.25402006390137716
acidocella,0.25486878437356314,1.053230024775722,1.2452144511585448,1.3204143641129666,-0.23062076341610702
acidovorax,0.5942461547666732,0.18930308968018295,1.9756906335135072,1.3695892800103515,-0.009350061734186484
acinetobacter,0.5318247041287792,0.45680814104734146,2.140620022459483,2.0389961555723204,8.51652395367259
actinobacillus,0.3128527063692128,1.2539820556748138,0.37041155238434387,-0.6481647874129158,-0.050587160817528086
actinomyces,0.3913423322627311,-0.7196679241818312,-1.0785863034421346,-0.3940402007926323,-0.22298963111942724
actinoplanes,0.5675121701043155,-1.6976878975468528,-1.2247786972085575,-0.8718945452471865,-0.1714463423957372
acuticoccus,0.5712246877367455,-0.8667079248620565,0.2006600254197057,-0.489708337050143,-0.24987673248556838
adlercreutzia,0.5743913746928087,-0.9965634613567298,-1.0811636737631032,-0.8747941150352281,-0.21885837715980241
aequorivita,0.5545964870475447,0.6126463127359594,-0.037803151788350794,0.24120956995286044,-0.24717821674753476
aerococcus,0.1463801522387964,-0.258995429201161,0.5578995497049292,-0.45046939769661193,0.13952681075329648
aeromicrobium,0.5378366147963868,-0.2984455747415662,-0.6961744273431556,0.7167909766737716,-0.14007352283009597
aeromonas,0.5977557312446149,0.16977459337816977,0.9448162658581436,0.08560167581433178,2.4901819869599895
aggregatibacter,0.26223035120124677,1.3119967831327697,-0.22675632020856265,-0.22546247129403704,-0.25028752649190056
agitococcus,0.6848100927932987,0.5150269170309169,-0.11143417897164579,0.4377696307558871,-0.25237385496202563
agrobacterium,0.49483691931559026,-0.7810102584759262,1.0038002242599873,0.056345089023112735,0.14598042195830419
agrococcus,0.4437415228350886,0.7095396379230149,0.07874419911476761,1.6041350846906943,-0.24567174622069904
agromyces,0.6036268847267058,-0.6925224052745488,-1.1181342031686823,-0.032351907290975916,-0.1270286797408696
akkermansia,0.41530719622164114,-0.6700905387822647,-1.0025926936782155,-0.31013946987308355,-0.020537434526096958
alcaligenes,0.44731205754267633,0.33133577385325,4.372166311649876,0.6210737888939328,0.2012228706334397
alcanivorax,0.6877312356845666,1.0804400092326274,2.0608397465552932,1.9691121056102472,-0.10597026739643886
algibacter,0.3895206486198373,-0.22026597185561794,-0.3713009870588707,-0.30710307190150893,-0.2582805125838608
algoriphagus,0.5937753379533018,-0.25313525620907734,-0.5474243160566531,-0.1911600808091377,-0.20661014260222194
aliarcobacter,0.5424337068922996,2.043056892576731,1.023173539575886,1.6184565905855042,-0.021215110715715194
alicyclobacillus,0.536771097222252,-0.19876740535602974,-1.0181679011849927,0.5418631227544778,-0.2423978605940347
aliidiomarina,0.4302380925800054,2.4650965911313256,1.6203230986878314,0.9247931923225043,-0.23892264890226275
aliikangiella,0.7501167537138564,-0.043215972896197004,-0.5326002723146442,-1.329580242000613,-0.2582805125838608
alishewanella,0.6309664166151647,1.4472194439611248,1.5542579166527104,0.9845131329487926,-0.228982746742463
alistipes,0.3318654243727384,-0.7109926194590457,-0.46131708543070277,-0.8141560502425361,0.5059520484928549
alkalibacterium,0.41106325970604685,0.8204806581694353,0.15006042992359567,0.6961146605805765,-0.12765596527965878
alkalihalobacillus,0.5859885441348465,-0.6014614765943276,-0.16645461481932455,0.35963354405128944,-0.23814860807498586
alkalispirochaeta,0.5503103987295023,-0.9891261287318054,-0.9548841579130504,-0.12152751348186994,-0.24884359879562787
allosphingosinicella,0.6246484545066989,-0.5062496862997521,-0.7393130076128303,-0.919711467953533,-0.24873445007854106
alteromonas,0.5880172362038482,0.7460985023435255,1.9596672834182614,1.1874566094641796,-0.10175932533564461
altibacter,0.40552304918344895,1.6761160403849586,0.23496332632408054,0.06076429201012361,-0.2582805125838608
amaricoccus,0.6114650054083923,0.14399032925728425,0.572770098390443,-0.03527331632280571,-0.24892053292662683
amphibacillus,0.48135829062603885,0.7822678092449922,0.5403826216097238,-0.8031452142668071,-0.2502141469684964
amphiplicatus,0.5245737656896643,1.3730671343014476,0.33862617391633987,-1.1366067265267197,-0.2528082866754289
amycolatopsis,0.6194546417696719,-1.4481579714439838,-1.0971193798847378,-0.2378218083611777,0.13535511645090273
amylibacter,0.3997855444337425,1.4308786727946914,1.1634431592660708,-0.31227176988365163,-0.2582805125838608
anabaena,0.24672559049984422,-1.2252164920424473,-1.0602822819907918,-0.49840908311064613,-0.2556712530092527
anaerobutyricum,0.2504957002321394,-1.1782614873381425,-0.4086066550106113,-0.41181975372893465,0.008375176724083876
anaerococcus,0.2632783573383076,0.6458604018797758,0.6237818906836282,0.7687417812912879,0.21735974958045023
anaerocolumna,0.6107248092757855,-1.1957772910278583,-0.8134237000459904,-0.5786866708665248,-0.05221749571104531
anaeromyxobacter,0.26950646797795164,-0.09173323801362572,-0.40872549613526454,-0.44766711792997993,-0.24828194481914612
anaerostipes,0.42792316806437963,-1.1648685733360353,-0.39088915195392687,-0.7052926659854272,0.10070865308877758
anaerotignum,0.4431913236537561,-0.8034806351913195,-0.3813100493657756,-1.1177821803904817,0.016231655307713876
anaerotruncus,0.34342208333877056,-1.08121554796821,-0.5151582974852486,-0.8491984664652156,-0.06007228673032906
anaerovibrio,0.12809755332216044,0.10085602215753181,-0.3678530557471581,-0.3618326516977892,-0.1697341718965484
ancylomarina,0.4133817221950415,-0.4414140331209117,-0.5378418713745486,-1.3321519151951204,-0.2543295163219522
aneurinibacillus,0.49644472549630986,-0.6864905004139787,-0.6390047314118024,0.28858884161587617,-0.19273276206350712
anoxybacillus,0.6658083593266552,1.0767168582309072,-0.46709153660007574,2.5781999171196754,-0.22029118608151055
aquicella,0.5963911168785871,1.5649732551432545,-0.6938274976821992,-0.5459894785130752,-0.25156925254713336
aquimarina,0.547707702750724,-0.6707608815203882,-0.9029544818453058,-0.20895751295167747,-0.20221369605881742
arachnia,0.6354915128799341,-0.22210862096497921,-0.8525978365292879,0.43214616299917064,-0.15929364975597535
arcanobacterium,0.24195476309381428,0.23019110490890743,-0.5397047890057252,0.44130633935181696,-0.24940676936679676
arenicella,0.2597937920221769,0.7853831526127524,-0.6327920355379529,-0.11018318454357463,-0.25289762714940067
arenimonas,0.6046235277531994,2.089221726128567,0.4679814411281995,0.9494795231274288,-0.20375034004708456
aridibacter,0.5848976853587126,0.4947769320518272,-0.658302636436572,-0.7629667195643554,-0.2540910469299724
aromatoleum,0.4470569486704996,0.2502973561806956,0.4995363104634325,0.5031325529776045,-0.24108385315973035
arsenophonus,0.5035248924357199,1.211939898836356,-0.045020391942836815,-0.1264995359948007,-0.21329081181055448
arthrobacter,0.5918301346717605,-0.44828378645793476,-0.6972169997366815,0.5550591466077223,-0.14698121735038586
asticcacaulis,0.7480632108310825,-0.6055820976694667,-0.34513443593667614,-0.42002742337974946,-0.2502464742209634
aurantimonas,0.6857839877821095,-0.5071596741457371,-0.18419828752949824,-0.12293970779487721,-0.24683081960970227
aureimonas,0.6994782622744694,-0.6648143471200871,0.11340865508323872,-0.27388133433114953,-0.22149942375578655
azoarcus,0.512494614550049,-0.1305782452121673,1.1230740143749114,0.654334387906722,-0.2441679869662887
azonexus,0.39980358915700637,1.3399502993424632,1.6369548407336045,2.1231623629277463,-0.10479686807124433
azospira,0.3103922716142476,1.7256003646550888,2.315866981617582,2.2004111883065334,-0.19541588193168644
azospirillum,0.5752122617372253,-1.121339226447808,-0.3012189000996193,-0.6644313860142984,-0.16260472384856192
azotobacter,0.5438125599297093,0.09150021347792367,0.47800929818631865,0.4425129693052798,-0.24797007000831855
bacillus,0.5691750722224815,-0.395048011486097,-0.24178265391004863,1.3920599860202854,0.9939237454535874
bacteriovorax,0.5012131168146066,0.7176532432019392,0.5956905513709683,0.771655543352972,-0.2582805125838608
bacteroides,0.3854344521658979,-0.7639243990538549,-0.2723554203050146,-1.1568114864150736,2.2631549861953637
barnesiella,0.4012610513464894,0.12080797286297955,0.03556997232776438,-1.1115286339119514,-0.09392825823735686
bartonella,0.5484817054947019,-0.8466100295481458,-1.2559122436664634,-1.2566330926865752,-0.23940039635775215
bdellovibrio,0.5692607351587806,0.2927851728511044,-0.5809991586651216,-0.3799193851799716,-0.2582805125838608
bellilinea,0.2346699159845275,-0.6751133401883516,-0.49873999219092396,-0.8169091374996814,-0.25249193791443064
bergeyella,0.30778803271088495,0.43458027073800837,-0.9461488935161101,0.4666016097168698,-0.2582805125838608
bifidobacterium,0.41371330976272513,-0.679974552814451,-0.9182499802939715,-0.6213945581852098,1.235347542021026
bizionia,0.37926215030101074,0.6688915393371883,0.011691382886291903,0.15924005901207255,-0.2582805125838608
blastococcus,0.5661593743931851,-0.6032510363617062,-0.8955293392399515,0.32048058593579837,-0.24664452942614853
blautia,0.3714024012934115,-1.4488814902625071,-0.9124129117926587,-1.0014139188007096,0.35326875376532824
bordetella,0.6653780632447698,0.21536242534546965,2.9370335292582097,1.4290545301310276,-0.05067559817144972
bosea,0.6232594654785544,-0.7310231473438303,0.16035262324754343,-0.503053767824634,-0.12526342999839465
brachybacterium,0.35653081970836,-0.32910758787388195,-0.73044426945271,0.14936879602108585,-0.14733296128088044
brachymonas,0.543945495864402,4.261716735933349,-0.09187217005163076,1.7933833168118067,-0.2582805125838608
bradyrhizobium,0.6027298007574574,-1.034933383112071,-0.059469831046635085,-0.7122937702615415,0.2128801365634865
brasilonema,0.39480890927186146,-1.1283483007833908,-0.5537344456575478,-0.2034034233226081,-0.25191450584208924
brenneria,0.5371526147510546,0.5860307382196113,0.10867401327750426,0.060592177235438034,-0.22045650567159025
brevibacillus,0.6191047140924225,-0.6454686891438908,-0.47741961444276115,0.4084794740281359,0.25234781356216945
brevibacterium,0.22420678470717265,-0.13343369862917726,-0.21624277411987167,1.0242229262989984,0.3697059135554734
brevilactibacter,0.3279224419792257,-0.41570895399589575,-0.6988927922188829,1.0547855220935705,-0.22324939626502446
brevundimonas,0.6305293355849904,0.7875341986805473,3.312176098776384,2.474215259069908,0.222779898811924
burkholderia,0.6324823020019841,-0.5797946223969327,1.4788505908743024,1.862075326310671,1.3740466986356705
butyricicoccus,0.2058919851635135,-0.9336527075188957,-0.060338074516312255,-0.9494445620121001,-0.022720338130228106
butyricimonas,0.49947192324575823,-1.0834275997105398,-0.9609821959130401,-1.6015771872432032,-0.0393879340071023
butyrivibrio,0.34000536766544986,-1.4409446549876395,-0.8789830011210529,-0.9644470726588067,-0.2249040181365584
bythopirellula,0.4596212608976667,0.6895647076621307,-0.20546405206309493,-0.16265133170157628,-0.2582805125838608
calothrix,0.5213549231067143,-1.6027246678005398,-1.0321354767395912,-1.0439391793315107,-0.23970113342330224
campylobacter,0.3717641056128927,1.5403485659134035,-0.4305005467786516,1.7210616800514251,0.0018222283162747132
capnocytophaga,0.43430901847366343,0.31635139448561667,-0.7523702930324117,-0.7499987643913715,-0.05293148931997494
caproiciproducens,0.43198646422139864,-0.7604991293867123,-0.5441681448449569,-0.6285726420744654,-0.20880220095903132
cardiobacterium,0.4164509164976182,1.550933252132546,0.4710908998644503,-0.3356977611707164,-0.2515931758670353
carnobacterium,0.4222962597360451,-0.1826042392167198,-0.8393708426230212,-0.5202528517529602,-0.14067547700388922
castellaniella,0.6408330692354123,0.6049117853005934,0.7796249585128116,0.7194235360024182,-0.22548579416136422
caulobacter,0.6282655749286732,-0.28124522836312327,1.0047436801041518,0.21367812816239842,-0.08010003195991557
celeribacter,0.4063818534489417,-0.11815788361657795,0.1662662375789983,0.18102094715153008,-0.2373170258391642
cellulomonas,0.5360071346667621,-0.7001919160055041,-1.0485898900389972,-0.518332039182089,0.013494609312063616
cellulophaga,0.3213892146891655,-0.24883599005464607,-0.6243954806299371,-0.0630021232327842,-0.2503809381616781
cellulosilyticum,0.42950452684616336,-1.0634288636047922,-0.9880552232612545,-1.2660486128048536,-0.2359543019841998
cellvibrio,0.4903033319790173,0.32347998822513213,0.990577643133097,0.7898372248805489,-0.19067733213845542
cephaloticoccus,0.5090773714827674,0.49305619264645123,-0.4437573777839634,-0.5103383360287563,-0.24793627704536053
cetobacterium,0.416515537656038,-0.4020695314127461,0.18739325078558564,-0.9763315439573924,-0.2582805125838608
chelatococcus,0.5945601755413129,-0.8674818564772312,0.07069838736511869,-0.7403328472971339,-0.23004897998184085
chiayiivirga,0.700580587591816,0.8161190514228914,0.05446726206852302,-0.3428780809220822,-0.2536217203932717
chitinimonas,0.426361976077341,-0.6466197000357254,-0.9561829995543469,-0.9321460333460434,-0.23709207335218596
chitinophaga,0.6571452507212779,-1.1669879149698472,-0.42701020771249415,-1.2345244896571215,-0.17192168040842196
chlamydia,0.3472908478661928,-0.7790574806144934,-1.57300070534453,-0.7921993298687564,-0.17676532927339333
chlorobaculum,0.33797756088334896,1.5869461537106953,0.27935299476447956,0.2667709877173551,-0.21971650953765368
chlorobium,0.3482021869600928,1.708469992850221,0.46026424927697523,-0.0443927669817654,0.09663620631216831
chryseobacterium,0.5201108287001959,-0.5310989882628186,0.2832322525723866,-0.5692585345737535,1.121622191262129
chryseolinea,0.630887425045241,-1.0878817323806695,-0.424942792397486,-0.3614485405758483,-0.2484212157873465
chthoniobacter,0.6293858288258812,-0.6019135069840797,-0.5447262173075808,-0.442952908337307,-0.2582805125838608
citrobacter,0.5200790483130584,0.5074202244804423,3.615241711857411,2.0526634235172585,3.210189711425748
cloacibacterium,0.4126028434011933,1.005692416146021,-0.21520134841127797,0.6026080237315641,-0.20991096766853432
clostridium,0.43431895398821324,-1.1678546911231362,-0.7671422091445309,-0.7883601409624439,0.6752939702184863
cocleimonas,0.33105710741439787,1.3377205048277536,0.08389297282098865,-0.214193859986146,-0.2519564775527288
cohnella,0.5841485108063752,-0.9797355821835314,-0.7488620491789223,-0.008098212688483465,-0.18548294206923727
collinsella,0.3393107216425456,-0.7558398840551683,-1.1539779975795839,-1.2665579567589593,0.7083862091660247
colwellia,0.41970236656251503,0.07527302868594749,-0.055771341028869666,-0.8219603164827053,-0.20513990171541388
comamonas,0.43416834357294737,-0.2884891638991239,3.58216694231911,1.0154714392447708,0.3608496878721969
coprococcus,0.18886415768956055,-1.0847781476110092,-0.7509799999047657,-0.8720948945254303,-0.08885603983391419
coraliomargarita,0.26792922755551046,0.23035961555819484,-0.7979786158067189,2.1525665190907937,-0.2582805125838608
corynebacterium,0.2876690192268086,0.339734338181597,-0.39502324963663377,0.38869817970495246,2.786147982665728
coxiella,0.5334218606687023,-0.0012636851215030746,-0.9952938434886031,0.0023236571726021975,-0.23182060042234734
croceitalea,0.5267028253584913,2.031146800518453,0.11253718309154785,0.22739912948457153,-0.2582805125838608
cupriavidus,0.6817447318579385,-0.4388913040414109,1.5412848416457536,1.274198377595089,0.10757304636409397
curvibacter,0.5044190435450112,0.510852692158194,0.9411857121169117,0.3261683119829041,-0.2526632530901764
cutibacterium,0.48073057678741055,0.048903564738806325,-0.31122098274334237,0.3709133124159454,-0.11380161319901833
cyanobium,0.35892243516543587,-0.20042023642284015,-0.005723000155824081,-0.5437999084176225,-0.20905729201979517
cyclobacterium,0.3940829775953781,-0.509669832427361,-0.2831514072135894,-0.5539440164441497,-0.25542193878305824
cypionkella,0.6713740964664662,-0.13985678096726514,-0.07711527587824481,0.3617386430464087,-0.2582805125838608
cytobacillus,0.6865063838274444,-0.5872543139175478,0.02204869025331875,1.03676134878881,0.1965178889480134
daejeonella,0.4454496456804238,0.38260719047726305,-0.006908250281085779,-0.028875822260130482,-0.2480334301634832
dehalobacter,0.3727766835860448,-0.18054317544193912,-0.5939074317014114,0.08145133773262349,-0.21343645112456244
deinococcus,0.3870787178396647,-0.2541305904376237,-0.24347143963865245,0.6457768046528598,-0.08108271602530566
denitratisoma,0.3561292592801894,1.2350946748359732,0.3960949911002522,0.5312890454048048,-0.25418106805382845
desulfatitalea,0.3740833121504708,0.19382555116136746,-0.9180160281894744,0.08809196684534447,-0.2582805125838608
desulfitobacterium,0.36987597632354435,-0.6704604364813488,-0.20431871837405277,1.4056175522555638,-0.15380075089312942
desulfobacter,0.5132916204652013,-0.21543360880187423,-0.9105827041323346,0.1986104464469932,-0.2582805125838608
desulfobacula,0.6315145847906548,-0.5889708386382437,-0.9029993340683888,-0.9071720454385818,-0.250816070563019
desulfobulbus,0.48507490096846123,0.224979846841296,-1.282967846032084,0.2944424932065855,-0.2582805125838608
desulfocapsa,0.4189513067673037,-0.44665520052785507,-0.7127081647990173,-0.32052964659707334,-0.254340233082435
desulfomicrobium,0.49962462155292553,-0.42624742686585043,-1.0615870529039961,-0.7109179647925412,-0.25359579747478184
desulfoprunum,0.3885125620845591,0.7550247259921485,-0.49856989509250677,-0.7330240425182437,-0.2582805125838608
desulforhopalus,0.48050871373859555,0.023329323932407168,-0.42645606032677036,-0.6024712172465079,-0.25127869843450434
desulfosarcina,0.47411254459012264,-0.6159038261988772,-0.9975286219020523,-0.7619944524100816,-0.2582805125838608
desulfosporosinus,0.464676728351103,-0.694795910141536,-0.46371885330323515,0.5870059708023849,-0.20472728343333912
desulfotomaculum,0.5548769407700646,0.04253325183917755,-0.49431913579770215,0.6136777414540472,-0.19090955746101898
desulfovibrio,0.44035291553591227,0.05609960842771366,-0.9243944692481891,-0.5726195403089916,-0.04315927441277533
desulfurivibrio,0.4625566582918129,2.231125399307152,-0.33955816183857773,-0.0245465309243325,-0.24886490075938142
desulfuromonas,0.4447453931923003,0.25669063481332477,-0.8257264439510955,-0.42587208693950085,-0.2582805125838608
devosia,0.6151150225854168,-0.49052556629727273,-0.0569709012479936,-0.5214641050025789,0.00684115129220358
dialister,0.3594338966164928,-0.10595126522037313,-0.064741096738636,0.28871987236694285,0.20162687099105456
dickeya,0.49542440972948154,0.8579868417550223,-0.0048207456808257755,0.07575760682185646,-0.06794376427168172
dietzia,0.34839785142022117,-0.06860511495045081,0.3254485024826792,0.9020355419707405,-0.13638510727116407
dokdonella,0.6335095022834903,0.9703913025876275,0.5597227670680903,-0.11351394854305068,-0.22409174347829627
dokdonia,0.5252083789502152,0.08798847432637331,-0.4740265024495843,-0.28468206474619845,-0.2340810882368101
domibacillus,0.645862312553073,-0.3436571279478087,-0.08412182290161675,1.7806357672261537,-0.22714889368776758
dorea,0.28817939627588707,-0.738201359167209,1.3475481528289737,0.6675488966192583,-0.07435242879180244
duncaniella,0.5178993192603525,0.11909364324930494,-0.2009808819719934,-1.211755334679103,-0.1137468213006574
duodenibacillus,0.36618435853527215,0.8454645144632075,-0.6265945952374541,-0.653400730708099,-0.24062064964568758
dyadobacter,0.5892289689440988,-0.989165630368551,-0.4526964261391091,-0.9302602469634433,-0.22112372465016628
dyella,0.6290743017988137,-0.12723895099944657,0.521269478125365,-0.23364559944210134,-0.2211280225058549
dysgonomonas,0.5367570098755208,-0.3319006199885091,-0.5638149969739932,-1.0014954057283427,-0.15987165153939842
echinicola,0.4524626169691696,-0.46102622564285106,0.0033873537600108655,-0.19651298086591137,-0.25226375155700187
edaphobacter,0.45344228336315534,0.13822445327011387,-0.22731936675969758,-0.18945838348121083,-0.2514322470307982
effusibacillus,0.4733448366107062,-0.2012323916332231,0.3667132152353732,2.1570148071718074,-0.2582805125838608
eisenbergiella,0.23136410674021474,-1.44975995957339,-0.872752118845092,-1.0776057367886427,-0.0006019617977053955
emergencia,0.4830092058745284,-1.365751993607496,-0.7480392439990515,-0.956940979596557,-0.17584144154089537
emticicia,0.6230047653517508,-0.744139623548826,-0.11802833024527272,-0.5551001131595635,-0.24828449805179972
endomicrobium,0.7001758355897258,0.5445568743585085,-0.053066648628821954,-1.2008394666263937,-0.2582805125838608
endozoicomonas,0.3251737777750725,-0.8191094298387259,-0.7054790545293735,-1.0171446128699935,-0.23046678258327563
enterocloster,0.3927186167745974,-1.4251951865856396,-0.7816506842798715,-1.0430784431502078,0.33976389640132504
enterococcus,0.501842390540906,-0.25270181839366024,-0.32627616463827924,-0.28373609039518843,1.2046873881078801
enterovibrio,0.21335119101783648,-0.21910726726654559,-0.5124695916504878,-0.42425910445305803,-0.22665090074968264
erwinia,0.6313045924211823,0.47786337704315585,-0.05358191223580011,0.44170955898592495,0.05911473761918958
erysipelothrix,0.33678688509125587,0.3419156231755731,1.0537256177562069,-0.7495533456326955,-0.12871769565676963
erythrobacter,0.5779613082003392,0.6099276000432953,0.1918783027572558,0.1940148488906601,-0.14389231853380122
escherichia,0.5065789470522745,0.37647341913834026,0.16963051788725703,0.31685947625525235,1.4758891285083324
eubacterium,0.3833400110298017,-1.0652938556693905,-1.047299103191745,-0.46443625152199614,-0.11381259155440382
facklamia,0.11048427312481209,1.0166955178037038,1.0757609363200256,-0.35482303650224095,-0.18895617923095712
faecalibacterium,0.45233070696323313,-0.9241023379739967,-0.27203870164070715,-1.0446245278091515,0.7433783145456002
faecalimonas,0.4683224226096147,-1.0791413927433646,-0.15040152375175708,-1.0548171815446878,0.1265550980262524
ferrimonas,0.46606641339579213,0.584568240305832,0.17368254518735757,-0.7113358759605615,-0.24657305962408807
ferruginibacter,0.5649177316449907,-0.19903347238251115,-0.34133976110625236,-0.517707581096061,-0.11725033556374176
fibrobacter,0.41546980886166807,-0.8040604059776374,-1.0124121647843363,-1.3862130632042722,-0.19152326292053645
fimbriimonas,0.5995167716118215,-0.818794518467864,-0.7526322698701913,-0.6325432121828902,-0.23299018149679496
finegoldia,0.40353068263863323,0.33940911296568516,-0.09262529909772667,-0.05726104294270248,-0.13808322708518872
fischerella,0.3963429024758343,-0.3975609464274555,-0.2157549338831109,0.15767731284236472,-0.23341488867274246
flavipsychrobacter,0.5478900058640966,-0.4910302330128505,-0.48419429954877885,-1.0387316957670385,-0.1419192768527224
flavisolibacter,0.5510071243921572,-0.0730884155305844,-0.45256677068702483,-0.46573986943239476,-0.23689814041895452
flavitalea,0.5656876002668171,0.19239004017881312,-0.4274183773345938,-0.1538664723043215,-0.2582805125838608
flavobacterium,0.5670922577691232,-0.012933230585863941,-0.10615195536669134,-0.6422639501419215,0.46380958628913593
fluviicola,0.581366630656288,-0.40819450935518664,-0.5005464209820478,-0.8355122128724598,-0.24488410876963068
fournierella,0.3679446682358798,-1.2406477632698008,-0.6119248052107898,-1.4305425170032542,-0.02254805921161699
fundicoccus,0.21410592581182558,-0.5659290820713011,0.8481341399685751,-0.6521538237984864,-0.23979852815887726
fusicatenibacter,0.47469844287123847,-1.3289246343502192,-0.6868029633601946,-0.26104403393106035,-0.10874100359705834
fusobacterium,0.3667075177876459,0.7079495960631279,0.12472623235673291,0.400323438236796,-0.13292820619603768
gallionella,0.49031790921978663,2.092989175998782,1.2960172841786044,0.9153107373736514,-0.23032185690756252
gemmata,0.5807852235595886,-1.5585126161963418,-1.0531084101558996,-1.1513309331584904,-0.2582805125838608
gemmatimonas,0.6388172731963989,0.10357964615374862,0.015007936356211981,1.0399352554184254,-0.18100130284607666
gemmobacter,0.5067933670688385,-0.25344190895906754,0.2770723370281179,-0.1935094453319908,-0.24645683599668558
geobacillus,0.5547201987939698,0.25534563918662173,0.40957982999662945,1.008061776610393,-0.16166355935033405
geobacter,0.3163722727352489,1.320635011532659,0.7146910919609164,0.9007263652494667,-0.19492516476811686
geodermatophilus,0.5334207401942496,-1.2904563207080577,-1.0894073824823403,-0.21307466811385878,-0.23929534748217826
georgenia,0.5846949450751481,-0.5786598094683745,-0.8861193738098313,-0.3235161724152673,-0.22682023246981897
geothrix,0.4046236567346176,0.5057159266318282,0.7167263551100582,-0.9137144096097628,-0.18468527281749703
gillisia,0.4868406083139722,0.5995628070777246,0.19680861362075616,0.2067185251610174,-0.2582805125838608
glaciecola,0.6138164193050177,1.984871024699135,1.2668183069277132,0.4821265873115088,-0.2402154679842899
glutamicibacter,0.6419754440354327,-0.26963740511233836,0.34647688800496085,0.4742679099259682,-0.07122691686992078
glycomyces,0.4919485825433095,-0.9775628297266454,-0.9497219394886993,-0.3110405734579425,-0.2329052420512122
gordonia,0.588076031531957,-0.7867215507452311,-0.499216338758912,0.49811040600793527,-0.028980124325065894
gracilibacillus,0.5387509457390205,-0.6574355611319856,-0.15006974602657125,0.6571250634602667,-0.16428164524816533
gracilimonas,0.6659520682520876,1.1989822689322351,0.021955884003845544,-0.0793375181302907,-0.2537147875118054
gramella,0.5539680950446965,0.7469939939356168,0.37744413127917154,0.7232082976780212,-0.2582805125838608
granulicatella,0.24718396107292684,-0.8476959211492441,0.21529476329838843,-1.7146883973604603,-0.04376260954949666
granulosicoccus,0.568821822603001,-0.19368788158207276,-0.6882506457075538,-0.6680058468300827,-0.2542282136743965
gulosibacter,0.5484730391130204,1.0691374540776193,-0.14579588928768825,0.7454207307059431,-0.2431955208308165
haemophilus,0.2893727171097738,2.4359665206083423,1.505981641040431,-0.826314671579035,0.24272008380007096
hahella,0.6243535999743711,-0.426111650514974,-0.3774879474000907,-1.040186376575215,-0.25330265574837246
halanaerobium,0.778368109235011,-0.16198704523021787,-0.1906724703881324,0.7759172383555151,-0.25225071474324756
haliea,0.5321549925810348,0.8791977807005847,1.2813131914612856,1.6241307964647465,-0.22158375178090584
halioglobus,0.3296076563008321,0.6578814238295878,0.4107386114858729,-0.14816425320028684,-0.22006900177870323
haloarcula,0.4070590179693871,-1.2706684546838645,-1.2857514789179214,-1.3266328146982176,-0.23713616826386397
halobacterium,0.15294071831434422,-0.7242236712571076,-0.9705101939478163,-0.8547011589722453,-0.24601604878566546
halococcus,0.2548719076776295,-0.9225374283379933,-1.0429466655129196,-0.6264200752679931,-0.2528855491283107
haloferula,0.5837820712873274,-0.17790996088873778,-0.8377990880962903,-0.03647837069386565,-0.2582805125838608
halolamina,0.5761398890488455,-0.7681537877739041,-0.8562351919686616,-1.136699520247412,-0.2582805125838608
halomicroarcula,0.49451169035015163,-1.6578286891117509,-1.4451659834806618,-1.369635089041133,-0.25388923423616694
halomonas,0.5520971831773064,0.39863887640930185,1.3310657912013837,0.3729217375492356,0.3438035484018661
halorhodospira,0.46185692839748893,0.6773231183875195,-0.5741481804464345,-0.5034895359688819,-0.2520420034140492
halorientalis,0.285826843417588,-1.5345550579823333,-1.3856907002887366,-1.5643310373054713,-0.2582805125838608
halorubrum,0.6154863842612739,-1.0682327341933135,-1.2644590608912232,-1.0074446501917549,-0.2021462271409149
halorussus,0.404791721830902,-0.9989256518927881,-1.368420127437107,-0.9366735037746491,-0.2582805125838608
haloterrigena,0.34064739335814354,-1.337646265128034,-1.2646498684285916,-0.5919245952238157,-0.2582805125838608
helcococcus,0.13802742214373578,0.2639897629994322,0.9783504437910466,1.0486551338376626,-0.20434696273757516
helicobacter,0.4002994668834214,3.09227547760171,-0.06241190525087278,3.9180315941175072,-0.17312676558493395
hoeflea,0.43143199090223705,-0.28703174129576464,1.1440301800978996,-0.12610752772343636,-0.24050273750307083
holophaga,0.3854270733521546,0.9150671236213548,0.12108543283948113,-0.8426309048693308,-0.24793492652743498
hydrogenophaga,0.6474363151278605,0.12078793949341726,1.4055891027946303,1.1222240673794026,-0.17347624978052525
hydrogenovibrio,0.5494483729958348,3.426919915917174,0.961479551945793,0.26849028892189336,-0.21285660850213023
hymenobacter,0.5694127954602323,-0.8171316446718352,-0.37894672744971303,-0.7163770589678362,-0.1876771217265565
hyphomonas,0.5446954869552572,0.941813915180356,1.8269445728308527,1.9347817064667876,-0.14249508233046057
idiomarina,0.4724012080596585,2.7785142363768807,3.1436786615807653,2.7453824734850354,-0.20493938360054006
intestinibacter,0.3183838003281547,-0.1576268927490739,-0.5836768861899659,0.162202586939491,-0.21296787553117663
jannaschia,0.535950689402728,-0.34172671064002447,-0.40668311830043846,-0.21871786830221715,-0.2538289093367179
janthinobacterium,0.6630495309788808,-0.6665987326201703,1.1745806838078867,0.11807143296607057,0.1357847593288844
jeotgalibaca,0.15010648361207257,0.6704191386912286,1.6545992914610699,0.6603121489933546,-0.06376824974373418
jiangella,0.6899278519838207,-1.4860450346347722,-1.3748625042791582,-1.0380298283993818,-0.22198030746469433
kaistella,0.29802819117204377,0.6630971328166569,0.15840163422774872,0.5881833815743513,-0.04207296550635097
kaistia,0.5326164391548038,-1.0669119624303123,-0.8437625580924842,-0.7666763174150624,-0.24826042527221343
kineococcus,0.5771368920206318,-0.6264558186432015,-1.1049863535232967,-0.003063329671703284,-0.25470787639725045
kineothrix,0.47169726966902426,-1.2771633831069618,-1.0834729992784204,-0.894337178308191,-0.14897733969106974
kingella,0.2569243729222643,2.7017555366241526,0.3152006188980038,-0.17250276583211607,-0.22368743815008638
kitasatospora,0.6188579058207049,-1.4812057900254836,-1.1745639130283505,-0.32290289612997075,-0.16703525289685983
klebsiella,0.519548211020572,0.46581786296518646,8.215600661366908,4.894260814471058,7.856331180655426
kocuria,0.3921469511225786,0.8506888310773395,-0.008362115549166015,2.1901587281944304,-0.05189110843104328
kordiimonas,0.6433319841681281,0.5413097081427206,-0.023773344084598996,-0.38064949126877906,-0.24125080179989963
kribbella,0.5677036627294211,-1.5513679932731497,-1.2490764202103846,-0.8229017586409789,-0.204869983280567
labilithrix,0.61563228275171,-1.3032042102177686,-0.7040874941124339,-1.456347887765173,-0.2503209854384437
labrys,0.5704167829981757,-1.0731640183100226,-0.2956820155183893,-0.30179569964894065,-0.2396658358675438
lachnoclostridium,0.4805607050651348,-0.9535105370662148,-0.4634718972716186,-0.673531996240833,-0.22198178351666195
lachnospira,0.37271362941766256,-1.088325821798513,-0.5544512109551867,-0.7842649798870504,0.05053742544330896
lacrimispora,0.4263040086381853,-1.0295099787224193,-0.7208758398886715,-1.0450962095265048,0.0990245078791853
lacticaseibacillus,0.30031985959099766,-1.3815296268190793,-0.7014182427176073,-1.503539644668597,-0.16404339101803506
lactobacillus,0.362405688210446,-0.5203294964489383,-0.8311919887877476,-1.1541201890418025,0.537760763498681
lactococcus,0.21442998337960795,-0.6979228248549193,-0.179951882363401,-1.4603248549538306,0.4081157518911532
lacunisphaera,0.7085621334696649,1.4997172387205275,-0.23425431454820833,-0.19796457554645552,-0.2518933502807165
lautropia,0.46460628154372763,0.5460445668480706,0.49720805099588394,0.9813638197969233,-0.24247735892423883
lawsonella,0.5888779952825025,0.4283402470288398,-1.1560280780582042,-0.20340316228796793,-0.1818884194984013
leadbetterella,0.34146481691751024,-0.66832966411558,-0.43100551770378104,-0.7194406867050971,-0.21294931014230678
lederbergia,0.4888980196336442,-0.574490979804409,0.17948507524660565,1.3842877167332526,-0.16798048199655682
legionella,0.6015223080026484,1.2267430720135177,0.5940513654414916,0.21951067529891924,0.2396352887960773
lentibacillus,0.3990533980370754,-0.4755521996886103,0.12178332685732726,0.6544940784970787,-0.2534290213274721
lentimicrobium,0.3623961855880496,0.050912331022991905,-0.31385645228841025,-0.5719732964077453,-0.1990920076407887
leptospirillum,0.3716102095517318,4.773433465278672,3.213054435469163,0.5081413574197969,-0.24914680027319933
leptotrichia,0.4334175307445059,0.20308606302820978,-0.0939698046249733,0.3369307518158995,-0.22817294973405658
leucobacter,0.5291479386129205,-0.47229604045961315,-0.516659430299302,-0.06310304886211363,-0.13386928172716098
leuconostoc,0.26933624622720614,-0.22537641643621295,-0.21706240175981362,-1.1585427799379275,-0.131042689349263
lewinella,0.5469639437376901,-0.8320978341697232,-0.747138036592065,-1.2322428798035427,-0.25512835833466524
ligilactobacillus,0.34248875165957854,-0.30077576688718916,-0.16707768626815192,-0.9494213935625608,0.32370682305636794
limnobacter,0.3735223318139602,1.8072113223694406,2.7043700726385236,2.1663814772150403,-0.1941643405020517
limosilactobacillus,0.37356021185563504,0.014210241491716515,0.1305686921205643,-0.8708905507836635,0.20700482029589862
listeria,0.5467946602040787,-0.6024287084315672,-0.6884324910670983,0.03403379152417049,1.6311759169291686
loktanella,0.4798692253139512,-0.09900651743141116,-0.455957537898445,0.7009399418612523,-0.2536293861699799
longibaculum,0.34044578129518793,-1.2820221027072478,-0.35460415125594696,-0.7640272445054482,-0.19689551835849195
luminiphilus,0.23859729003109126,1.3971559022309876,0.038485447500908085,0.5318893612808095,-0.21280909242544627
luteolibacter,0.5257651221469992,-0.4923153118973929,-0.7438603238564382,-1.0158648834374664,-0.236086760636192
lutibacter,0.4211960025080475,1.0633497221213855,0.11484586968282677,-0.3343855546880367,-0.25242398884894496
lysinibacillus,0.604339498765706,-0.3979712817616227,-0.5565700924370183,1.3004743466401514,0.3082568310896295
lysobacter,0.6105566107875763,-0.8255046063420742,-0.5636843105990341,-0.3705817345613344,-0.11457070574682834
macellibacteroides,0.6211204220986676,0.6563219527949266,1.132391389727557,-0.30848320931664097,-0.2201539433311327
magnetospirillum,0.4046799247481441,0.44321300550864223,0.4086051255458217,0.17921859513316166,-0.23209952293151878
malaciobacter,0.4898024676537765,1.6994912940648854,-0.36073438788638607,0.7373129728859342,-0.22126466897388442
mangrovimonas,0.5329501305440311,0.7337766761659762,0.045485930338859615,-0.30860055784365203,-0.2582805125838608
maribacter,0.5136777272669578,0.09268120104336318,-0.244726770406006,0.012136081391205401,-0.22626098488375426
maricaulis,0.2176144876220027,0.9205319119598377,1.184463617596571,-0.21656367413834574,-0.2526673417996228
maridesulfovibrio,0.3504229629865326,-0.24103956419830372,-1.0289516807035386,-0.8390589020782906,-0.2582805125838608
mariniblastus,0.39605106453270567,-1.1837883983441857,-1.1008111760778525,-0.9712698475690743,-0.25287375082762836
mariniflexile,0.7079573322596148,0.16275769584460925,-0.33770595355335215,-0.4763725767765868,-0.24885076173497075
marinimicrobium,0.5651487211751884,1.195439802443623,1.6137495376247963,1.6778627756531386,-0.24915811666420246
mariniphaga,0.663701891542575,-0.176961270406345,-0.4288596325518552,-0.637142569343323,-0.25079429563955474
marinobacter,0.5500217658285885,0.47307616536351416,1.033064319321642,0.722037869608959,-0.07753879877742485
marinobacterium,0.5705107105859747,1.2306885567249688,0.5115298010896048,0.4745660087197488,-0.22310555629225684
marinomonas,0.6019998925884007,0.03477440173612445,0.016451659371572794,-0.4638602254788263,-0.19404566076433394
marinoscillum,0.5131439644486703,-0.6336942672206801,0.7573766440796681,0.06554968220465265,-0.25235078670073224
mariprofundus,0.5610428932732567,1.6465170428678362,0.13201190219194886,-0.5191984898488844,-0.2582805125838608
mediterraneibacter,0.3903209873086062,-1.1515055816567878,-0.7447020879139002,-0.5724916080267511,0.4824024765466843
megamonas,0.11680981165669457,-0.31427498173320195,-0.7849510953816053,0.09316504984883,-0.1304477676543775
megasphaera,0.2976073920756542,-0.6500149742924365,-0.5761401733287519,-0.34702609155048536,0.0841532179461798
meiothermus,0.4278178755847498,0.03849696577726284,-0.33044726860201346,2.061609094338182,-0.23551612672451958
mesobacillus,0.5296328760207206,-0.7636122409059674,-0.4855959074828991,1.333907788180024,-0.18610560772282833
mesonia,0.4576076758776529,0.57814268030404,0.40369085643677177,-0.14284538219811993,-0.25325075243804046
mesorhizobium,0.6671616081680284,-1.181499819548866,-0.1285873705128729,-0.6337514357567824,0.1662714792603988
metabacillus,0.5799752788725834,-0.5376440202828301,-0.1952536732864174,0.9579346068984541,-0.07935540652863769
methanobacterium,0.3839775358709839,-0.13315262522948657,-1.2092734697689111,-0.501619745777916,-0.2582805125838608
methanobrevibacter,0.4459872493464726,-1.3683380606716549,-1.5088829228194929,-0.5187953429819987,-0.2494704169854467
methanocella,0.31245916128136625,-0.9407428408685744,-1.253142524961723,-0.8984418965830547,-0.2582805125838608
methanocorpusculum,0.3734852022938417,-0.5305201223181493,-1.1989767890662817,-0.7389906648450666,-0.2582805125838608
methanoculleus,0.6835883101364337,-0.6404840629908328,-1.1087439418067262,-0.9516983968983479,-0.2508382128672758
methanolobus,0.8786909761448739,-0.2633526209532017,-1.1019384320743135,-0.684448639651674,-0.2582805125838608
methanoregula,0.28387878955486845,-0.40310376350528915,-1.0781496190611242,-0.8688790012729789,-0.2582805125838608
methanosarcina,0.3149472121763959,-0.9473892900045819,-1.1441696263220162,-0.6924128766286907,-0.2181054133760708
methanosphaera,0.3814628351878365,-0.477778094297561,-1.111328901465158,-1.1605026203084479,-0.24770785352035973
methanospirillum,0.375260957028355,-0.7024875437254281,-1.2932203382066345,-0.7418856427454301,-0.2582805125838608
methanothrix,0.5643536315619844,-0.3422657080831949,-0.9835187761307139,-0.43844366432827764,-0.2582805125838608
methylobacillus,0.5246072598390912,1.0781065914911057,0.9953224703903885,0.05010595890454275,-0.2112271641683642
methylobacter,0.48971348918373153,0.03382271106355352,0.8836688069808952,-0.71005140270304,-0.24773181395994318
methylobacterium,0.6117575506333053,-0.5200596155526959,0.7196009745307003,0.47726549389598594,-0.015911135455557265
methyloceanibacter,0.7378089663177737,0.8851086023879507,1.0303856747008375,3.4569807248892954,-0.24425235696972614
methylocystis,0.5868253445237883,0.9645952237623563,1.2534661356091936,-0.12551122020639618,-0.1868831424661223
methylomonas,0.22767640387355437,0.6323851939919329,0.9921068815441341,-0.46483353564542823,-0.19837038627666412
methylophaga,0.5721133999697874,1.895700157446571,2.874316880406686,4.004551237543507,-0.20590196145413564
methylotenera,0.5688003266262962,4.4154290098251066,2.7885081548138104,1.6962074175806132,-0.18125279657800905
microbacterium,0.5302310753003445,-0.3874017662688282,-0.6904781738943295,0.7175115015041148,0.8281537894797352
microbulbifer,0.6152095180096994,0.6009459006083981,0.47523106644354934,0.24711014878219728,-0.19642622221926256
micrococcus,0.5824981878867141,1.211614443129799,1.1523384078215015,2.6807319557941884,-0.09184723807264558
microcoleus,0.42928129395094655,-1.4274004160565792,-1.06212223756081,-1.0302336205402596,-0.2162071969876955
micromonospora,0.6688260867640984,-1.4518795525684753,-1.3031456613021801,-0.8536618264746147,0.2747358243853002
microvirga,0.5138089597460048,-1.1983055395212874,-0.6172382754597499,-0.9573500132323455,-0.19905487543205413
mitsuokella,0.32321769993145033,-0.33064363310551315,0.08533335569330044,-0.009374359514456069,-0.15194436343728931
mobilitalea,0.4498793104745588,-0.9185724607479911,-0.7718102138361334,-0.6926427501491401,-0.07182604931360437
moraxella,0.20093625728659448,2.3034747782763367,0.7024237932099358,0.4058766841871413,0.1536876489894406
morganella,0.6371702034490152,0.3429493124724755,0.5493935149073065,-0.11071900399739013,0.5011655884028385
mucilaginibacter,0.48687554898162283,-0.6738765409858652,-0.33068355515852016,-1.0293443220631315,-0.14391963536756394
muricauda,0.28053450764682064,0.28833165554708173,0.22878775686857586,-0.4669970200022179,-0.20121546591924305
mycobacterium,0.5381232664678698,-0.6143071056695785,-0.6486895763097464,0.7902274084118519,2.3369115674468364
mycoplasma,0.33077408898616173,-0.7570366071001918,-0.1295435641033094,-1.8400294149721983,-0.22522417234631223
mycoplasmopsis,0.30657484790200656,-0.5758384196090844,-0.10152867005993578,-1.8400294149721983,-0.2582805125838608
nakamurella,0.6002269284537075,-0.48827212890812616,-0.8996299519328105,-0.3533451540711225,-0.25442532837110826
nannocystis,0.5900712737054904,-1.3857010739911486,-1.0584154391126348,-1.4072241517583366,-0.2549135353544248
natrinema,0.5516843685068475,-0.7289948953734673,-1.0756073947654645,-0.8290277326225249,-0.24960187596421682
natronomonas,0.20853983296950257,-1.0914717715370725,-0.714361329320577,-1.4187572341294261,-0.2517259996846422
neisseria,0.379123708983296,2.114922875384097,1.2972162274920849,1.0120778049364187,1.1785474447153048
neobacillus,0.4981917073175693,-0.7624164333929656,-0.27043587273316766,0.6065757917477621,0.003509303799436937
neptunomonas,0.617948581276807,0.34863646375948737,0.1740442477430835,0.17240615056904998,-0.2539317356750178
nesterenkonia,0.47142534965435035,0.07707377610536846,-0.29654890850100557,1.541788021947337,-0.23489508675431012
nevskia,0.5415517595730027,0.5534952265421046,0.22946961201533814,-0.24821436331857907,-0.24176929922632534
niastella,0.6530054613877312,-1.3133088076568724,-0.7983604653626788,-1.523312843403605,-0.2543383147400067
nitratireductor,0.46272532712434317,-0.634410168326759,0.34774792151981343,0.20511897884057373,-0.20212727510470285
nitrosomonas,0.5731962891649852,1.81666048675132,1.27540161423545,-0.0043879633083932805,-0.024507697181277908
nitrosopumilus,0.5271364902373888,-0.5778512870969617,-1.3057598709652918,-0.2666406477739426,-0.2582805125838608
nitrososphaera,0.6144504208184313,-0.794126573107908,-1.3379438888561273,-0.8021011482030798,-0.2582805125838608
nitrosospira,0.5389558718662503,1.1870095323174041,0.6235534850668683,-0.138413432439057,-0.23710035511945407
nocardia,0.6582685101575604,-1.3091546359227222,-0.867172669027963,-0.3710665188774831,0.5716882658703442
nocardioides,0.6083804081932074,-0.8163532155522434,-0.8142599763783435,0.19259898110539606,0.10777406982272468
nocardiopsis,0.4724233839716921,-1.232045080695308,-0.8030737932081767,-0.4354475439585972,-0.10803642082968205
nonlabens,0.42026911813790413,0.5451851312378577,-0.3727944349534255,0.6331587637328149,-0.2582805125838608
nonomuraea,0.6808467858036384,-1.7398873388181093,-1.2294146084181254,-0.8186764228862701,-0.07329595917984177
nostoc,0.31851831003102204,-1.3858386144586645,-0.9983491184389064,-0.7089913158951773,-0.17671919281984985
noviherbaspirillum,0.6080749474141645,0.03702804945933981,0.3103910758681408,0.7340931547502998,-0.2428765123685876
novosphingobium,0.6466324529472472,-0.008721695203308254,1.3784395264567793,0.7029018000596673,0.10176188636688056
oceanicella,0.6635856546978547,0.6779500855536151,0.6975851656857108,0.4993960127656094,-0.2582805125838608
oceanicoccus,0.43144264216103473,0.3304765912626403,-0.36577222100482143,-0.9515799845576832,-0.2582805125838608
oceanisphaera,0.24351331691543984,1.305617127385853,0.4486137268367412,0.3916552421847958,-0.2582805125838608
oceanobacillus,0.568096904720069,-0.4477303111622301,0.2961570718823439,2.204206967103131,0.12268603759580966
ochrobactrum,0.7265480006884963,-0.7094904211729564,1.7507438954085823,0.7787164269943913,0.1321520982175316
odoribacter,0.14326395773848175,-0.9139090813076634,-0.41676623831767134,-1.3449482097247025,-0.050302298201137706
ohtaekwangia,0.5049666877958766,-0.4741461473867906,-0.33951747358355716,-0.13795806585541553,-0.23356371622479294
olsenella,0.3318811782376583,-0.7728572537459095,-0.8583349663226896,-0.7881251946737446,-0.2582805125838608
opitutus,0.5645630747834159,0.6977263343506664,-0.005937552470152451,-0.975079417733498,-0.2537946353039683
orenia,0.589852433849112,-0.5858953636863464,-0.575336485724792,-0.3715845941876745,-0.24914158439698858
ornithinimicrobium,0.4166637391977389,0.076831166454325,-0.47900747373101016,1.1791515316527592,-0.24418801275146812
oscillibacter,0.31519742769577525,-0.7544843320014321,-0.1272647332034162,-0.7760524481918939,-0.23699645930995764
ottowia,0.5468964010088563,1.053913033578165,1.7264782620798216,1.116068389587245,-0.1542476005253603
oxalobacter,0.6305560193993875,1.1413367551082898,0.15314330609802163,-0.4542030287810451,-0.13250292475578634
paenalcaligenes,0.2986337043862994,0.8538323717727216,0.7323926986895166,0.28076366942029496,-0.2582805125838608
paenarthrobacter,0.5111470771618418,-0.5583643704323301,-0.7945689779372556,-0.01936923950885302,-0.12641163647406725
paenibacillus,0.6241691699155036,-0.9494007639144144,-0.8161161752655587,-0.040996748264445396,0.8248146370145092
paludibacter,0.416944685506041,0.19586420975531618,-0.5996754760150407,-1.1748840996188097,-0.23917485158436094
paludibacterium,0.346544161888557,0.3335923745961998,-0.24351929110050477,0.5615479888206218,-0.24997700251894742
paludisphaera,0.6858661331720506,-1.1121839500776804,-0.8220944570533683,-0.8729391622357564,-0.2561309672561182
pantoea,0.5769662159794652,0.11933041702330509,0.1683191473779607,0.21522148390549137,1.0068939872578484
parabacteroides,0.4338148837227338,-0.6684866125209903,-0.14379633760933477,-1.1605091166316315,0.47954906616354065
paraburkholderia,0.5922001623958121,-1.024230021815158,-0.051126382630142665,0.27368398431583385,0.040349134835045826
paracoccus,0.5628981919456705,-0.05095298613648997,1.1981491253856371,0.24761845635312493,0.00825812576829795
parapedobacter,0.4990652989233099,-0.8936197978987706,-0.4827573291111196,-0.47845687757460614,-0.22196420959727836
parasutterella,0.30456290505440275,0.08807726401939397,0.13657638126466248,-0.6717486018087054,-0.16040375507120633
parvibaculum,0.6342442232467785,0.6297943800775313,0.7315909198109378,0.19522387131253058,-0.23908886933613144
parvimonas,0.33464598470826445,0.7834225798785339,-0.06960044539105797,1.064308657865386,-0.2152441546914584
pasteurella,0.3917367830010304,1.2526990068553279,0.45067107170784426,0.4237124472406192,0.20144925308118905
pedobacter,0.6023852478963232,-0.8133624560825536,-0.46362785980264254,-0.9191684714693189,-0.11249407842305591
pelagibacterium,0.570316636128362,-0.3705168787362598,0.25621466371713103,0.7326994456534303,-0.21638999579618542
pelolinea,0.5485274378870898,-1.4124055260265405,-1.1438493228186657,-1.208368869660851,-0.2582805125838608
pelomonas,0.5752371579670594,0.06156163858487674,0.6790076277737314,0.3316655837871581,-0.24049678194249463
peptacetobacter,0.3816476382029155,-0.9860021890079784,-0.3339783616362876,-0.6242322842514346,-0.1660630059448639
peptoniphilus,0.30615454180346446,-0.8763510020970943,-0.7374220902948478,-1.1021051321334177,-0.2582805125838608
peribacillus,0.6852264566736569,-0.7292581850532264,0.06467330159291283,1.5179966139383103,0.06451308751809506
petrimonas,0.5347842072502783,0.6122571673158858,0.887966953917738,-0.40621974518740367,-0.2113153817105002
phaeobacter,0.5427092179619883,0.11221314412486753,0.5577938930724466,1.2962505384109715,-0.2013507656515247
phascolarctobacterium,0.43682401694202383,-0.500464520241763,0.09954004834391493,-0.855315817348756,-0.1586939061982856
phenylobacterium,0.5472085081101212,0.2601496171754526,0.8545240904949379,0.5606014814570012,-0.049809431350320926
photobacterium,0.32809422670366306,0.19174778630478806,-0.08081268049550826,-0.4136332509164716,-0.05349880463340402
phyllobacterium,0.523764042963373,-0.8745838015450372,-0.011413112157410909,-0.47970810131869257,-0.13347974493752646
pigmentiphaga,0.6410673760810762,-0.28022450560001716,2.287272290048085,-0.40460975530879345,-0.22757196828283127
planococcus,0.46403502429043736,-0.10260113146856802,-0.05216714470466983,1.3084141586795779,-0.04647900329906726
polaribacter,0.43950627210699333,0.3570160200310339,-0.4845395306959036,-0.35008822725802347,-0.24731278903012424
polaromonas,0.632706816841513,0.4125163569606728,0.7592247989585174,0.7100228336124021,-0.23081258602638471
polynucleobacter,0.4824473073431999,2.5856241977523324,3.42221550037318,0.3683756302141934,-0.23188178045369828
pontibacter,0.48692541780825205,-0.3620491076306657,-0.3033249385457257,-0.0623771279440201,-0.23700494743855777
porphyromonas,0.3470850398133121,-0.09758768488273804,-0.21295353019534288,-0.7815905296264174,-0.11651167366768246
porticoccus,0.4757525941402914,3.510086692023379,1.4578138002481675,2.026173868500151,-0.24902609759812555
poseidonibacter,0.5372184944031271,0.5453809965362794,-0.6421660382272533,0.2607592296941695,-0.2469115155347624
povalibacter,0.6461909638153857,-0.4725779583702649,-0.017014386145552306,-0.5908133105196305,-0.2420835354218008
prevotella,0.432888650997155,-1.1316046987625175,-0.2620793068874623,-1.7317723669621836,3.123245289813595
priestia,0.655920079870747,-0.45215334677089575,-0.2447354211263641,2.1515327302675997,-0.04598575582958431
prochlorococcus,0.48966226624866127,-0.26755892249038415,-1.008852672178432,-1.1480629186575309,-0.2582805125838608
propionicimonas,0.5024226784697211,-1.0356485501952295,-1.0609885769954577,-0.08157842419114876,-0.20551579247823312
propionivibrio,0.3644489767820636,1.1117091806911115,0.4122344892112059,2.1086645960595725,-0.23862062179982862
prosthecobacter,0.6216190053675025,-1.0326250150133045,-0.8495748207915552,-0.9588171711353461,-0.22971665053973542
prosthecochloris,0.5407692235555134,1.19461632415666,-0.5375458335844477,0.03574687089525603,-0.2582805125838608
proteiniphilum,0.5570687581796465,0.8572656703329987,0.5383437084244813,-0.4862010122317921,-0.11466219300409056
proteus,0.5746973492063635,0.4201328846075097,0.2543712268960438,0.2946351446449759,1.7149000730816655
providencia,0.5778066973774325,0.21286986847079625,0.7082855943725506,0.14976975684732513,1.6573074496525664
pseudidiomarina,0.5994684417088385,2.7951441118175575,1.8058871516689337,2.2235426241154883,-0.21204167771201554
pseudoalteromonas,0.4338406057655891,0.2729707436850734,0.8300795147586967,0.06453730552815518,0.3664125910615161
pseudobacter,0.6216767219132286,-1.287119891703276,-0.6028350870497206,-1.2688413741577322,-0.2560587545663316
pseudobacteroides,0.32261011831100245,-1.3718979875487984,-1.237574294133625,-1.181751587475311,-0.2557200002192856
pseudoclavibacter,0.504874656451254,-0.729091629954956,-0.9026404559645824,-0.10157255479928293,-0.21003201757971865
pseudodesulfovibrio,0.5538747523403852,0.13187225557632715,-0.3985071448453634,0.21796688139925138,-0.248034091284168
pseudoflavonifractor,0.2897544188243766,-1.226993508075453,-0.47601833147860817,-0.9788936788040743,-0.13267157848719632
pseudofulvimonas,0.6135065227889246,0.5171577676401988,0.040210296710609494,-0.09876054338483047,-0.2385771304797785
pseudolabrys,0.6563530625204167,-0.1404403603572461,0.806195308576103,-0.27251328898004684,-0.22091901316016413
pseudomonas,0.5382095563748913,-0.26907429356849677,3.797129045897947,3.727485205874963,1.182982183287722
pseudonocardia,0.567055804476865,-1.023955013325614,-0.8042072495187416,1.2182783594061992,-0.17976729523162974
pseudooceanicola,0.598075125764088,-0.11477054829114149,-0.14435437661181277,-0.26292942914731,-0.2467332794278614
pseudoxanthomonas,0.6113429131638582,1.0042618569887587,1.1688671233579633,1.0253233645898898,-0.08874481543395449
psychrobacillus,0.6318174703927361,-0.6075565380032197,-0.5217191722399473,1.4757489203097334,-0.18089593964786788
psychrobacter,0.1691360055772341,1.0381121131019928,0.09308674531402383,0.9024673736331598,0.25060006646739885
psychroflexus,0.42545721884149806,0.9003998893077315,-0.16547618947135337,-0.4057678511704683,-0.2582805125838608
psychromonas,0.46503719068880234,0.4880409216213715,0.252099481347403,-0.09391257374840918,-0.25410088500676326
puia,0.586664244448808,-0.7527510482509346,-0.5204308462010282,-1.3558858249442656,-0.2319159923858431
pusillimonas,0.6044314821051983,0.08090096408279789,1.53179462500852,0.04169201167436212,-0.2540980223878154
qipengyuania,0.7033597563022436,0.8359513696605678,2.3276395002388717,4.51639358375035,-0.09238597674561021
quisquiliibacterium,0.586895817582311,0.8560981583035915,1.671234684557372,1.608678705581653,-0.2541529779236016
rahnella,0.44636716896970696,0.1425179339182642,0.21199753725470621,0.01720571984184276,-0.0457858665012393
ralstonia,0.6666269632320503,0.028330860122545126,2.737598483716104,2.0042943055774645,0.0009103520499997887
ramlibacter,0.642509640877232,-0.13631318572304257,0.4246771441615754,0.36523135865360273,-0.2582805125838608
raoultibacter,0.5591194375850399,-0.6150278940717159,-1.1804378539724627,0.18229338770686634,-0.2582805125838608
rectinema,0.49431973521152944,-0.5053220552310573,-0.1431118688971833,-0.8754078784976784,-0.22553489753994518
reichenbachiella,0.6500363102942307,-0.37177022121800307,-0.5303232443149207,-0.5245730972876703,-0.254869346836112
reinekea,0.5295766206205698,1.4468255383366577,1.5945450830876016,1.0290513322363617,-0.2582805125838608
rheinheimera,0.47284856884709137,0.8499465295392395,1.170352515747729,1.271135171860426,-0.20060508839354588
rhizobium,0.6336441561713981,-1.2157594550479716,-0.3068009536144247,-0.9001242570843578,0.8741903026657672
rhizomicrobium,0.5000233661290278,0.9609118753420286,0.6500865745853571,0.6724943441166322,-0.19327870930705726
rhodanobacter,0.6240075981606502,0.9495726116393861,1.575428483812067,0.9604452677651542,0.0018557783183378819
rhodobacter,0.6356128038115301,0.17227859069927448,-0.23581959029528768,0.5217792708319566,-0.2582805125838608
rhodococcus,0.5501789628575118,-1.0190349604297975,-0.6365914522535703,0.45711173197641075,0.4338082509878762
rhodocyclus,0.4063916425017596,0.6423577173865862,0.6711025879720722,0.8024162444560086,-0.2582805125838608
rhodoferax,0.677605497860235,0.4995825963974529,0.5588482813372854,0.4468650128601451,-0.08947544907561371
rhodopila,0.675254811015202,-0.6470315133542607,-0.22403370503862485,-0.5838832567831651,-0.2582805125838608
rhodopirellula,0.548856705860633,-0.9918910747921014,-0.23642262915388979,-0.4402295460254293,-0.24650792685673473
rhodoplanes,0.6121898144272604,-0.6086875303902345,0.46255291322092595,-0.4869536251356468,-0.23722820217408788
rhodopseudomonas,0.6201126948756657,-0.10800907873344362,0.826311524553067,-0.1435214188557301,-0.21626283201438323
rhodovastum,0.5068540115922929,-0.7427000448695609,-0.6368350275483937,-0.3090003328851268,-0.25589840659064217
rhodovulum,0.6415559693323225,-0.08390389856994664,0.08061646690891465,-0.2911644242341171,-0.22523105029287507
rickettsia,0.613751278891231,-0.4426289247816121,-0.5877549956332015,-1.7191822291844778,-0.19247197693041682
robiginitalea,0.5780398810991689,0.2584721860921568,-0.10414637375442273,-0.975236835147084,-0.2582805125838608
rodentibacter,0.33254810933336293,1.4902853806048708,0.5179125208143085,-0.4551187538733253,-0.25109797106222653
romboutsia,0.48637059074386024,0.40304556523701707,-0.33337516076106266,-0.623640390249627,-0.16601811112839981
roseburia,0.33182210768959686,-1.214879629998481,-0.6935343980286377,-0.926284936288071,0.13702601334747005
roseiarcus,0.36479387286547477,-0.6308720580438183,-0.18979648796649193,-0.1858488688666202,-0.24640182531945848
roseiflexus,0.21878801099030315,-0.7841949261794228,-0.9816638325465156,-0.15729749090701495,-0.2582805125838608
roseivirga,0.3893706450801086,0.07544466862271974,-0.054425350336155975,-0.7671502296047538,-0.2582805125838608
roseivivax,0.4216887834821227,-0.502589214387771,-0.2006862425669236,0.7067834629825305,-0.2541813236510165
roseomonas,0.5061003418787824,-0.3237016527694872,1.4013435596483605,1.3030683781721937,-0.2303359390271556
roseovarius,0.5087487412789228,0.1163227166174572,0.5256677896536242,0.6706598485002043,-0.20561069110894195
rothia,0.429005280941731,0.577349584961473,-0.15309281357770532,0.7023694206501047,0.19896945724382448
rubellimicrobium,0.39983771286911896,-0.5165068781900038,-0.4122487124070034,-0.8637488939458815,-0.2582805125838608
rubinisphaera,0.5245625816911058,-0.7422646620107679,-0.758992390538615,-0.7049637671574539,-0.24945035150465306
rubrobacter,0.4514332482949554,-0.34318989832139757,-0.8931386891355153,0.8284431684006494,-0.2582805125838608
rudaea,0.5944815800307418,0.1539669137216113,0.925663602656484,-0.4163877153455969,-0.23243857153053246
ruegeria,0.4941287142811694,-0.13806175629073403,-0.03894812059696097,0.21388499068261466,-0.24219641766261907
rufibacter,0.26574404021369114,-0.3214797206011502,-0.15440748088258793,-0.3610272972833489,-0.23120806561684543
ruminiclostridium,0.31040326796391327,-1.039833269236239,-1.1263912351606822,-0.8624218595148747,0.03176711949728312
ruminococcus,0.4303810140469673,-1.165355665283002,-0.981112769785978,-1.2004218009114447,-0.2126405888898325
runella,0.5904084226455253,-1.1721967012288896,-0.3393080370400085,-1.0900039860510469,-0.2091456194806258
ruthenibacterium,0.5320506107239884,-1.139230399926405,-0.9260509996162867,-0.676187670534052,-0.005865335931600142
saccharicrinis,0.38821500633038586,-1.2101455285892597,-0.9236924891918662,-1.266606051669281,-0.2582805125838608
saccharofermentans,0.46356453758016763,-0.9760643360629861,-1.1301990831915663,-0.9809016488337473,-0.22140590682240727
saccharomonospora,0.5273746792811326,-0.821662384491083,-0.7170930795567615,0.4396009469015558,-0.2097447540700883
saccharopolyspora,0.5400384943826115,-1.3544700589022836,-0.814641392820671,-0.202912555870766,-0.170287490447137
saccharospirillum,0.6189257053382212,0.3676620622334342,0.46671469781951025,-0.6391405945663577,-0.2582805125838608
salegentibacter,0.4893758678809536,0.40030661224385017,-0.10647108527446182,-0.5448935669973325,-0.25380255008633507
salinibacter,0.19619563901405945,-0.004175750675325664,0.013743109012010328,-0.18571623964096676,-0.25373829741354303
salinicoccus,0.2557782583890296,1.3807734479471891,1.3221050508517944,2.0848120175322324,-0.12567996883897647
salinicola,0.3901628494886822,0.328171323399321,0.5043426035476708,0.19837453092777488,-0.18871161654926097
salinimicrobium,0.5031572837772694,0.737733513894012,-0.6469735618075626,-0.8177768353284343,-0.25297881926520066
salinisphaera,0.5134278368943588,1.7075894937324343,-0.17145088544881487,2.285804775777459,-0.25186118687163234
saliphagus,0.34071195726688736,-0.8884569618441255,-0.4126484827983671,-0.8640851311854867,-0.2582805125838608
salmonella,0.35517317611204086,0.6282745333863702,4.504536187769303,5.132812438997389,2.8679282745689028
schlesneria,0.4977598371639451,-1.2426643258743832,-0.7994921980409959,-1.049394776246049,-0.2383522932959735
schnuerera,0.6898841195409371,-0.2288334567568907,-0.13669823333187417,-0.4306501304196642,-0.2473163484156852
sediminibacterium,0.5621968375163328,0.15661688092960147,0.06675875195883685,-0.7351672904179442,-0.06468000485088453
selenomonas,0.3077690989109211,-0.3313373938779079,-0.6612266882862644,0.8440196002073402,-0.2513203908810168
serratia,0.5321898466545881,0.16120913095820733,2.1514571505128504,1.006375756881109,1.3196419885225084
shewanella,0.5180014173814038,0.29125342528012854,0.4552851092999984,-0.2701878029760077,1.1676077871965662
singulisphaera,0.6092516783047313,-1.3317528906174851,-0.7977386351364186,-1.2694819555365457,-0.2565050995124322
sinorhizobium,0.5979539322170964,-1.1819582688404293,0.006200187997643125,-0.3111468754899016,-0.09988949363522068
skermanella,0.6393873533699287,-1.3822381503251773,-0.5107150026224243,-0.14617267107078388,-0.25219871136244215
slackia,0.16859318784754937,-0.9686827895620973,-1.2593791585494543,-0.9168010841953468,-0.2582805125838608
sneathiella,0.5514271494624051,0.6310773286113512,0.26263495234570833,-0.07344134304052147,-0.2582805125838608
solibacillus,0.6915152905699923,-0.47090896157936163,-0.6581923484260844,1.5261973357458707,-0.18645244188303797
sorangium,0.5846566304416284,-1.7979021016199837,-1.3159470541118374,-1.3860059925903407,-0.25357112276594335
sphaerisporangium,0.5158154875648016,-1.8463788073417449,-1.396441605411524,-0.4107207365793713,-0.22189039221657444
sphaerochaeta,0.6793267665658097,-0.1422704302039432,0.5669402805093244,-0.31946413585865846,-0.23124250671421123
sphingobacterium,0.5398044624688473,-0.6577904977178043,0.2532714731100772,-0.22229199852581946,0.16478127413500762
sphingobium,0.6303152717725025,0.2271919197735002,2.789334138351467,1.9773390443869345,0.09994661288534842
sphingomonas,0.5327885036503277,0.10728180386162693,1.3967658349061889,0.7013358975256394,0.5285508271666464
sphingopyxis,0.6265548198825109,0.14546620180386569,1.3528050876931839,0.6558971644185658,0.06707798828104106
spiroplasma,0.5552693212086115,-1.3069041314275633,-0.6204996941434081,-1.8400294149721983,-0.2582805125838608
spirosoma,0.5366690423071296,-1.0558543471617643,-0.27027667114683096,-0.8813008551475972,-0.20535021962699515
sporolactobacillus,0.5910014281347359,-0.09356027664293255,-0.674831445765212,1.0683703624836056,-0.16503526271187263
sporomusa,0.43382126491510326,-0.45360201067693534,-0.9394245513495846,0.13478203962124016,-0.2207267501275931
sporosarcina,0.6099848430371752,0.14831296062072874,-0.44709576456507066,1.7683902328246504,-0.1634614278414319
staphylococcus,0.3755869212783757,0.42014308221064484,-0.44033140627062545,1.786198097860229,14.634971172543754
stenotrophomonas,0.56110570505017,-0.13796751742077293,2.2415478188454316,0.9770226607397354,2.4072707632332104
stigmatella,0.6947181437223352,-1.6805691802149487,-1.1862072828278423,-1.0429889863653725,-0.251194205904682
streptococcus,0.36768916497929166,-0.3573961255645568,0.48667211951123424,-0.7780854987411451,11.283721892954514
streptomyces,0.5894255492131495,-1.483480220502205,-1.098384076294267,-0.17512208788460593,5.326655442861682
succiniclasticum,0.48517340031698014,-0.7660494638643507,0.058146906930840465,0.1286742602552119,-0.20897243480364344
succinivibrio,0.2411112232990993,0.5463720625271785,-0.32223882217246574,-1.4251618268069688,-0.21228960110786668
sulfitobacter,0.4696137995550181,0.24740263232192267,0.38081382649399015,0.5301239102882795,-0.22730393959849993
sulfobacillus,0.41326938135666774,-0.6107995521801344,-0.5374568016013858,-0.49873405128855475,-0.2155938798165649
sulfuricaulis,0.4772800178220043,1.4608057605386433,0.9947634750616171,-0.5802134242605456,-0.2582805125838608
sulfuricella,0.36549316085412414,2.544930465685517,1.1498284590410075,1.521255162189092,-0.2582805125838608
sulfuricurvum,0.3454863071694326,2.3830454491015423,0.4256434691814895,-0.2772140943127236,-0.24969852996562622
sulfuriferula,0.43742686759967947,2.080003222177754,1.7407858028294674,2.712308973826828,-0.2582805125838608
sulfurimonas,0.5841273725971909,2.135429493956845,0.10451256681598885,-0.6184732144269836,-0.2501928461360921
sulfurisoma,0.4958370679042478,2.016345022590461,-0.10311103550948279,1.5855207164066991,-0.2582805125838608
sulfuritalea,0.5598991320874498,0.8963877533165879,0.27464591064613575,1.1145100754943924,-0.2488777109608346
sulfuritortus,0.27054510823328215,2.2951275900854795,0.9579473372562894,0.5704322466226178,-0.2582805125838608
sulfurospirillum,0.40076013700419977,0.9347522007011148,-0.4869742195605249,-0.049705246426540284,-0.20953357192943842
sulfurovum,0.5123044350004268,2.936874771586277,0.35876728591646545,0.2924726678471174,-0.2582805125838608
sutterella,0.32314286130509356,0.5845281833389471,-0.7806136676399643,-0.5365166843395557,-0.15687468286428538
symbiobacterium,0.5505508872839722,-0.6225067447461682,-0.4003203405946235,0.17369334186266125,-0.2582805125838608
synechococcus,0.28082076143338486,0.3970255798982245,-0.1986251111246822,0.7897663504690396,-0.24569078588989116
synechocystis,0.2011092194714435,0.7574712845035338,-0.12522513627361107,0.8787764921178274,-0.18511033715707342
syntrophaceticus,0.5148429671017171,0.17706278744477694,-1.0036308239001452,-0.16393792632207416,-0.2582805125838608
syntrophomonas,0.4842940096184801,-0.5285209523876441,-1.023837300136839,-0.2234210566028983,-0.24570422483004065
syntrophorhabdus,0.38250456082954115,0.39884019844039725,-0.5673303438013119,-0.13207296477706168,-0.252965743133995
syntrophotalea,0.47293374792378656,0.2769380530965986,-0.8630043817489899,-0.44665423100858676,-0.2582805125838608
syntrophus,0.3398744759385417,0.031252059562480505,-1.0361780591487584,0.13532065518087405,-0.23984000105130907
tabrizicola,0.6694763735847842,0.020343013915457592,0.011734866543891562,-0.21267239927682313,-0.2532165501215542
tannerella,0.44586210374585955,-0.3018403507834332,-0.216418489510629,-1.2047062167074845,-0.24698348206517093
telluria,0.5035948179795151,-0.6994822268245191,0.2891126122732415,0.2843374393123094,0.051588704299811425
tenacibaculum,0.37761983392087495,0.8668500586930494,0.06403461963029337,0.06517573769540567,-0.2016104322202166
tepidanaerobacter,0.6303467278168028,0.40382642861007756,0.80361640863074,-0.014932776832829758,-0.23698320172225842
terrimicrobium,0.625983794032019,0.28819212624611273,0.8037020472976248,-0.3095546912881392,-0.25147695979814216
terrimonas,0.6419481959331989,-0.12168394807956838,0.10261575149039527,-0.3602427737723738,-0.2544432148822372
terrisporobacter,0.35586516318344674,-0.5016987350569109,-0.51735516672643,-0.4804662030991457,-0.14244130134097163
thalassobaculum,0.5376403306751686,-0.43063687241521525,0.01731260410374234,-0.13766226450284844,-0.25496965206589506
thauera,0.5271339866707234,0.9507522064251289,2.289826630491739,1.9304404596199787,-0.11394796895557155
thermoclostridium,0.6233168500153059,-0.6690629346695752,-0.05099516498702275,-0.9066069981447543,-0.24666212513795696
thermodesulfovibrio,0.5534642140879725,1.4153468005343,-0.378966480607071,0.9426448083790776,-0.24916572825567063
thermomonas,0.6915892931361199,1.4684618009340131,1.0394732578156554,1.5779755033106708,-0.17851014673039267
thermomonospora,0.5604818544047416,-1.3028877098360119,-1.035201698263812,-0.608687233174749,-0.236385341362803
thermus,0.5117927525991428,0.4092016855192976,-0.33062687607781377,0.5110646151332607,-0.20544225555908455
thioalkalivibrio,0.6338651286322216,0.7635250345014897,-0.0517083607031055,-0.27616880173170544,-0.2035337803916081
thiobacillus,0.4532077553711382,1.61056194012793,1.6051152300465124,1.605767899871718,-0.2241361358086927
thiohalocapsa,0.6437920234600509,-0.2628646905067104,-0.1123700257123335,-0.9384680095425877,-0.2550434517896306
thiomicrorhabdus,0.6228140880367513,3.193218781093443,0.2344510448022575,2.3167786653503546,-0.2582805125838608
thiothrix,0.5417595221258862,0.4895519796171729,-0.025651840731066147,-0.8498049785143101,-0.2582805125838608
tissierella,0.4951153121859062,-0.28019858268264464,0.008636803014469702,0.3821381512339895,-0.19407094305662267
treponema,0.3663977048633924,0.06421613820129422,-0.21254884490650292,0.2625175858671761,-0.2364716962335934
trichormus,0.25830049194487226,-1.2786143376780386,-1.1384407457412926,-0.7206920752757554,-0.2458407928063934
uliginosibacterium,0.4453763844284356,0.5929349578868154,0.886595784652214,-0.7261100896189936,-0.21928506601236475
ulvibacter,0.6252733816891223,-0.16151038758918576,-0.7829286208917731,-0.09568912846284328,-0.2582805125838608
undibacterium,0.5032620298848038,0.4551295220496379,1.0013264089777472,0.09027080631565118,-0.21378679138641035
vagococcus,0.5691308720822623,-0.8186865562097125,-0.1383080890278198,-1.3631940648025762,-0.048428452923912645
variibacter,0.567896015036925,-0.5291432836404713,0.23862730993198952,-0.6279820766608075,-0.2507372849275437
variovorax,0.6274753837335001,-0.6900210132126358,0.6234271808301936,-0.19708813111808604,-0.052957637246208784
veillonella,0.32815932926162666,0.38191006245382564,-0.8638323553237778,1.270106408554813,0.10862290934938079
verrucomicrobium,0.6005044683511492,-1.3302274506986804,-0.9208271606270462,-0.6058426577680476,-0.25401328299374115
vibrio,0.40239817819393714,-0.09365260589925302,0.015496266858430164,-0.21712585752911556,2.7579156911695137
vicingus,0.318933833083718,1.386804996289792,0.455557185945457,-1.1193191905880036,-0.23264982438535534
virgibacillus,0.6068803307630488,-0.6855415801188515,-0.3241013091991387,0.4736093758533767,0.009975360010599156
vogesella,0.2747782751188311,0.26321206822369686,0.1392894720212595,0.8377792282162273,-0.25337890821064885
weissella,0.273235735927182,-0.6186052224208144,-0.7459426632528497,-1.103222889821769,-0.23435592245969242
wenzhouxiangella,0.6024526276302895,1.3208520168574802,0.51040526192107,-0.08316358909692058,-0.21951476622874866
winogradskyella,0.3799894164698985,0.3978918932505907,-0.11914408393271143,0.049462563187817506,-0.2533217577450212
woeseia,0.5782884638200384,2.2069324403929156,0.4719363734489432,0.7936398624655853,-0.2582805125838608
wolbachia,0.5978828225867825,1.63716594830219,-0.13275520087695664,-0.6941523292742051,-0.2582805125838608
xanthomonas,0.5336726310114722,-0.6327666171624452,0.3453068694238979,0.9636571348908646,0.09501777622312649
xenorhabdus,0.46506751134909613,0.416506208266031,-0.43116880833567,-1.2844450355587782,0.04513290672589426
yoonia,0.5542731577120891,0.29541673000270297,0.1002771652928592,-0.23543298187149717,-0.25305513692558773
zobellella,0.5918465363817605,0.9168665114611113,0.07963699528694734,0.32218305816766374,-0.2582805125838608
zoogloea,0.5418412531519626,0.9024765160444721,1.293670099476512,1.3460507759878995,-0.2221065250957586
