species,short_name,n_genomes,r_emb_jaccard,r_ani_jaccard,r_partial_emb_jaccard,p_partial_emb,group,frac_env,frac_human,n_env,n_human,n_total
s__Acinetobacter_baumannii--RS_GCF_009759685.1,Acinetobacter_baumannii,3505,,0.8710243456216383,,,Human-associated,0.032,0.568,8,142,250
s__Mycobacterium_tuberculosis--RS_GCF_000195955.2,Mycobacterium_tuberculosis,2556,,0.3893305058195021,,,Human-associated,0.0,0.716,0,179,250
s__Enterobacter_hormaechei_A--RS_GCF_001729745.1,Enterobacter_hormaechei_A,812,0.1589441013547413,0.6647854516518128,0.187425189622655,0.0,Human-associated,0.04,0.676,10,169,250
s__Enterococcus_B_faecium--RS_GCF_001544255.1,Enterococcus_B_faecium,805,,0.7102269041133044,,,Human-associated,0.044,0.608,11,152,250
s__Vibrio_cholerae--RS_GCF_000621645.1,Vibrio_cholerae,541,,0.8221724410630076,,,Mixed/Other,0.144,0.248,36,62,250
s__Haemophilus_influenzae--RS_GCF_001457655.1,Haemophilus_influenzae,329,-0.0144515524303069,0.7622577360797995,-0.1175042662262171,3.7402065603086694e-165,Human-associated,0.0,0.92,0,230,250
s__Neisseria_gonorrhoeae--RS_GCF_003315235.1,Neisseria_gonorrhoeae,304,,0.5777865596533365,,,Mixed/Other,0.0,0.184,0,46,250
s__Burkholderia_cenocepacia--RS_GCF_900446215.1,Burkholderia_cenocepacia,266,0.1521460581245319,0.8705640637720653,-0.0183049607617839,0.0005889004375289,Human-associated,0.024,0.94,6,235,250
s__Burkholderia_ubonensis--RS_GCF_902833085.1,Burkholderia_ubonensis,257,0.401678193987594,0.8138587297107005,-0.3563859253731041,0.0,Environmental,0.952,0.0,238,0,250
s__Helicobacter_pylori--RS_GCF_900478295.1,Helicobacter_pylori,251,0.2734884302332481,0.5101957195719494,0.0857222220973422,2.972659461457716e-52,Mixed/Other,0.0,0.164,0,41,250
s__Burkholderia_multivorans--RS_GCF_000959525.1,Burkholderia_multivorans,250,0.5979128562803379,0.8597139803758681,0.2345799553574815,0.0,Human-associated,0.032,0.892,8,223,250
s__Helicobacter_pylori_C--RS_GCF_000277405.1,Helicobacter_pylori_C,247,0.4360030505150591,0.8225128892784759,0.0527578752598879,3.519874058361339e-20,Mixed/Other,0.0,0.291497975708502,0,72,247
s__Corynebacterium_diphtheriae--RS_GCF_001457455.1,Corynebacterium_diphtheriae,230,0.2335802679356344,0.9107105512533036,0.2949098902016581,0.0,Human-associated,0.0,0.5043478260869565,0,116,230
s__Citrobacter_freundii--RS_GCF_011064845.1,Citrobacter_freundii,215,,0.5288943636593716,,,Human-associated,0.05116279069767442,0.5627906976744186,11,121,215
s__Klebsiella_variicola--RS_GCF_000828055.2,Klebsiella_variicola,205,0.1422404487166318,0.4894849836069485,0.0954071949563228,1.7546333220241305e-43,Human-associated,0.014634146341463415,0.7268292682926829,3,149,205
s__Helicobacter_pylori_CI--RS_GCF_000448485.1,Helicobacter_pylori_CI,176,0.1713416409143524,0.5887642555108372,-0.073249592664163,8.90719444712338e-20,Mixed/Other,0.0,0.2159090909090909,0,38,176
s__Klebsiella_aerogenes--RS_GCF_000215745.1,Klebsiella_aerogenes,152,0.2547029002341988,0.5199582121015407,0.270742661905533,5.8176213687720266e-192,Mixed/Other,0.06578947368421052,0.3157894736842105,10,48,152
s__Bacteroides_uniformis--GB_GCA_025147485.1,Bacteroides_uniformis,142,0.4801038900379567,0.6710772996147163,0.4401031453494136,0.0,Mixed/Other,0.0,0.3873239436619718,0,55,142
s__Enterobacter_roggenkampii--RS_GCF_001729805.1,Enterobacter_roggenkampii,142,,0.426449728886859,,,Human-associated,0.035211267605633804,0.5774647887323944,5,82,142
s__Staphylococcus_pseudintermedius--RS_GCF_001792775.2,Staphylococcus_pseudintermedius,138,0.2304158614517659,0.8037141872184642,-0.0669888450562094,7.051576601638879e-11,Human-associated,0.0,0.5652173913043478,0,78,138
s__Bacteroides_xylanisolvens--RS_GCF_000210075.1,Bacteroides_xylanisolvens,138,0.4174328526230673,0.8695141202567821,0.0688369662367531,2.0864375686422097e-11,Mixed/Other,0.0,0.2391304347826087,0,33,138
s__Klebsiella_michiganensis--RS_GCF_002925905.1,Klebsiella_michiganensis,137,0.1419760440199639,0.6811118300464827,0.0565700731014894,4.661699736642307e-08,Human-associated,0.021897810218978103,0.708029197080292,3,97,137
s__Burkholderia_cepacia--RS_GCF_001411495.1,Burkholderia_cepacia,134,0.3075905604341944,0.7125557192327415,0.2403411552233784,2.754309638828742e-117,Environmental,0.6343283582089553,0.208955223880597,85,28,134
s__Cutibacterium_acnes--RS_GCF_003030305.1,Cutibacterium_acnes,134,,0.5954317244606698,,,Mixed/Other,0.08208955223880597,0.47761194029850745,11,64,134
s__Enterobacter_kobei--RS_GCF_001729765.1,Enterobacter_kobei,131,0.270764808029952,0.5147524343321273,0.2310633242751936,1.3931061940811593e-103,Human-associated,0.07633587786259542,0.5877862595419847,10,77,131
s__Enterococcus_B_hirae--RS_GCF_000271405.2,Enterococcus_B_hirae,127,0.8381831520818988,0.9020297683605676,0.1091907413744918,1.186511273085838e-22,Mixed/Other,0.023622047244094488,0.047244094488188976,3,6,127
s__Stenotrophomonas_maltophilia--RS_GCF_900186865.1,Stenotrophomonas_maltophilia,115,0.1462383644875949,0.7594279437232238,-0.222998518349124,1.154485721939707e-74,Human-associated,0.06956521739130435,0.7043478260869566,8,81,115
s__Vibrio_vulnificus--RS_GCF_002224265.1,Vibrio_vulnificus,112,,0.4354961822620253,,,Mixed/Other,0.07142857142857142,0.19642857142857142,8,22,112
s__Vibrio_alginolyticus--RS_GCF_000354175.2,Vibrio_alginolyticus,108,,0.2141311953895182,,,Mixed/Other,0.14814814814814814,0.0,16,0,108
s__Akkermansia_muciniphila--RS_GCF_000020225.1,Akkermansia_muciniphila,107,0.543826735361203,0.7794596788581653,0.2338451040180482,2.6826560497739546e-71,Human-associated,0.0,0.7757009345794392,0,83,107
s__Enterobacter_cloacae--RS_GCF_000025565.1,Enterobacter_cloacae,104,0.1139307297882119,0.3294344470591102,0.115785863059456,1.8897430686429326e-17,Human-associated,0.038461538461538464,0.5192307692307693,4,54,104
s__Sinorhizobium_meliloti--RS_GCF_017876815.1,Sinorhizobium_meliloti,104,0.0533363689564654,0.7084929831725193,-0.0181507434915201,0.1841265663453097,Environmental,0.9230769230769231,0.0,96,0,104
s__Burkholderia_stagnalis--RS_GCF_902830275.1,Burkholderia_stagnalis,99,0.2658072709253635,0.8995245541476139,0.2282431110494078,2.319866603263842e-58,Environmental,0.9696969696969697,0.0,96,0,99
s__Klebsiella_oxytoca--RS_GCF_001598695.1,Klebsiella_oxytoca,95,0.2057300491626709,0.6119981547616289,0.2428620820097877,5.9428712313786916e-61,Human-associated,0.0,0.8842105263157894,0,84,95
s__Agathobacter_rectalis--GB_GCA_000020605.1,Agathobacter_rectalis,93,0.2702819929651504,0.5991484189060851,0.1815989213049178,4.8654104760035855e-33,Human-associated,0.0,0.7849462365591398,0,73,93
s__Prevotella_copri_A--RS_GCF_002224675.1,Prevotella_copri_A,88,0.3179153336417799,0.7428909427815323,-0.082701614766815,2.9923880032367936e-07,Human-associated,0.0,1.0,0,88,88
s__Serratia_ureilytica--RS_GCF_013375155.1,Serratia_ureilytica,86,0.3111391852200523,0.6537864876977593,0.2666926942283811,1.468938428741214e-60,Human-associated,0.03488372093023256,0.8488372093023255,3,73,86
s__Acinetobacter_sp002018365--RS_GCF_002018365.1,Acinetobacter_sp002018365,77,0.0386294136059843,0.7706171734600293,-0.0033919810950264,0.8544818919588051,Human-associated,0.03896103896103896,0.8571428571428571,3,66,77
s__Enterobacter_bugandensis--RS_GCF_900324475.1,Enterobacter_bugandensis,77,0.2127637397522164,0.7010894067881605,0.1521096355535166,1.3100623981283626e-16,Human-associated,0.06493506493506493,0.7402597402597403,5,57,77
s__Acinetobacter_nosocomialis--RS_GCF_000368085.1,Acinetobacter_nosocomialis,75,,0.6486533741079314,,,Human-associated,0.013333333333333334,0.68,1,51,75
s__Enterococcus_B_durans--RS_GCF_001544215.1,Enterococcus_B_durans,74,0.807838771164818,0.8874801598854336,0.6777990844328229,0.0,Mixed/Other,0.0,0.013513513513513514,0,1,74
s__Akkermansia_sp004167605--RS_GCF_004167605.1,Akkermansia_sp004167605,70,0.7460824758977979,0.8159810601631785,0.0797706567323923,8.695817036996425e-05,Human-associated,0.0,1.0,0,70,70
s__Streptococcus_suis_W--RS_GCF_902702775.1,Streptococcus_suis_W,70,0.1111097805754775,0.8738662903887882,-0.2971242061502758,2.0282093577691364e-50,Human-associated,0.0,0.6857142857142857,0,48,70
s__Listeria_monocytogenes_C--RS_GCF_013282665.1,Listeria_monocytogenes_C,69,0.512933866871523,0.5797981474767427,0.4436182959665695,1.0575684330546063e-113,Environmental,0.7681159420289855,0.13043478260869565,53,9,69
s__Burkholderia_orbicola--RS_GCF_014211915.1,Burkholderia_orbicola,66,0.1839072692571212,0.4090623060975867,0.1083243264069988,4.93487397946457e-07,Human-associated,0.13636363636363635,0.6818181818181818,9,45,66
s__Prochlorococcus_A_sp000635495--GB_GCA_000635495.1,Prochlorococcus_A_sp000635495,65,,-0.0532151978263245,,,Environmental,0.9846153846153847,0.0,64,0,65
s__Mesorhizobium_sp002294985--RS_GCF_002294985.1,Mesorhizobium_sp002294985,65,-0.0137298827172861,0.6328817747098909,-0.0869129030609621,7.218469311077435e-05,Environmental,0.9846153846153847,0.0,64,0,65
s__Mesorhizobium_wenxiniae--RS_GCF_002284535.1,Mesorhizobium_wenxiniae,64,0.2972004745998797,0.7970963134331505,0.1804857853051234,3.190135901896242e-16,Environmental,1.0,0.0,64,0,64
s__Citrobacter_B_koseri--GB_GCA_900446925.1,Citrobacter_B_koseri,64,0.248721169892923,0.935319663919941,0.313131859074733,4.1701607205095257e-47,Human-associated,0.0,0.953125,0,61,64
s__Methanosarcina_mazei--RS_GCF_000970205.1,Methanosarcina_mazei,63,0.6633830164309714,0.7704144576107421,0.7822174447125195,0.0,Environmental,0.8888888888888888,0.047619047619047616,56,3,63
s__Blautia_A_wexlerae--GB_GCA_025148125.1,Blautia_A_wexlerae,63,0.3600681216063562,0.6305084411124303,0.1959794333887416,2.326691883849897e-18,Mixed/Other,0.0,0.47619047619047616,0,30,63
s__Aeromonas_veronii--RS_GCF_000820225.1,Aeromonas_veronii,62,0.2233485131275018,0.6381869354132277,-0.0975440480646561,2.146353079097168e-05,Mixed/Other,0.08064516129032258,0.1935483870967742,5,12,62
s__Microcystis_sp002282935--GB_GCA_002282935.1,Microcystis_sp002282935,62,0.4005157685399518,0.958761285491166,0.080924982151186,0.0004274561694121,Environmental,1.0,0.0,62,0,62
s__Mycoplasmoides_pneumoniae--RS_GCF_001272835.1,Mycoplasmoides_pneumoniae,62,,0.905022926380132,,,Mixed/Other,0.0,0.14516129032258066,0,9,62
s__Burkholderia_vietnamiensis--RS_GCF_000959445.1,Burkholderia_vietnamiensis,62,0.066248488541083,0.4339450776644585,0.0526190822259882,0.0221231885107709,Mixed/Other,0.43548387096774194,0.45161290322580644,27,28,62
s__Citrobacter_portucalensis--RS_GCF_002042885.1,Citrobacter_portucalensis,60,0.0980916329203951,0.562100313961,0.1358958745184894,9.47142292833083e-09,Human-associated,0.015151515151515152,0.6515151515151515,1,43,66
s__Staphylococcus_capitis--RS_GCF_002902325.1,Staphylococcus_capitis,58,0.2090912410132565,0.752526570986928,0.0476736865027107,0.052634248774701,Human-associated,0.0,0.6379310344827587,0,37,58
s__Bifidobacterium_bifidum--RS_GCF_001025135.1,Bifidobacterium_bifidum,57,0.170866712191044,0.7902347900369493,0.0083960641345623,0.7375001651358492,Human-associated,0.0,0.543859649122807,0,31,57
s__Aeromonas_hydrophila--RS_GCF_000014805.1,Aeromonas_hydrophila,57,0.3719846273810915,0.8111936815206368,0.1268883855801207,3.661094833062183e-07,Mixed/Other,0.05263157894736842,0.08771929824561403,3,5,57
s__Enterobacter_cloacae_M--RS_GCF_002208095.1,Enterobacter_cloacae_M,56,,0.5708223841558386,,,Human-associated,0.08928571428571429,0.5357142857142857,5,30,56
s__Klebsiella_ornithinolytica--RS_GCF_001598295.1,Klebsiella_ornithinolytica,56,0.1315009649228486,0.7983645687491925,-0.0534853367150998,0.0358421067645072,Human-associated,0.05357142857142857,0.5714285714285714,3,32,56
s__Curtobacterium_flaccumfaciens--RS_GCF_013359815.1,Curtobacterium_flaccumfaciens,56,0.3100950203447765,0.82594614927816,0.2195162318182804,2.9349149215986457e-18,Mixed/Other,0.05357142857142857,0.0,3,0,56
s__Succinivibrio_sp000431835--GB_GCA_000431835.1,Succinivibrio_sp000431835,55,0.4347845552230482,0.4507179603452915,0.2113097497543587,1.884601185892426e-16,Human-associated,0.0,1.0,0,55,55
s__Mesorhizobium_muleiense--RS_GCF_900099905.1,Mesorhizobium_muleiense,55,0.2288438898480633,0.8245950758716222,0.115390558129988,8.280161622942386e-06,Environmental,1.0,0.0,55,0,55
s__Streptococcus_pseudopneumoniae--RS_GCF_002087075.1,Streptococcus_pseudopneumoniae,54,,0.8880675002936368,,,Mixed/Other,0.0,0.46296296296296297,0,25,54
s__Haemophilus_influenzae_E--RS_GCF_019703545.1,Haemophilus_influenzae_E,54,0.2135529865860897,0.7987841165038898,0.015825247859494,0.5497327335124658,Human-associated,0.0,0.9259259259259259,0,50,54
s__Streptococcus_sp001556435--RS_GCF_009738225.1,Streptococcus_sp001556435,54,0.2896578279963677,0.6856911136724108,0.1006015554190389,0.0001378688930037,Mixed/Other,0.0,0.42592592592592593,0,23,54
s__Burkholderia_contaminans--RS_GCF_000987075.1,Burkholderia_contaminans,54,0.2819793756933952,0.8398405807533899,0.2887044751814569,7.160726493419347e-29,Mixed/Other,0.09259259259259259,0.2037037037037037,5,11,54
s__Pseudomonas_E_syringae_M--RS_GCF_009176725.1,Pseudomonas_E_syringae_M,53,0.1440100080006475,0.5890726924642827,0.0034761223481591,0.897419452240388,Mixed/Other,0.0,0.0,0,0,53
s__Fimenecus_sp000432435--GB_GCA_000432435.1,Fimenecus_sp000432435,53,0.1186697588099886,0.3497082837866468,0.1549422320052716,7.408002534061988e-09,Human-associated,0.0,0.8679245283018868,0,46,53
s__CAG-349_sp003539515--GB_GCA_022009995.1,CAG-349_sp003539515,52,0.0562606252830196,0.2884788448557644,-0.0984645443004447,0.0003295846278581,Human-associated,0.0,1.0,0,52,52
s__Parabacteroides_merdae--GB_GCA_025151215.1,Parabacteroides_merdae,52,0.4260879844437056,0.5827263376649738,0.4794860616874262,3.553642560369053e-77,Human-associated,0.0,0.5384615384615384,0,28,52
s__Achromobacter_xylosoxidans--RS_GCF_001457475.1,Achromobacter_xylosoxidans,51,0.0129764665374731,0.6217094477074642,0.048220178768628,0.0852295595111203,Human-associated,0.0196078431372549,0.8627450980392157,1,44,51
s__Phenylobacterium_sp020401865--GB_GCA_020401865.1,Phenylobacterium_sp020401865,51,0.5218296779398274,0.6053103887423463,-0.3917634057731723,4.9672804366852753e-48,Environmental,0.9803921568627451,0.0,50,0,51
s__Thiolapillus_brandeum_A--GB_GCA_011051425.1,Thiolapillus_brandeum_A,51,,0.443775141885275,,,Environmental,1.0,0.0,51,0,51
s__Sulfitobacter_mediterraneus--RS_GCF_003054325.1,Sulfitobacter_mediterraneus,50,0.4433666337539038,0.9985726051030634,-0.3357222878079961,1.1794512379004512e-33,Mixed/Other,0.04,0.0,2,0,50
s__Ruminococcus_E_bromii_B--RS_GCF_002834235.1,Ruminococcus_E_bromii_B,48,0.2102679604557058,0.5203819356659692,0.1701856287114194,8.846878384827922e-09,Human-associated,0.0,0.5833333333333334,0,28,48
s__Borreliella_burgdorferi--RS_GCF_000008685.2,Borreliella_burgdorferi,48,0.0432345460227255,0.676154392041275,0.0390149854578834,0.1904016797350137,Mixed/Other,0.0,0.10416666666666667,0,5,48
s__Faecalibacterium_longum--RS_GCF_020687245.1,Faecalibacterium_longum,47,-0.0265007424660833,0.2942832484152743,-0.2079401559950984,5.039145075954534e-12,Human-associated,0.0,0.9148936170212766,0,43,47
s__Microcoleus_sp004292955--GB_GCA_004292955.1,Microcoleus_sp004292955,47,0.0784923227533404,0.2825089008159897,0.0432938093072916,0.1548932160853436,Environmental,1.0,0.0,47,0,47
s__Treponema_pallidum--RS_GCF_000410535.2,Treponema_pallidum,46,0.3543308117971075,0.6540878753935132,-0.0714595197387235,0.0214983771582316,Mixed/Other,0.0,0.17391304347826086,0,8,46
s__Rhizobium_leguminosarum_L--RS_GCF_000009265.1,Rhizobium_leguminosarum_L,46,0.6432910753459432,0.8894682922238039,0.5144290867122846,5.375024857857697e-71,Environmental,0.6956521739130435,0.0,32,0,46
s__Acinetobacter_indicus--RS_GCF_000488255.1,Acinetobacter_indicus,46,0.2369856605097356,0.8088402309031946,0.0807749872947255,0.0093290465260383,Human-associated,0.043478260869565216,0.9347826086956522,2,43,46
s__Pseudosulfitobacter_pseudonitzschiae--RS_GCF_900129395.1,Pseudosulfitobacter_pseudonitzschiae,46,0.8774023761203343,0.8829438525898142,-0.2766812002580636,1.2114136434443065e-19,Mixed/Other,0.0,0.0,0,0,46
s__Epibacterium_mobile--RS_GCF_001681715.1,Epibacterium_mobile,45,,0.9609976418647876,,,Environmental,0.8888888888888888,0.0,40,0,45
s__Cryptobacteroides_sp000433355--GB_GCA_000433355.1,Cryptobacteroides_sp000433355,45,0.4366575676996454,0.6212365970127827,0.3493616955260983,8.536320595890802e-30,Human-associated,0.0,1.0,0,45,45
s__UBA11524_sp000437595--GB_GCA_000437595.1,UBA11524_sp000437595,44,0.1849495257128892,0.5498991076031291,0.0681262770316682,0.0361681862456816,Human-associated,0.0,0.75,0,33,44
s__Prevotella_sp900313215--RS_GCF_009495355.1,Prevotella_sp900313215,44,0.1025865288504676,0.5026164908389222,-0.0265675974698915,0.4143821678274398,Human-associated,0.0,1.0,0,44,44
s__Ligilactobacillus_murinus--RS_GCF_001591685.1,Ligilactobacillus_murinus,43,0.7258807044481416,0.9410910439741978,0.3306440262985024,1.7769970529551635e-24,Mixed/Other,0.0,0.16279069767441862,0,7,43
s__Clostridium_H_botulinum_B--RS_GCF_000204565.1,Clostridium_H_botulinum_B,42,0.0720080097471746,0.7966679422075483,-0.0100317024413801,0.7688052692388185,Mixed/Other,0.023809523809523808,0.09523809523809523,1,4,42
s__Ligilactobacillus_ruminis--RS_GCF_900113455.1,Ligilactobacillus_ruminis,42,0.6770565767353268,0.8751473941846153,0.3363603412475562,3.2229808904450313e-24,Mixed/Other,0.0,0.2857142857142857,0,12,42
s__Phocaeicola_dorei--RS_GCF_013009555.1,Phocaeicola_dorei,42,0.5226381636083327,0.8817581626382984,0.5316375104144565,5.5904185911583614e-64,Human-associated,0.0,0.9047619047619048,0,38,42
s__Prevotella_sp934191715--GB_GCA_934191715.1,Prevotella_sp934191715,42,0.1093427326962967,0.3433932683712351,-0.0458592096095188,0.1788222671392073,Human-associated,0.0,1.0,0,42,42
s__Bacteroides_caccae--RS_GCF_002222615.2,Bacteroides_caccae,41,0.4834783771007709,0.8461621736226542,0.7259249969779777,4.117422694202306e-135,Human-associated,0.0,0.9512195121951219,0,39,41
s__Bacteroides_salyersiae--RS_GCF_000381365.1,Bacteroides_salyersiae,41,0.5088656971612963,0.886857649365246,0.2077013561673686,1.9229591507551256e-09,Human-associated,0.0,0.6829268292682927,0,28,41
s__Thermus_scotoductus--RS_GCF_000381045.1,Thermus_scotoductus,41,0.2807876652025541,0.9534830776314412,-0.1200401021205981,0.0005718107206633,Mixed/Other,0.07317073170731707,0.0,3,0,41
s__Gemmiger_qucibialis--GB_GCA_004000625.1,Gemmiger_qucibialis,40,-0.0757082063439937,0.5027437692061767,-0.1317615547011887,0.0002241677105935,Human-associated,0.0,0.75,0,30,40
s__Bifidobacterium_infantis--RS_GCF_000269965.1,Bifidobacterium_infantis,40,0.0122701857020024,0.5803439289668577,-0.0103456854547677,0.772976578548989,Human-associated,0.0,0.95,0,38,40
s__CAG-177_sp003514385--GB_GCA_003514385.1,CAG-177_sp003514385,40,0.1652361443691904,0.3958106499757629,0.0134054150414437,0.7085462503893897,Human-associated,0.0,1.0,0,40,40
s__Staphylococcus_warneri--RS_GCF_900636385.1,Staphylococcus_warneri,40,0.3927847838312302,0.4677765563844746,0.4213202595841849,6.528493467667478e-35,Mixed/Other,0.025,0.45,1,18,40
s__Limisoma_sp000437795--GB_GCA_022009815.1,Limisoma_sp000437795,39,0.1202112828712118,0.0251079573830982,0.1237373078269532,0.0007365858352344,Human-associated,0.0,0.9487179487179487,0,37,39
s__Pseudomonas_E_syringae_Q--RS_GCF_023278085.1,Pseudomonas_E_syringae_Q,38,0.0698210576358407,0.6868011569538627,0.0553993125176648,0.142273085754348,Mixed/Other,0.0,0.0,0,0,38
s__Acinetobacter_towneri--RS_GCF_000368785.1,Acinetobacter_towneri,38,0.3016132939422999,0.3416763124881654,0.2779256242779438,6.181296939996643e-14,Human-associated,0.07894736842105263,0.7368421052631579,3,28,38
s__PeH17_sp000435055--GB_GCA_000435055.1,PeH17_sp000435055,38,0.1584981606159695,0.4084167635889354,0.0780244477531783,0.0386189676530379,Human-associated,0.0,0.9210526315789473,0,35,38
s__Riemerella_anatipestifer--RS_GCF_000252855.1,Riemerella_anatipestifer,38,-0.0082532762672885,0.9811680309215473,-0.0036731243733153,0.922554244110711,Mixed/Other,0.0,0.05263157894736842,0,2,38
s__Corynebacterium_pseudotuberculosis--RS_GCF_002155265.1,Corynebacterium_pseudotuberculosis,38,0.3490977375138545,0.9107753682473136,0.4454625737877459,1.4382120752210657e-35,Mixed/Other,0.0,0.05263157894736842,0,2,38
s__Haemophilus_influenzae_D--RS_GCF_900475755.1,Haemophilus_influenzae_D,37,0.0896372584243032,0.8758206568513361,-0.0117917179917007,0.7613202686777651,Human-associated,0.0,0.918918918918919,0,34,37
s__Sodaliphilus_sp004557565--GB_GCA_004557565.1,Sodaliphilus_sp004557565,37,0.2991876925919505,0.3404211648663895,0.0868734677357139,0.0249633170525244,Human-associated,0.0,1.0,0,37,37
s__Prevotella_melaninogenica--RS_GCF_000144405.1,Prevotella_melaninogenica,35,-0.1754379711482483,0.2939395472830458,-0.1960231047505803,1.4479779181727006e-06,Human-associated,0.0,1.0,0,35,35
s__Microcystis_aeruginosa--RS_GCF_000010625.1,Microcystis_aeruginosa,35,0.3017211858222532,0.9712715138603484,0.3806849078905496,5.892631573801386e-22,Environmental,0.9142857142857143,0.0,32,0,35
s__Bacteroides_stercoris--GB_GCA_025147325.1,Bacteroides_stercoris,35,0.3172326847845361,0.901990037609952,0.3565655783688936,2.808230895972132e-19,Mixed/Other,0.0,0.4,0,14,35
s__Pseudomonas_E_asiatica--RS_GCF_009932335.1,Pseudomonas_E_asiatica,35,0.4430853075172616,0.6328051558701624,0.3063764736035313,2.1363360631372024e-14,Mixed/Other,0.2857142857142857,0.08571428571428572,10,3,35
s__Clavibacter_michiganensis--RS_GCF_021216655.1,Clavibacter_michiganensis,35,-0.2343703504811941,0.3138772380466774,-0.2667695066114568,3.747061356893014e-11,Environmental,0.8285714285714286,0.05714285714285714,29,2,35
s__Streptococcus_lutetiensis--RS_GCF_900475675.1,Streptococcus_lutetiensis,35,0.4509747467852494,0.3914723123542018,0.3885907769149442,6.957166269217692e-23,Human-associated,0.0,1.0,0,35,35
s__Faecalibacterium_prausnitzii--RS_GCF_003324185.1,Faecalibacterium_prausnitzii,35,0.5685719260767081,0.8437520910964655,0.332946348875378,7.20790350793371e-17,Mixed/Other,0.0,0.4,0,14,35
s__Rhizobium_leguminosarum_E--RS_GCF_000769405.2,Rhizobium_leguminosarum_E,34,0.0375969337475946,0.9605598101591764,-0.0344834819452689,0.4149709374827169,Environmental,0.9411764705882353,0.0,32,0,34
s__Escherichia_sp005843885--RS_GCF_005843885.1,Escherichia_sp005843885,34,-0.1760302587001162,0.382308041455239,-0.1622152568650885,0.0001137781218495,Mixed/Other,0.17647058823529413,0.0,6,0,34
s__Phil1_sp001940855--GB_GCA_001940855.1,Phil1_sp001940855,34,0.2051519610205889,0.2796937885725192,0.1159125857754812,0.0059852749204782,Human-associated,0.0,0.9411764705882353,0,32,34
s__Burkholderia_territorii--RS_GCF_902833055.1,Burkholderia_territorii,34,0.2631732119266823,0.8482601990185596,0.4246903888118964,5.674157628679359e-26,Environmental,0.9411764705882353,0.029411764705882353,32,1,34
s__Providencia_rettgeri_A--RS_GCF_001874625.1,Providencia_rettgeri_A,34,0.4887854807194874,0.9134990793080072,-0.288465008733725,3.2655351788306733e-12,Mixed/Other,0.0,0.058823529411764705,0,2,34
s__Stenotrophomonas_sepilia--RS_GCF_003244875.1,Stenotrophomonas_sepilia,34,0.747094379732684,0.891951182126967,-0.0100811775666314,0.8116867449322888,Human-associated,0.058823529411764705,0.6470588235294118,2,22,34
s__Clostridium_AQ_innocuum--RS_GCF_012317185.1,Clostridium_AQ_innocuum,32,0.4323420573911237,0.7803193099060892,0.5402054207344631,6.3884339137656e-39,Human-associated,0.0,0.5625,0,18,32
s__Gemmiger_formicilis--RS_GCF_900167555.1,Gemmiger_formicilis,32,0.5446530897559654,0.6068291393063793,0.4723685361676493,6.213561937361769e-29,Human-associated,0.0,0.5625,0,18,32
s__Methylopumilus_universalis--RS_GCF_006365315.1,Methylopumilus_universalis,32,0.7231436421837025,0.2971152563857225,0.6934527244215428,2.4250606882310417e-72,Mixed/Other,0.34375,0.0,11,0,32
s__Veillonella_parvula_A--RS_GCF_902810435.1,Veillonella_parvula_A,31,-0.228479921455953,0.3427946002571521,-0.2364434166890117,2.492979196532565e-07,Human-associated,0.0,0.8709677419354839,0,27,31
s__Ruminiclostridium_E_siraeum--GB_GCA_025150425.1,Ruminiclostridium_E_siraeum,31,0.167895292872135,0.419157803425829,0.1023092924250949,0.0273814309181701,Human-associated,0.0,0.9032258064516129,0,28,31
s__Ruthenibacterium_lactatiformans--RS_GCF_000949455.1,Ruthenibacterium_lactatiformans,31,0.5238101726330843,0.7365130992593721,0.4754434097952381,1.337135466519354e-27,Human-associated,0.0,0.5806451612903226,0,18,31
s__Francisella_philomiragia--RS_GCF_000156715.1,Francisella_philomiragia,31,0.1759524423873592,0.9896532841999686,-0.3810681648345416,1.6132068895416724e-17,Mixed/Other,0.25806451612903225,0.03225806451612903,8,1,31
s__Mesorhizobium_sp003952425--RS_GCF_003952425.1,Mesorhizobium_sp003952425,31,0.0376295250145591,0.5863902500749386,-0.1098780092241712,0.0177785985490531,Environmental,1.0,0.0,31,0,31
s__Citrobacter_werkmanii--GB_GCA_000759755.1,Citrobacter_werkmanii,31,0.3937534586310603,0.4675766419578933,0.4687950617124755,8.79777081614909e-27,Mixed/Other,0.03225806451612903,0.4838709677419355,1,15,31
s__SFEL01_sp004557245--GB_GCA_004557245.1,SFEL01_sp004557245,31,0.3270731348458685,0.5360708435235502,-0.0379157798537298,0.4146698758797819,Human-associated,0.0,1.0,0,31,31
s__Alloprevotella_timonensis--RS_GCF_900106785.1,Alloprevotella_timonensis,30,0.4409141570935762,0.6602115935267303,0.4101255233079436,4.461554395869368e-19,Human-associated,0.0,1.0,0,30,30
s__Thiodiazotropha_endolucinida--RS_GCF_001715975.1,Thiodiazotropha_endolucinida,30,0.2532999631221185,0.5974416524095938,0.1369968418312477,0.0042020400550555,Mixed/Other,0.0,0.0,0,0,30
s__Phocaeicola_plebeius_A--RS_GCF_003437535.1,Phocaeicola_plebeius_A,30,-0.0663670838092059,0.4735106431660699,-0.0487038077256554,0.3108323010331632,Human-associated,0.0,0.9333333333333333,0,28,30
s__Ruminococcus_D_bicirculans--RS_GCF_000723465.1,Ruminococcus_D_bicirculans,30,0.0185572366667833,0.5384434284836299,-0.057275949997823,0.2332117592703013,Human-associated,0.0,0.9666666666666667,0,29,30
s__Acinetobacter_bereziniae--RS_GCF_000368925.1,Acinetobacter_bereziniae,30,0.5205037783670623,0.6837044773659166,0.5159990588260667,5.736005009099213e-31,Human-associated,0.03333333333333333,0.6666666666666666,1,20,30
s__Prevotella_sp000434975--RS_GCF_019052365.1,Prevotella_sp000434975,30,0.4670698296882398,0.2855403347550317,0.5321698006415299,3.5314574572131344e-33,Human-associated,0.0,1.0,0,30,30
s__Veillonella_A_sp000431435--RS_GCF_023051165.1,Veillonella_A_sp000431435,30,0.0200593830882785,0.4928419004986737,-0.1345756787443055,0.0049307706379403,Human-associated,0.0,0.9666666666666667,0,29,30
s__Porphyromonas_gingivalis--RS_GCF_000010505.1,Porphyromonas_gingivalis,30,0.0443685587402695,0.8325165603493474,-0.0428686010978921,0.372428846105391,Mixed/Other,0.0,0.03333333333333333,0,1,30
s__Acinetobacter_variabilis--RS_GCF_000369625.1,Acinetobacter_variabilis,29,0.1936432064618199,0.8377960713946198,0.0838163085079212,0.0916776628288295,Human-associated,0.06896551724137931,0.7241379310344828,2,21,29
s__Bog-38_sp003162175--GB_GCA_003162175.1,Bog-38_sp003162175,29,0.478173218726268,0.6537195786767558,-0.1879637041624242,0.0001391374884145,Environmental,1.0,0.0,29,0,29
s__Streptomyces_olivaceus--RS_GCF_000721235.1,Streptomyces_olivaceus,29,,0.928064340473856,,,Environmental,0.5172413793103449,0.0,15,0,29
s__Collinsella_sp002391315--RS_GCF_009696325.1,Collinsella_sp002391315,29,0.0213366530789074,0.2638483145733017,-0.1005520154389699,0.0428719964038039,Human-associated,0.0,1.0,0,29,29
s__Enterococcus_D_gallinarum--RS_GCF_001544275.1,Enterococcus_D_gallinarum,29,0.0801782802497073,0.2678546204193921,0.055329020427226,0.2660247603689059,Mixed/Other,0.0,0.3793103448275862,0,11,29
s__Phascolarctobacterium_faecium--RS_GCF_003269275.1,Phascolarctobacterium_faecium,29,0.8651474329083466,0.8660286603090278,0.4767813679232641,1.961001924022498e-24,Mixed/Other,0.0,0.3448275862068966,0,10,29
s__Citrobacter_A_amalonaticus--RS_GCF_018323885.1,Citrobacter_A_amalonaticus,29,0.4747523115808635,0.7728317737183772,0.4272609677592565,1.9057968130016972e-19,Mixed/Other,0.0,0.3448275862068966,0,10,29
s__Campylobacter_fetus--RS_GCF_900475935.1,Campylobacter_fetus,28,,0.5894194012730388,,,Mixed/Other,0.0,0.25,0,7,28
s__Pseudomonas_E_paracarnis--RS_GCF_904063055.1,Pseudomonas_E_paracarnis,28,0.353283790395009,0.6693960350927042,0.3652329202566439,2.2630486823694043e-13,Mixed/Other,0.0,0.14285714285714285,0,4,28
s__Prevotella_sp002409785--GB_GCA_002409785.1,Prevotella_sp002409785,28,0.2337807840463557,0.5392286282275021,0.0124483388822965,0.809375965950253,Mixed/Other,0.0,0.0,0,0,28
s__RAAP-2_sp003138815--GB_GCA_003138815.1,RAAP-2_sp003138815,28,-0.0093711031592443,0.7503726417774997,0.126672569652616,0.013717580442276,Environmental,1.0,0.0,28,0,28
s__Prevotella_sp003447235--GB_GCA_003447235.1,Prevotella_sp003447235,27,-0.1688623710315454,0.4603508145908069,-0.1631244821364108,0.0021709208777011,Human-associated,0.0,1.0,0,27,27
s__Fen-455_sp003140595--GB_GCA_003140595.1,Fen-455_sp003140595,27,0.2649895998223309,0.8202597944617118,-0.1042168187128629,0.0510746580294177,Environmental,1.0,0.0,27,0,27
s__Campylobacter_A_concisus_C--RS_GCF_003048615.2,Campylobacter_A_concisus_C,27,0.3306265894660504,0.9258724550842288,0.5603269200825257,2.0960300162878784e-30,Mixed/Other,0.0,0.14814814814814814,0,4,27
s__Thiodiazotropha_sp003676145--GB_GCA_003676145.1,Thiodiazotropha_sp003676145,27,-0.1391934888796632,0.2188432484250554,-0.1527741223010806,0.0041193890502939,Mixed/Other,0.0,0.14814814814814814,0,4,27
s__Prevotella_sp002265625--RS_GCF_002265625.1,Prevotella_sp002265625,27,0.2158848962529214,0.1925896398970879,0.1844718090723953,0.0005135115471744,Human-associated,0.0,1.0,0,27,27
s__RAAP-2_sp003155915--GB_GCA_003155915.1,RAAP-2_sp003155915,27,-0.133329000971566,0.8174423899553567,-0.0443773726743298,0.4071878807178536,Environmental,1.0,0.0,27,0,27
s__Microcystis_panniformis_A--GB_GCA_001264245.1,Microcystis_panniformis_A,27,0.7810563554717262,0.9863792400875656,0.740174326931792,4.0301643190091565e-62,Environmental,1.0,0.0,27,0,27
s__Pseudomonas_E_juntendi--RS_GCF_009932375.1,Pseudomonas_E_juntendi,26,,0.4820655800703148,,,Mixed/Other,0.07692307692307693,0.5,2,13,26
s__Pectobacterium_carotovorum--RS_GCF_900129615.1,Pectobacterium_carotovorum,26,0.5476643921661553,0.8873560491039436,-0.2019938711606264,0.0002470314281566,Mixed/Other,0.23076923076923078,0.0,6,0,26
s__Prochlorococcus_A_pastoris--RS_GCF_000011465.1,Prochlorococcus_A_pastoris,26,,0.1972813528469013,,,Environmental,1.0,0.0,26,0,26
s__Prevotella_stercorea--RS_GCF_000235885.1,Prevotella_stercorea,26,0.1643824111768665,0.5759008895444957,0.1659376162324574,0.0026928245847039,Human-associated,0.0,0.9615384615384616,0,25,26
s__Dialister_sp000434475--GB_GCA_000434475.1,Dialister_sp000434475,25,4.621131775487189e-05,0.4041638381977492,-0.1676018524936644,0.0035975299939272,Human-associated,0.0,0.96,0,24,25
s__Mammaliicoccus_lentus--RS_GCF_002902755.1,Mammaliicoccus_lentus,25,0.4682395370420383,0.9015921776842756,-0.0369251174685388,0.5240537519109175,Mixed/Other,0.0,0.0,0,0,25
s__Acetatifactor_intestinalis--RS_GCF_009695995.1,Acetatifactor_intestinalis,25,0.0252162847876508,0.5583765801007637,-0.2497515575628212,1.2014233786376856e-05,Human-associated,0.0,1.0,0,25,25
s__Cutibacterium_avidum--RS_GCF_000227295.1,Cutibacterium_avidum,25,0.1027378723452957,0.9424094077440144,0.1655737911802134,0.004031010878135,Mixed/Other,0.0,0.44,0,11,25
s__Roseburia_inulinivorans--RS_GCF_000174195.1,Roseburia_inulinivorans,25,0.5029738250994645,0.2695695270657893,0.447970425715371,3.2599745206607324e-16,Human-associated,0.0,1.0,0,25,25
s__Sutterella_wadsworthensis--RS_GCF_003315195.1,Sutterella_wadsworthensis,25,0.5454090608873127,0.114339757438355,0.5388721811280291,5.395974260190138e-24,Human-associated,0.0,1.0,0,25,25
s__Clostridium_H_botulinum_A--RS_GCF_017100085.1,Clostridium_H_botulinum_A,25,,0.7203699599736878,,,Mixed/Other,0.04,0.48,1,12,25
s__Clostridium_cagae--RS_GCF_900290265.1,Clostridium_cagae,25,0.2455057124961956,0.7528800767183683,0.1289984001192639,0.0254611337901128,Mixed/Other,0.24,0.12,6,3,25
s__Porphyromonas_pasteri--RS_GCF_014647755.1,Porphyromonas_pasteri,25,0.3660363814191268,0.0893284003272722,0.3564329824816158,2.0458744119880914e-10,Human-associated,0.0,1.0,0,25,25
s__Vescimonas_sp000435555--GB_GCA_000435555.1,Vescimonas_sp000435555,24,-0.0317432754101991,0.4546720801201548,-0.1379325053366953,0.0219014124671464,Human-associated,0.0,0.875,0,21,24
s__Prevotella_sp015074785--RS_GCF_015074785.1,Prevotella_sp015074785,24,0.0933046032860893,0.5993234866090029,-0.0246527535078824,0.683445840021908,Human-associated,0.041666666666666664,0.9166666666666666,1,22,24
s__Prevotella_hominis--RS_GCF_004535825.1,Prevotella_hominis,24,0.2780017368183241,0.671884554719717,0.1470537373703997,0.0144747544546251,Human-associated,0.0,1.0,0,24,24
s__Rhabdaerophilum_sp020253445--GB_GCA_020253445.1,Rhabdaerophilum_sp020253445,24,0.290905322890484,0.3726946123481782,-0.140394039396977,0.0196280098541777,Environmental,0.9583333333333334,0.0,23,0,24
s__Bog-375_sp003142185--GB_GCA_003142185.1,Bog-375_sp003142185,24,0.3537994516578767,0.8023860449676333,-0.4971238632585714,1.235961717420909e-18,Environmental,1.0,0.0,24,0,24
s__Microcystis_aeruginosa_C--RS_GCF_000981785.2,Microcystis_aeruginosa_C,23,0.5328485117393403,0.9846591082141384,0.0511257601062988,0.4181081863259787,Environmental,0.8260869565217391,0.0,19,0,23
s__Bog-209_sp003162935--GB_GCA_003162935.1,Bog-209_sp003162935,23,-0.0591994860467003,0.632458182724763,-0.0785201247310223,0.2132505412808275,Environmental,1.0,0.0,23,0,23
s__Mesorhizobium_sp004791025--RS_GCF_004791025.1,Mesorhizobium_sp004791025,23,-0.2641956273982104,0.6186135588247378,-0.2794632234788343,6.380511442003947e-06,Environmental,1.0,0.0,23,0,23
s__Alteromonas_macleodii--RS_GCF_000172635.2,Alteromonas_macleodii,23,,0.2393688651156403,,,Environmental,0.6521739130434783,0.0,15,0,23
s__Akkermansia_muciniphila_B--RS_GCF_018847375.1,Akkermansia_muciniphila_B,23,-0.1285314042468267,0.2011686515913915,-0.1943862006005235,0.0018946099590596,Human-associated,0.0,0.5217391304347826,0,12,23
s__Sulfurovum_sp020525365--GB_GCA_020525365.1,Sulfurovum_sp020525365,23,,0.1371282406394306,,,Environmental,1.0,0.0,23,0,23
s__CAG-177_sp003538135--GB_GCA_003538135.1,CAG-177_sp003538135,23,0.6086213424650592,0.3281126894751687,0.5668917190302845,6.529343177019196e-23,Human-associated,0.0,0.8695652173913043,0,20,23
s__UBA10364_sp003045825--GB_GCA_003045825.1,UBA10364_sp003045825,23,,0.5322468677329264,,,Mixed/Other,0.43478260869565216,0.0,10,0,23
s__Sulfitobacter_geojensis--RS_GCF_000622325.1,Sulfitobacter_geojensis,23,,0.9997525227912978,,,Mixed/Other,0.0,0.0,0,0,23
s__Pseudoalteromonas_distincta--RS_GCF_000814675.1,Pseudoalteromonas_distincta,23,,0.5520184042082016,,,Environmental,0.9565217391304348,0.0,22,0,23
s__Agathobacter_faecis--RS_GCF_001406815.1,Agathobacter_faecis,22,0.2327535726540651,0.6817041701787211,0.0055384340908566,0.9332783309155976,Human-associated,0.0,0.9090909090909091,0,20,22
s__Shewanella_xiamenensis--RS_GCF_014647135.1,Shewanella_xiamenensis,22,0.5322982687055641,0.8511683586567802,0.2314160102772867,0.000390532407379,Mixed/Other,0.36363636363636365,0.0,8,0,22
s__Mesorhizobium_sp004791585--RS_GCF_004791585.1,Mesorhizobium_sp004791585,22,0.6982713647138045,0.9444631457519412,0.0941221177431884,0.1538858203322475,Environmental,1.0,0.0,22,0,22
s__Mesorhizobium_sp004020645--GB_GCA_004020645.1,Mesorhizobium_sp004020645,22,0.1847747671119538,0.8497046166738866,0.3296825560068931,2.934019454916668e-07,Environmental,1.0,0.0,22,0,22
s__Parabacteroides_goldsteinii--RS_GCF_000969835.1,Parabacteroides_goldsteinii,22,0.2738246970942576,0.8759480339239505,0.4838713159549976,5.841581149667646e-15,Mixed/Other,0.0,0.4090909090909091,0,9,22
s__ER4_sp000765235--RS_GCF_000765235.1,ER4_sp000765235,22,-0.0705492261419018,0.41929427696635,-0.02914712647888,0.6594385557394676,Human-associated,0.0,1.0,0,22,22
s__Faecalibacterium_prausnitzii_D--RS_GCF_023347255.1,Faecalibacterium_prausnitzii_D,22,0.1544330965902279,0.2629669746269482,0.1581229864059672,0.0161558275607801,Human-associated,0.0,0.6363636363636364,0,14,22
s__Blastomonas_delafieldii_A--GB_GCA_001555775.1,Blastomonas_delafieldii_A,22,,0.841488092908515,,,Mixed/Other,0.045454545454545456,0.0,1,0,22
s__Prevotella_intermedia--RS_GCF_001953955.1,Prevotella_intermedia,22,0.0697556580710536,0.9158679931128768,-0.0237012791780439,0.72010052721027,Mixed/Other,0.045454545454545456,0.045454545454545456,1,1,22
s__ER4_sp900317525--RS_GCF_018918025.1,ER4_sp900317525,22,0.2196007727295694,0.3773919700969099,0.0853219054922637,0.1963213455039094,Human-associated,0.0,1.0,0,22,22
s__Fusobacterium_C_necrophorum--RS_GCF_004006635.1,Fusobacterium_C_necrophorum,22,0.6535447492737022,0.9216753407401772,-0.2526838741043676,0.0001032495037366,Human-associated,0.0,1.0,0,22,22
s__Mycobacterium_kansasii--RS_GCF_000157895.3,Mycobacterium_kansasii,22,0.497145901496507,0.7729752052779392,0.4166049353315919,4.1115442345201315e-11,Human-associated,0.0,0.7727272727272727,0,17,22
s__Rhodobacter_F_sp020250445--GB_GCA_020250445.1,Rhodobacter_F_sp020250445,21,0.2964690155386927,0.7109618309824913,0.0700575239278935,0.3122977601446255,Environmental,0.9523809523809523,0.0,20,0,21
s__Prochlorococcus_A_sp001989455--RS_GCF_001989455.1,Prochlorococcus_A_sp001989455,21,,0.5712352020720941,,,Environmental,0.9047619047619048,0.0,19,0,21
s__Burkholderia_sp002223185--RS_GCF_016899425.1,Burkholderia_sp002223185,21,0.5070575923432719,0.8648701589359331,0.2873963836121208,2.3422755201327428e-05,Environmental,0.6190476190476191,0.09523809523809523,13,2,21
s__Acetatifactor_sp900066565--GB_GCA_003584705.1,Acetatifactor_sp900066565,21,0.1572551524020599,0.5389145207626546,0.0098122344920587,0.8875954457534856,Human-associated,0.0,0.9523809523809523,0,20,21
s__Ruminococcus_E_sp003526955--RS_GCF_023921805.1,Ruminococcus_E_sp003526955,21,0.0172207515962139,0.5294978954605305,-0.0962356995503562,0.1646835035655848,Human-associated,0.0,0.8571428571428571,0,18,21
s__Faecalibacterium_duncaniae--RS_GCF_010509575.1,Faecalibacterium_duncaniae,21,0.2374974970808234,0.1485076913506718,0.2460327831429011,0.0003187539776602,Human-associated,0.0,0.8095238095238095,0,17,21
s__Thiopontia_sp013349825--GB_GCA_013349825.1,Thiopontia_sp013349825,21,0.6326633141531203,0.7855144156934951,0.4861295799171267,7.44490879543347e-14,Environmental,0.7619047619047619,0.0,16,0,21
s__Mesorhizobium_sp004791165--RS_GCF_004791165.1,Mesorhizobium_sp004791165,21,-0.0181615408547957,0.6754612380015423,0.0586760524959052,0.3975802376763644,Environmental,1.0,0.0,21,0,21
s__UBA3442_sp002378565--GB_GCA_002378565.1,UBA3442_sp002378565,21,,0.7786577156297195,,,Environmental,1.0,0.0,21,0,21
s__Prevotella_sp900290275--RS_GCF_900290275.1,Prevotella_sp900290275,20,-0.045518525549891,0.6899355911372099,-0.1891700164338385,0.0089497814583324,Human-associated,0.0,1.0,0,20,20
s__Mesorhizobium_sp004022705--RS_GCF_004022705.2,Mesorhizobium_sp004022705,20,-0.1490985903221657,0.5622837115484043,-0.2361760515568099,0.0010361829953685,Environmental,1.0,0.0,20,0,20
s__Veillonella_atypica--RS_GCF_002959915.1,Veillonella_atypica,20,0.0957460438638183,-0.4844289458214884,0.4175192370078812,2.058589624918988e-09,Human-associated,0.0,0.9,0,18,20
s__Fen-455_sp003139355--GB_GCA_003139355.1,Fen-455_sp003139355,20,0.0810509328827618,0.734473638287917,-0.0067081119144089,0.9268126074668224,Environmental,1.0,0.0,20,0,20
s__Burkholderia_arboris--RS_GCF_902499125.1,Burkholderia_arboris,20,-0.0823646332769297,0.2497611359485368,-0.1402919001795986,0.0535340104713109,Environmental,0.85,0.15,17,3,20
s__Planktothrix_agardhii--GB_GCA_003609755.1,Planktothrix_agardhii,20,0.37982571195415,0.9317983475062024,0.5877619600173001,4.882005018061835e-19,Mixed/Other,0.1,0.0,2,0,20
s__Onthomorpha_sp004551865--GB_GCA_004551865.1,Onthomorpha_sp004551865,20,-0.0296317988434895,0.4127880005116405,-0.0892272994534639,0.2208614180073596,Human-associated,0.0,1.0,0,20,20
