ko_id,gene_name,subcategory,D,lambda,is_resistance,is_double_signal,n_ncbi_total,n_ncbi_plasmid,plasmid_frac
K00013,hisD,Metal-dependent Metabolism,0.1352460621479633,0.5095541270509686,False,False,,,
K00031,IDH1,Metal-dependent Metabolism,0.0510896545029152,0.5296855334874764,False,False,,,
K00108,betA,Metal-dependent Metabolism,-0.0191004785546491,0.4550318732753353,False,False,,,
K00169,porA,Unknown,0.0830984863532928,0.7268055802254435,False,False,,,
K00170,porB,Unknown,0.1261831348070435,0.4565314845926027,False,False,,,
K00174,korA,Unknown,-0.0382698057662768,0.6645560206705299,False,False,,,
K00177,korC,Unknown,-0.063410036427584,0.762471709271958,False,False,,,
K00209,fabV,Unknown,-0.1450494861185323,0.4588203314286469,False,False,,,
K00228,CPOX,Unknown,-0.1878816328747203,0.5962991667705864,False,False,,,
K00230,hemG,Unknown,0.1683514613167889,0.5020328495151931,False,False,,,
K00244,frdA,Metal-dependent Metabolism,-0.0392046141799765,0.0001059596688143,False,False,,,
K00246,frdC,Metal-dependent Metabolism,-0.0597686860032829,0.0358300727112952,False,False,,,
K00247,frdD,Metal-dependent Metabolism,-0.0840995710354259,0.0471144222276938,False,False,,,
K00390,cysH,Unknown,0.0414844601058818,0.6107505078965736,False,False,,,
K00425,cydA,Unknown,0.114030732900496,0.5496631729209888,False,False,,,
K00520,merA,Resistance/Detoxification,0.6462936544464741,0.527460399489741,True,False,302119.0,9935.0,0.0328843932357779
K00523,ascD,Unknown,-0.2464378552278534,0.6291594731859016,False,False,,,
K00537,arsC,Resistance/Detoxification,-0.0357573340702886,0.3820554324895516,True,False,2196004.0,8325.0,0.0037909767013174
K00595,cobL-cbiET,Transport/Homeostasis,0.0365440691436304,0.6993335846366033,False,False,,,
K00613,GATM,Unknown,0.1823688661164797,0.0606252925935263,False,False,,,
K00643,E2.3.1.37,Unknown,-0.2284947930109764,0.6135570023051748,False,False,,,
K00768,E2.4.2.21,Transport/Homeostasis,0.0602546733590096,0.6487989252248134,False,False,,,
K00817,hisC,Unknown,0.1025675724014917,0.5084372907344797,False,False,,,
K00826,E2.6.1.42,Unknown,0.1584076846597955,0.5026910991267858,False,False,,,
K00833,bioA,Unknown,0.0466875399835877,0.515357374392125,False,False,,,
K00955,cysNC,Unknown,0.0078024303218336,0.764871155530549,False,False,,,
K00957,cysD,Unknown,0.0391155474904705,0.6481160939550455,False,False,,,
K01002,mdoB,Unknown,0.0236712040919034,0.1971437220468155,False,False,,,
K01012,bioB,Transport/Homeostasis,0.1182992721460494,0.6006582723530994,False,False,,,
K01195,uidA,Unknown,0.4617865083728238,0.7280495861176425,False,False,,,
K01262,pepP,Unknown,0.0505771753563197,0.5605873258642452,False,False,,,
K01414,prlC,Unknown,-0.2354036300497596,0.3831641000797611,False,False,,,
K01531,mgtA,Unknown,0.3250565357456146,0.5954916149358696,False,False,,,
K01551,arsA,Resistance/Detoxification,0.1260919345619269,0.7322121892903733,True,False,415780.0,5168.0,0.0124296502958295
K01584,adiA,Unknown,-0.1094136865235186,0.578172300635994,False,False,,,
K01595,ppc,Unknown,-0.014806449678258,0.4290798901130557,False,False,,,
K01599,hemE,Transport/Homeostasis,-0.0905509927171586,0.5417213177217107,False,False,,,
K01626,E2.5.1.54,Unknown,-0.1051002038461569,0.6225834503004058,False,False,,,
K01676,E4.2.1.2A,Unknown,-0.0938783757736172,0.5160915236775082,False,False,,,
K01679,E4.2.1.2B,Unknown,0.0484543024581278,0.4796325392468514,False,False,,,
K01682,acnB,Unknown,-0.1611405290686237,0.4555599738918597,False,False,,,
K01698,hemB,Unknown,0.0010493883950844,0.5764933727793681,False,False,,,
K01749,hemC,Unknown,-0.0106500850015508,0.5588158919152437,False,False,,,
K01772,hemH,Cofactor Biosynthesis,-0.090537565193059,0.5635569878556455,False,False,,,
K01799,nicE,Resistance/Detoxification,0.1389728405580302,0.5183890662101167,True,False,29.0,2.0,0.0689655172413793
K01847,MUT,Unknown,-0.0700231071476622,0.6655544590504849,False,False,,,
K01906,bioW,Unknown,-0.0401212053195668,0.7066682857610382,False,False,,,
K01935,bioD,Transport/Homeostasis,0.0477095796790205,0.4446475055987757,False,False,,,
K01958,PC,Unknown,-0.0623668642147068,0.6122256910029336,False,False,,,
K01965,PCCA,Unknown,-0.2435142730852628,0.4896278032969662,False,False,,,
K01966,PCCB,Unknown,-0.1169711688636345,0.5602982187550132,False,False,,,
K02007,cbiM,Transport/Homeostasis,0.1356961266593232,0.5554474595698389,False,False,,,
K02009,cbiN,Transport/Homeostasis,0.1346563585352567,0.5686107849885613,False,False,,,
K02011,afuB,Transport/Homeostasis,0.1532905681913242,0.5657026536229095,False,False,,,
K02012,afuA,Transport/Homeostasis,0.127205698708349,0.5256319286864727,False,False,,,
K02019,modE,Sensing/Regulation,0.0934558041752092,0.579854996849726,False,False,,,
K02047,cysW,Transport/Homeostasis,0.0170521477449609,0.5980455987664228,False,False,,,
K02069,STAR2,Transport/Homeostasis,0.1871705821122812,0.5138841377981769,False,False,,,
K02167,betI,Sensing/Regulation,-0.0086232062711229,0.6270702479749174,False,False,,,
K02188,cbiD,Transport/Homeostasis,0.0958596231386418,0.5551410521164164,False,False,,,
K02190,cbiK,Transport/Homeostasis,-0.0050887234828443,0.7861808686665489,False,False,,,
K02225,cobC1,Cofactor Biosynthesis,-0.1069285184768186,0.8286025046403807,False,False,,,
K02227,cbiB,Unknown,0.0514449185250684,0.6436239563046068,False,False,,,
K02228,cobF,Unknown,-0.1091419206561759,0.2068035185815908,False,False,,,
K02229,cobG,Unknown,-0.1142416813506899,0.4167839962998901,False,False,,,
K02230,cobN,Transport/Homeostasis,0.0291859491421705,0.8493536953288198,False,False,,,
K02231,cobP,Unknown,0.0754666597349976,0.6106325574238565,False,False,,,
K02233,E2.7.8.26,Unknown,0.0952710271917755,0.6003136096916278,False,False,,,
K02297,cyoA,Unknown,-0.1232165590918854,0.5940048008199803,False,False,,,
K02298,cyoB,Unknown,-0.1437026735504038,0.4111357753868623,False,False,,,
K02302,cysG,Metal-dependent Metabolism,-0.1588426607599326,0.7188914534758568,False,False,,,
K02492,hemA,Unknown,-0.0621135090483814,0.4836830514704422,False,False,,,
K02493,hemK,Unknown,0.254865014981985,0.502302122956015,False,False,,,
K02496,hemX,Unknown,-0.2449516472434161,0.4796966266193899,False,False,,,
K02626,pdaD,Unknown,-0.0918743792029899,0.6248466095395938,False,False,,,
K02826,qoxA,Unknown,-0.3714484970954664,0.9849380104101708,False,False,,,
K02827,qoxB,Unknown,-0.3973799084792742,0.941150246826185,False,False,,,
K03101,lspA,Unknown,0.4494784129549179,0.510750767913368,False,False,,,
K03197,virB2,Unknown,0.237694565382412,0.3127005518449267,False,False,,,
K03199,virB4,Unknown,0.2631094409759143,0.3604752602336547,False,False,,,
K03297,emrE,Resistance/Detoxification,0.1593936643486114,0.5161859521140738,True,False,344075.0,460.0,0.001336917823149
K03306,TC.PIT,Unknown,0.0490020145995619,0.4235369537018262,False,False,,,
K03325,ACR3,Resistance/Detoxification,0.339733727498808,0.5419485256329538,True,False,67357.0,26.0,0.0003860029395608
K03446,emrB,Resistance/Detoxification,0.0224186110024233,0.6930795793230609,True,False,1337450.0,97.0,7.25260757411492e-05
K03453,TC.BASS,Unknown,0.19184735861278,0.4859029121321077,False,False,,,
K03501,gidB,Unknown,0.3238810299171052,0.4578819616867641,False,False,,,
K03523,bioY,Transport/Homeostasis,-0.0383914921879719,0.3913104502221118,False,False,,,
K03543,emrA,Resistance/Detoxification,0.0214388722777696,0.5255323907886912,True,False,1296082.0,80.0,6.172448965420398e-05
K03568,tldD,Unknown,-0.094979562149143,0.6505415134519655,False,False,,,
K03577,acrR,Sensing/Regulation,-0.2249504040732616,0.644982214252815,False,False,,,
K03611,dsbB,Unknown,-0.1826557879857757,0.5870980844942508,False,False,,,
K03635,MOCS2B,Cofactor Biosynthesis,-0.0197190761501119,0.5305892439358237,False,False,,,
K03637,moaC,Unknown,0.1012992551604774,0.4416726524138724,False,False,,,
K03655,recG,Unknown,0.1905163047104019,0.5033356760951497,False,False,,,
K03673,dsbA,Unknown,-0.1640021129964883,0.6413594922712997,False,False,,,
K03701,uvrA,Unknown,0.2155706638618574,0.5469154747276513,False,False,,,
K03712,marR,Resistance/Detoxification,-0.1148435016553082,0.1401017028549039,True,False,1272919.0,135.0,0.0001060554520751
K03737,por,Unknown,-0.0272547111754948,0.5284138531898231,False,False,,,
K03741,arsC,Resistance/Detoxification,0.3305092861920083,0.5678439827444475,True,False,2196004.0,8325.0,0.0037909767013174
K03760,eptA,Unknown,0.0198441675352147,0.2391202276283753,False,False,,,
K03781,katE,Unknown,0.1558706872316831,0.5106238795839142,False,False,,,
K03802,cphA,Unknown,0.017261926146982,0.3854170734373203,False,False,,,
K03814,mtgA,Unknown,-0.1165742504414166,0.5478824364692876,False,False,,,
K03820,lnt,Unknown,-0.098207275820099,0.4149389906610167,False,False,,,
K03837,sdaC,Unknown,-0.2498005341324427,0.0001059596688143,False,False,,,
K03893,arsB,Resistance/Detoxification,0.0760177795403512,0.6387928613856244,True,False,1323478.0,6228.0,0.0047057827935182
K03894,iucA,Unknown,0.1403507258590062,0.8425275084676371,False,False,,,
K03895,iucC,Transport/Homeostasis,0.2053873726125384,0.7231830134027047,False,False,,,
K03897,iucD,Unknown,0.3540835172019286,0.2369457486129448,False,True,266957.0,4786.0,0.0179279809107833
K03937,NDUFS4,Metal-dependent Metabolism,-0.3240677377173403,0.4706177357639979,False,False,,,
K03939,NDUFS6,Metal-dependent Metabolism,-0.1195187220387837,0.6325860487116701,False,False,,,
K04047,dps,Unknown,0.1136787036819831,0.5415248631218398,False,False,,,
K04080,ibpA,Transport/Homeostasis,-0.23390969278032,0.617782294526991,False,False,,,
K04081,ibpB,Transport/Homeostasis,-0.5769400961749647,0.0001049014244908,False,False,,,
K04564,SOD2,Metal-dependent Metabolism,0.0498723995153049,0.6809726461698998,False,False,,,
K04773,sppA,Unknown,-0.0891786094407293,0.6694469638454599,False,False,,,
K04774,sohB,Unknown,-0.3192653849940358,0.5203696045802791,False,False,,,
K05368,fre,Unknown,-0.4391093476548626,0.9379865631585788,False,False,,,
K05539,dusA,Unknown,-0.2147861149229616,0.4839579362306489,False,False,,,
K05540,dusB,Unknown,0.1764667757661788,0.5416252547006304,False,False,,,
K05802,mscK,Transport/Homeostasis,-0.1556543329166348,0.4265257308913912,False,False,,,
K05804,rob,Sensing/Regulation,-0.5099104285556966,0.2774994624228533,False,False,,,
K05810,LACC1,Unknown,5.600140388799379e-05,0.4798021619240378,False,False,,,
K05836,hutC,Sensing/Regulation,-0.0955433358770761,0.5505290168106605,False,False,,,
K05908,doxDA,Metal-dependent Metabolism,0.2539129834282109,0.0001059596688143,False,True,11.0,0.0,0.0
K06042,cobH-cbiC,Transport/Homeostasis,0.0694989179717053,0.5698196134757932,False,False,,,
K06168,CDK5RAP1,Unknown,0.161492980769258,0.4580018283525746,False,False,,,
K06179,rluC,Unknown,-0.2507632011602556,0.5513667630776469,False,False,,,
K06201,cutC,Transport/Homeostasis,0.0440335326343589,0.4739694010470983,False,False,,,
K06941,rlmN,Unknown,0.1105750702330187,0.5646158162240252,False,False,,,
K07084,yuiF,Unknown,-0.1928660254895235,0.325509230247851,False,False,,,
K07165,fecR,Unknown,0.0632295464770616,0.672325251218534,False,False,,,
K07229,yqjH,Unknown,0.0082316150108333,0.4976408326750631,False,False,,,
K07233,pcoB,Resistance/Detoxification,0.0677723009629557,0.6870217318107015,True,False,196887.0,6032.0,0.0306368627689994
K07240,chrA,Resistance/Detoxification,0.1713873784304337,0.5772331476755415,True,False,501806.0,5724.0,0.0114067986433003
K07241,hoxN,Transport/Homeostasis,0.1305675338043004,0.3413308758187686,False,False,,,
K07243,FTR,Transport/Homeostasis,0.1526269210282279,0.3169310018580765,False,False,,,
K07263,pqqL,Transport/Homeostasis,-0.0956995304196555,0.6352343615662023,False,False,,,
K07277,SAM50,Unknown,-0.163088081171513,0.7049821893637634,False,False,,,
K07338,K07338,Unknown,-0.1172134466146622,0.8176384610681908,False,False,,,
K07552,bcr,Resistance/Detoxification,-0.0224124303550788,0.4517028265069407,True,False,464936.0,148.0,0.0003183233821429
K07643,basS,Sensing/Regulation,-0.5016958018923035,0.0001059596688143,False,False,,,
K07644,cusS,Sensing/Regulation,0.0083402600439183,0.5829791855461725,False,False,,,
K07665,cusR,Resistance/Detoxification,-0.0154155637693482,0.4088795708368367,True,False,623208.0,314.0,0.0005038446233039
K07690,evgA,Sensing/Regulation,-0.3150054676251039,0.0001059596688143,False,False,,,
K07722,nikR,Sensing/Regulation,0.1276861714113713,0.6470273544161742,False,False,,,
K07771,basR,Sensing/Regulation,-0.5270465821004886,0.0001059596688143,False,False,,,
K07785,nrsD,Resistance/Detoxification,0.8212616730726315,0.0888993673574643,True,True,16.0,2.0,0.125
K07787,cusA,Resistance/Detoxification,0.249871715033394,0.7903100387029138,True,False,479135.0,251.0,0.0005238607073163
K07789,mdtC,Resistance/Detoxification,-0.1089589979223298,0.5137463807829915,True,False,1249189.0,205.0,0.0001641064722792
K07796,cusC,Resistance/Detoxification,0.2581630650281558,0.8464795493793671,True,False,472427.0,214.0,0.0004529800371274
K07799,mdtA,Resistance/Detoxification,-0.1115353111295437,0.6541274386101386,True,False,1014740.0,85.0,8.376529948558251e-05
K07807,K07807,Unknown,0.4257515678313338,0.9363595865206678,False,False,,,
K08151,tetA,Resistance/Detoxification,0.0860237131200403,0.7165888679170402,True,False,70534.0,954.0,0.0135253920095273
K08154,emrD,Unknown,-0.3178850672683334,0.9616484743136844,False,False,,,
K08160,mdfA,Resistance/Detoxification,-0.3847327888942652,0.779887391946795,True,False,506314.0,33.0,6.517694553182413e-05
K08161,mdtG,Resistance/Detoxification,-0.1281418934523305,0.682988269770346,True,False,1204871.0,82.0,6.805707830962817e-05
K08167,smvA,Resistance/Detoxification,-0.0410637766983518,0.8297695984496107,True,False,563032.0,19.0,3.374586169169781e-05
K08170,norB,Resistance/Detoxification,0.2388247547189204,0.0332455178537299,True,True,186677.0,128.0,0.0006856763286318
K08225,entS,Transport/Homeostasis,0.0342700405135055,0.4171390725213793,False,False,,,
K08300,rne,Unknown,-0.0901595229394723,0.4637362423907866,False,False,,,
K08355,aoxA,Resistance/Detoxification,0.4234318815466451,0.8776552691142935,True,False,89.0,3.0,0.0337078651685393
K08356,aoxB,Resistance/Detoxification,0.562213100734908,0.0001059596688143,True,True,718.0,3.0,0.0041782729805013
K08641,vanX,Transport/Homeostasis,0.1742309135969895,0.7208072305262997,False,False,,,
K08721,oprJ,Resistance/Detoxification,0.0670769593809649,0.9998940403311856,True,False,53404.0,37.0,0.0006928319976031
K08928,pufL,Unknown,0.091377894116529,0.6748906153835573,False,False,,,
K08929,pufM,Unknown,0.0741789405242257,0.6785841731186145,False,False,,,
K08973,hemJ,Unknown,-0.1991767480036956,0.4237837341187188,False,False,,,
K09771,TC.SMR3,Resistance/Detoxification,0.1264053450991196,0.4911916577549345,True,False,4.0,0.0,0.0
K09823,zur,Transport/Homeostasis,-0.1969734738627017,0.599755631313719,False,False,,,
K09883,cobT,Transport/Homeostasis,-0.1190615744783561,0.846628805205085,False,False,,,
K10678,nfsA,Unknown,-0.5468376222528298,0.0001059596688143,False,False,,,
K11601,mntC,Transport/Homeostasis,-0.0082436561765201,0.0001059596688143,False,False,,,
K11602,mntB,Transport/Homeostasis,-0.047526032916395,0.0001059596688143,False,False,,,
K11604,sitA,Transport/Homeostasis,-0.0883338147416445,0.3168208363272951,False,False,,,
K11605,sitC,Transport/Homeostasis,-0.0707024151018375,0.1810812746006144,False,False,,,
K11606,sitD,Transport/Homeostasis,-0.0490804632976025,0.3064857252891996,False,False,,,
K11645,fbaB,Unknown,0.0113366617083376,0.5762058360624382,False,False,,,
K11707,troA,Transport/Homeostasis,0.0782004891620548,0.1427548455398582,False,False,,,
K11708,troC,Transport/Homeostasis,0.1027299173028072,0.1610462487044206,False,False,,,
K11709,troD,Transport/Homeostasis,0.1106187397447144,0.2209258229638139,False,False,,,
K11741,sugE,Resistance/Detoxification,0.186325589818198,0.4777012817507137,True,False,1204943.0,1595.0,0.0013237140678023
K11742,mdtI,Unknown,-0.2265518936294216,0.0001059596688143,False,False,,,
K11743,mdtJ,Unknown,-0.2504202565230123,0.0001059596688143,False,False,,,
K11811,arsH,Resistance/Detoxification,0.1379157977997354,0.4581856903980537,True,False,295200.0,6145.0,0.0208163956639566
K11923,cueR,Resistance/Detoxification,-0.294617326999611,0.6505933885761739,True,False,1322669.0,2017.0,0.0015249469065956
K11924,mntR,Sensing/Regulation,-0.075033957413261,0.6726313569613943,False,False,,,
K11942,icmF,Unknown,-0.1189518641704888,0.5917044514730645,False,False,,,
K12573,rnr,Unknown,-0.0647667849665867,0.5118585211899723,False,False,,,
K12942,abgT,Unknown,0.1369389255025538,0.6611558531884212,False,False,,,
K13283,fieF,Resistance/Detoxification,0.1478374422177544,0.5649536204293847,True,False,1346557.0,141.0,0.0001047114975452
K13541,cbiGH-cobJ,Transport/Homeostasis,-0.178803028443031,0.7042413376478089,False,False,,,
K13542,cobA-hemD,Unknown,-0.0646992626798763,0.5298167252944427,False,False,,,
K13638,zntR,Sensing/Regulation,-0.3684254382895105,0.9113917988122212,False,False,,,
K13639,soxR,Sensing/Regulation,0.015781496784741,0.6328918216548725,False,False,,,
K13787,idsA,Unknown,-0.2144552036306237,0.5908065501256329,False,False,,,
K13995,nicF,Unknown,0.3853739019949737,0.6068584701641939,False,False,,,
K14166,ycnJ,Transport/Homeostasis,-0.0542208514028334,0.7155824609279614,False,False,,,
K14393,actP,Unknown,-0.0049579016326975,0.752258341866959,False,False,,,
K14449,mch,Unknown,-0.2034261535562204,0.6999727394636975,False,False,,,
K14470,mct,Resistance/Detoxification,0.0544611658552588,0.3668441075881008,True,False,919.0,4.0,0.0043525571273122
K14588,cueO,Resistance/Detoxification,-0.2750601014573124,0.0001059596688143,True,False,1435843.0,95.0,6.616322258074177e-05
K14974,nicC,Transport/Homeostasis,0.2235582149347867,0.0001059596688143,False,True,1836.0,9.0,0.0049019607843137
K15234,ccl,Unknown,0.2053141533812007,0.9998940403311856,False,False,,,
K15357,nicD,Unknown,0.2219318170380237,0.5826855752952629,False,False,,,
K15549,mdtN,Resistance/Detoxification,0.102572649087899,0.4762804026475084,True,False,656526.0,117.0,0.0001782107639301
K15585,nikB,Transport/Homeostasis,0.2024132376423988,0.0001059596688143,False,True,833861.0,3662.0,0.0043916192267056
K15652,asbF,Unknown,0.0296622908908735,0.9900287216325326,False,False,,,
K15726,czcA,Resistance/Detoxification,0.0629903868592324,0.6546049730743905,True,False,15559.0,127.0,0.0081624783083745
K15974,emrR,Sensing/Regulation,-0.0202085724357872,0.4590398431716034,False,False,,,
K16088,TC.FEV.OM1,Unknown,0.0021936254587453,0.3231335620458502,False,False,,,
K16090,fiu,Transport/Homeostasis,-0.0750798516822969,0.5478342609502955,False,False,,,
K16322,pit,Unknown,-0.3706676693292622,0.8305050079964997,False,False,,,
K17222,soxA,Unknown,-0.0309761079283855,0.4184739114274513,False,False,,,
K17225,soxC,Metal-dependent Metabolism,0.0795023932182171,0.0333607563995614,False,False,,,
K17226,soxY,Sensing/Regulation,-0.0655117692942268,0.6246110815548812,False,False,,,
K17229,fccB,Metal-dependent Metabolism,0.0002637020448409,0.1739220940104036,False,False,,,
K17686,copA,Resistance/Detoxification,0.2720130105606624,0.5113467748694513,True,False,1536291.0,616.0,0.0004009657024613
K18028,nicX,Unknown,0.1983247514637027,0.4326761690370201,False,False,,,
K18030,nicB,Metal-dependent Metabolism,0.1550559954592135,0.0001044725606823,False,False,,,
K18145,adeA,Resistance/Detoxification,0.2811968044745545,0.7242339125871968,True,False,54251.0,4.0,7.373135979060294e-05
K18146,adeB,Resistance/Detoxification,0.2449384539045696,0.9998940403311856,True,False,55128.0,14.0,0.0002539544333188
K18299,mexF,Resistance/Detoxification,-0.2591550125706336,0.4917056643781625,True,False,53715.0,12.0,0.0002234012845573
K18303,mexK,Resistance/Detoxification,-0.1360590745255005,0.7666319808804644,True,False,53378.0,7.0,0.0001311401701075
K18307,mexI,Resistance/Detoxification,-0.0646140616033749,0.9211421877068048,True,False,56719.0,11.0,0.0001939385391138
K18324,acrD,Resistance/Detoxification,-0.4667761002929723,0.1340633223130827,True,False,1259287.0,70.0,5.558701074496918e-05
K18367,CoADR,Sensing/Regulation,0.1830027672230872,0.7128730592412164,False,False,,,
K18707,,Unknown,-0.1434748177510133,0.5611484054395307,False,False,,,
K18844,aph,Transport/Homeostasis,0.2229179678022562,0.3519043979322498,False,False,,,
K18902,bpeF,Resistance/Detoxification,-0.1358921127088616,0.7791661089051799,True,False,671.0,1.0,0.0014903129657228
K18903,oprC,Resistance/Detoxification,-0.1270858331746445,0.4066748384720279,True,False,2163.0,3.0,0.001386962552011
K18908,mepA,Resistance/Detoxification,0.0516268784620033,0.0001044336939894,True,False,1513702.0,119.0,7.86152095987189e-05
K18925,ykkD,Resistance/Detoxification,-0.2800771871913264,0.7643067411161605,True,False,12060.0,0.0,0.0
K18989,vexF,Resistance/Detoxification,-0.0597118612284155,0.4865882490330308,True,False,12569.0,3.0,0.0002386824727504
K18990,vexE,Resistance/Detoxification,-0.1200709728104688,0.3875024274777491,True,False,26147.0,3.0,0.0001147359161662
K19057,merD,Resistance/Detoxification,0.7011488787956072,0.1653921090790372,True,True,215624.0,9214.0,0.0427317923793269
K19059,merE,Transport/Homeostasis,0.7276838362930834,0.1024970858452611,False,True,202675.0,8611.0,0.0424867398544467
K19221,cobA,Unknown,0.0396066614715421,0.6874622392539917,False,False,,,
K19353,eptC,Unknown,-0.0593201845016033,0.3218643200012734,False,False,,,
K19575,bmrR,Sensing/Regulation,0.2073623204422558,0.3128244738874182,False,False,,,
K19578,bmr,Resistance/Detoxification,-0.3403491055725927,0.0001059596688143,True,False,4192.0,1.0,0.0002385496183206
K19592,golS,Sensing/Regulation,0.2645941390066298,0.1348458699567263,False,True,520363.0,9.0,1.729561863545256e-05
K19594,gesB,Resistance/Detoxification,0.5965383911186886,0.1559578884302989,True,True,1.0,0.0,0.0
K19595,gesA,Resistance/Detoxification,0.4577217595751774,0.1610584292276534,True,True,1.0,0.0,0.0
K19777,hdeA,Transport/Homeostasis,-0.1075923271349068,0.1681924912677725,False,False,,,
K19778,hdeB,Transport/Homeostasis,-0.0167934968959433,0.9998940403311856,False,False,,,
K19784,chrR,Resistance/Detoxification,0.1823005471765238,0.2778590353694758,True,False,69894.0,37.0,0.0005293730506195
K19976,mntB,Transport/Homeostasis,-0.1036157729587071,0.3065316853443602,False,False,,,
K20265,gadC,Unknown,0.2051382896082324,0.4402921076089387,False,False,,,
K20420,ncsB3,Unknown,-0.2875244981953273,0.3267175341111284,False,False,,,
K21479,cbiH60,Transport/Homeostasis,-0.1539442808600602,0.9702512546347516,False,False,,,
K21572,susD,Unknown,-0.2862023888774807,0.83014158186063,False,False,,,
K21600,csoR,Sensing/Regulation,0.0231580096390583,0.5781311820518632,False,False,,,
K21886,nmtR,Sensing/Regulation,-0.0274074140952015,0.0001059596688143,False,False,,,
K22041,comR,Sensing/Regulation,0.1031203286621385,0.8869294497528942,False,False,,,
K22225,ahbAB,Cofactor Biosynthesis,0.032203834830974,0.2610686054383207,False,False,,,
K22226,ahbC,Unknown,-0.1247803919156819,0.0688772295275386,False,False,,,
K22227,ahbD,Transport/Homeostasis,0.035336752821542,0.0774549957525301,False,False,,,
K22316,rhnA-cobC,Transport/Homeostasis,-0.2939888662158723,0.0001059596688143,False,False,,,
K22552,mmcO,Metal-dependent Metabolism,0.2836041002775478,0.5742650549409458,False,False,,,
K22622,soxD,Unknown,0.0760180555989072,0.0540477939894221,False,False,,,
K23240,rcnR,Sensing/Regulation,0.0452162829382457,0.5111728068075281,False,False,,,
K23242,mntP,Resistance/Detoxification,0.0362197015193176,0.4822164272725218,True,False,1355633.0,153.0,0.0001128624045003
K23243,rcnB,Transport/Homeostasis,-0.1343424037313657,0.0715832608422556,False,False,,,
K23374,sbnF,Unknown,0.0961761033932368,0.0001059596688143,False,False,,,
K23375,sbnC,Transport/Homeostasis,0.1304260912115131,0.9764671262169426,False,False,,,
K24073,cnrH,Resistance/Detoxification,-0.1328141749642716,0.6795430379388929,True,False,1085.0,18.0,0.016589861751152
K24078,cnrR,Resistance/Detoxification,-0.0887315107668025,0.8980248062522506,True,False,64.0,0.0,0.0
K24108,asbA,Unknown,0.0747590598083765,0.8108700707207983,False,False,,,
K24109,asbB,Unknown,0.0655548800848585,0.7659843433190264,False,False,,,
K24112,asbE,Transport/Homeostasis,0.0472202079260357,0.8140538059336071,False,False,,,
K25119,shp,Transport/Homeostasis,0.3853935161179785,0.0001055442208782,False,True,3710.0,2.0,0.0005390835579514
K25287,desE,Transport/Homeostasis,-0.2178191844843847,0.4857973225457566,False,False,,,
K27501,alcA,Resistance/Detoxification,0.0098410756300328,0.7757741468914529,True,False,3785.0,5.0,0.0013210039630118
K27802,acnA,Unknown,-0.0740678976663174,0.5113511657078315,False,False,,,
